"Gene_Symbols","p_val","acrophase_AD","acrophase_CTL","amplitude_AD","amplitude_CTL","BHQ","Bonf","Log_AD_CTL_ampRatio"
"RERE-AS1",0.723624223874435,"4.53000571469024","4.35879762662309","1.09566980967789","1.11675418128813",0.999541227558619,1,-0.0190605508075295
"CORT",0.00243099125958377,"4.16161093648138","3.92302086742268","3.37916150034991","6.51770317672626",0.0760552979784065,1,-0.656894438468201
"MASP2",0.956256612044606,"4.65737102463388","4.61048335767832","0.551663859845721","0.582682474521842",0.999541227558619,1,-0.0547034861284246
"KAZN-AS1",0.920197298816489,"4.65466722461592","4.58575641133025","27.0739690651965","26.6853366790532",0.999541227558619,1,0.0144584886642856
"RHD",0.31942459822153,"5.10273534201574","4.58325912916242","2.45156146866995","1.76551530014988",0.999541227558619,1,0.328282553162577
"GPR3",0.474469806698548,"4.30980364788912","4.07635518750613","1.04198175054626","0.91071917380165",0.999541227558619,1,0.134645120020266
"DCDC2B",0.713515397768268,"4.84806020731325","4.81629897381931","1.61290789064059","1.3930762712026",0.999541227558619,1,0.146524246640806
"ZMYM4-AS1",0.486878199488141,"4.49090564852492","4.3308353768045","1.92201282977648","2.28288737613009",0.999541227558619,1,-0.172068049058833
"KDM4A-AS1",0.827052263498694,"4.65790611545745","4.61046155818369","2.30815744327508","2.54452759795185",0.999541227558619,1,-0.0974954504648218
"LRP8",0.480979320095505,"4.56330093161577","4.53644488275406","47.8093523954021","43.4217085511038",0.999541227558619,1,0.0962617640871223
"DAB1-AS1",0.487637561621634,"4.72374041417029","4.50338227908804","0.809415767384516","0.701327714009111",0.999541227558619,1,0.143337439775747
"LEPR",0.543207089160742,"1.2761282016207","1.37240436291366","8.98598988608393","11.5913835562024",0.999541227558619,1,-0.254595340094851
"GNG12-AS1",0.993643481167778,"4.59311860688592","4.57353610922791","24.0858096697402","24.0436439834158",0.999541227558619,1,0.00175217850657959
"LRRIQ3",0.546664984828051,"1.01833547516024","1.30022792626603","2.16233644415223","2.04518492278722",0.999541227558619,1,0.0557011120042952
"ERICH3-AS1",0.782397657838969,"4.62853541552172","4.50369821302534","2.58756293795185","2.58014992140136",0.999541227558619,1,0.00286897582623916
"AP4B1-AS1",0.857397789929338,"4.62208567463141","4.57913901466412","1.40772893272663","1.25752949941837",0.999541227558619,1,0.112828638332718
"NGF-AS1",0.477613244037353,"4.73841607668237","4.85386170349607","1.22275098611094","0.958470846684865",0.999541227558619,1,0.243519359426711
"SRGAP2-AS1",0.697573725439729,"4.61919010132778","4.48720648618336","2.21545492940463","2.44474177272363",0.999541227558619,1,-0.0984817347772149
"PDZK1",0.774779609765237,"4.78381469672047","4.65684823183818","1.9489129635911","1.81486240240768",0.999541227558619,1,0.0712621090740645
"FMO5",0.887476411895794,"4.56900444804993","4.65515613683667","3.35913321555941","3.23681428218399",0.999541227558619,1,0.0370933692739746
"CADM3-AS1",0.423878685998777,"4.56534297101307","4.36289345980552","0.68348217730229","0.843563585671755",0.999541227558619,1,-0.210434702089463
"ADCY10",0.873988633342213,"1.23776938825783","1.36678968742974","5.67548995425433","5.9500118999663",0.999541227558619,1,-0.0472363243576837
"Z99758.1",0.431650407284616,"4.56456237170978","4.3298742814239","0.892367744734534","0.741733902238527",0.999541227558619,1,0.184887760974923
"F5",0.8343863019865,"4.82402441759713","4.7379536195177","2.35827857211301","2.10970608325457",0.999541227558619,1,0.111383293536666
"Z99127.1",0.977650957562587,"4.59227105897602","4.54866777581315","1.47475780254719","1.45838970886168",0.999541227558619,1,0.0111608867468542
"LHX4",0.927339246030738,"4.53151217316945","4.50553521856572","0.877770946536994","0.804045609326573",0.999541227558619,1,0.087729683074282
"APOBEC4",0.236368643298884,"4.68982107315279","4.3132856293672","0.827018464145512","0.733594853064228",0.999541227558619,1,0.11987011651153
"PDC",0.432432554001548,"4.61114694619472","4.35132044216169","2.19922583291311","2.16810467258522",0.999541227558619,1,0.0142520411799336
"IPO9-AS1",0.649071103510826,"4.72258628616572","4.57824299319663","13.5107393333111","12.5051933904425",0.999541227558619,1,0.077340846108869
"ELF3-AS1",0.91153775177336,"4.75845111897032","4.68211889910406","0.923792715356932","0.868059393517189",0.999541227558619,1,0.0622275744152824
"TMEM81",0.105066316780386,"2.19148583583591","2.30049854795421","0.793785552469628","0.491677641340951",0.802660114269473,1,0.478990038488635
"PM20D1",0.94332935186003,"4.70821985264723","4.82580590892565","0.918991270255512","0.898262394350359",0.999541227558619,1,0.0228143989037539
"G0S2",0.439716669791739,"2.8376523542703","2.76008284025853","0.771787505678294","1.01383506583301",0.999541227558619,1,-0.272786253527614
"HSD11B1",0.260344538689231,"4.86520149305796","4.56269452961701","1.7809384919587","2.07280408493502",0.999541227558619,1,-0.151761852962818
"CHRM3-AS2",0.286944402975686,"4.42474314088586","4.46173091815757","9.44850073366759","13.3507341739345",0.999541227558619,1,-0.345715301239277
"KMO",0.0766007935941902,"4.70912936621828","4.56976373596514","8.1745464442103","5.53671754714197",0.684717297841945,1,0.389623409768147
"KIF26B-AS1",0.885433349945296,"4.58493426422767","4.55386788690681","4.87002184451391","4.45040828403901",0.999541227558619,1,0.0901025814192129
"ZNF695",0.808290365681292,"1.09659145235094","0.984548854332852","0.358991850678731","0.427982434481355",0.999541227558619,1,-0.175782465636798
"MYT1L-AS1",0.699230597725171,"4.56023700330666","4.38857463020794","1.58763694157266","1.4393819650974",0.999541227558619,1,0.0980328799177488
"TRAPPC12-AS1",0.318795858017969,"4.52049966724401","4.20110704581624","0.402979592001327","0.5799171502152",0.999541227558619,1,-0.363999328411466
"C2orf16",0.0740689447976296,"4.76989684939414","4.93810256313688","0.962160476282417","0.645860975582084",0.684717297841945,1,0.398596979471224
"LBH",0.376279365311619,"4.00928178754931","3.79844298232009","9.40435228883336","7.9952761980554",0.999541227558619,1,0.162321699532916
"CAPN13",0.299909359681479,"4.918855107962","5.20856849730916","0.537075469460129","0.395594673953054",0.999541227558619,1,0.305748487220855
"HAAO",0.855629808842729,"4.66545442076518","4.68837564739446","1.45437414832872","1.31904331521931",0.999541227558619,1,0.0976689568471978
"SLC3A1",0.810350392167247,"4.62446497892603","4.54902619593356","5.59046854849032","4.98659931826378",0.999541227558619,1,0.114308924613281
"SPRED2",0.0144567773178747,"4.5968702299137","4.58294041315404","42.2873027531072","31.5698042703202",0.260431715897724,1,0.292285766982935
"DGUOK-AS1",0.579672909238839,"4.60489172441528","4.46808071150436","0.65563249431953","0.766182443377542",0.999541227558619,1,-0.155819908226917
"C2orf15",0.183476943873371,"4.59218088081496","4.19095862007028","0.41774603484205","0.491764285437524",0.975977792219122,1,-0.163125831320825
"PAX8",0.0823620605024186,"4.8978995873146","4.4239567097648","0.749937980762408","0.379738827961801",0.721491650001187,1,0.680506789206676
"DPP10-AS3",0.551132266782687,"4.70321582682324","4.51926517977834","18.0920855627705","16.9264724000113",0.999541227558619,1,0.0665957703358115
"ACMSD",0.70722775014581,"4.42099730055195","4.39273931454798","2.08879625287313","2.52495082008388",0.999541227558619,1,-0.189633640855632
"RND3",0.485289258739555,"4.2088713370222","4.11438454180572","11.3150613328109","10.3698873679162",0.999541227558619,1,0.0872285387142454
"TTC21B-AS1",0.628988326014956,"4.45380235507104","4.26795973046847","2.70795280860988","2.48643854917543",0.999541227558619,1,0.0853415431570854
"CCDC173",0.1320968759108,"4.61074356073549","5.1376906968025","1.42645398712796","0.318025238333147",0.838886393095505,1,1.50081616889363
"MAP3K20-AS1",0.00816284434762452,"5.02487812705119","4.28292530844544","0.605525855740446","0.338909785967092",0.208817293107382,1,0.580363309678488
"MSTN",0.269861164535254,"1.64291975739835","1.50840204045907","0.808282524978643","0.571330560747767",0.999541227558619,1,0.346943699387154
"CFLAR-AS1",0.759165080621597,"4.67491212245746","4.53362147914653","0.558167706665081","0.628961630257528",0.999541227558619,1,-0.11941078685506
"CASP8",0.153522479566512,"4.7702740748475","4.43121899123769","0.957224023829027","0.732086191246951",0.902137442144875,1,0.268139199109012
"IGFBP5",0.00113852607443465,"1.97561167023712","1.81594710313739","19.4277193120528","10.0980852872506",0.0453340382365797,0.498674420602377,0.654355046424688
"HTR2B",0.972575065334217,"4.85802489802723","4.84316252277495","0.739293746249696","0.703193039020486",0.999541227558619,1,0.0500638861934685
"KCNJ13",0.361150789467208,"4.58338662502384","4.36877648468135","0.685853470931061","0.84693478691095",0.999541227558619,1,-0.210959692982166
"PER2",0.129159245443451,"4.62386561795825","4.49669332787972","6.476544990769","5.09340917772929",0.838886393095505,1,0.240239801861234
"CHL1-AS1",0.505863057420503,"4.61270366983299","4.58820176708026","1.48153543407207","1.19925484627776",0.999541227558619,1,0.211378602962783
"CNTN4-AS2",0.764798018016645,"4.70065303252597","4.57427822784488","3.20297371597826","2.93242482680568",0.999541227558619,1,0.0882499978206851
"CNTN4-AS1",0.571956269934727,"4.80468431730235","4.54526142945636","1.18483068496789","1.07121865061708",0.999541227558619,1,0.100802956294666
"LMCD1",0.611760678160322,"4.48964412070731","4.32502078280006","0.711495281622337","0.606805892802881",0.999541227558619,1,0.159159827211762
"PP2D1",0.975173888766984,"4.52616361072465","4.49225692296718","0.784867851650734","0.750957549908344",0.999541227558619,1,0.0441662363544471
"ZNF385D-AS1",0.594109262607042,"4.63389177262353","4.48642838982699","4.99472434287792","4.55579199036531",0.999541227558619,1,0.0919828356212473
"ZNF385D-AS2",0.758953012175378,"4.67361235394815","4.50009900029245","5.18902271413594","5.05371658069582",0.999541227558619,1,0.0264214485614349
"RBMS3-AS3",0.805329325421447,"4.67266413799783","4.55184789366782","15.7815047257476","15.1543706721025",0.999541227558619,1,0.0405496838255396
"LARS2-AS1",0.989460557477853,"4.7936232380254","4.78585732999014","0.712660798985029","0.691120888015199",0.999541227558619,1,0.0306908145235529
"FYCO1",0.380244964175531,"1.40660249710513","1.08075034413318","0.617653644094881","0.629361945539273",0.999541227558619,1,-0.0187786674136875
"SPINK8",0.822619637572542,"4.83660786074895","4.71574180662127","1.22058064839295","1.26966672424613",0.999541227558619,1,-0.0394277573516966
"SYNPR-AS1",0.978710509118586,"4.55541065087931","4.58525029310368","5.55879518631694","5.39146264567735",0.999541227558619,1,0.030564680729624
"C3orf49",0.384303132360226,"4.64367683707432","4.40025908848187","2.18943464937441","2.29273003528208",0.999541227558619,1,-0.0460999031273661
"PRICKLE2-AS3",0.362500405900355,"4.72710788526529","4.51094362152612","1.60793194238656","1.39212052954733",0.999541227558619,1,0.144120699992358
"MAGI1-AS1",0.78263866814717,"4.67472376094299","4.53400012975013","2.67430695872188","2.53756268900554",0.999541227558619,1,0.0524862168395393
"CADM2-AS2",0.454307892963043,"4.61849759876896","4.42660950283928","3.42260742589284","3.81963837421441",0.999541227558619,1,-0.109753085878212
"CADM2-AS1",0.708409385600673,"4.6648076411381","4.54333417206515","2.7800591238707","2.47583884960254",0.999541227558619,1,0.115892927326293
"FILIP1L",0.807004965600893,"4.62599677967399","4.50936357192802","16.5781905286589","17.1858444016393",0.999541227558619,1,-0.0359980370995157
"NECTIN3-AS1",0.18501182780232,"4.91516353915982","4.98317878133663","8.77208697946373","6.59932133484029",0.975977792219122,1,0.284607930395312
"SIDT1-AS1",0.599136317850712,"4.63646278384786","4.56766624321444","0.795476354030651","1.01089755695782",0.999541227558619,1,-0.239652762783804
"ZBTB20-AS2",0.833468604733987,"4.10783317237665","4.10342424600372","0.495645309481762","0.583962084922422",0.999541227558619,1,-0.163975488576235
"LSAMP-AS1",0.778524400830518,"4.48340599331231","4.37832887113357","4.18343635614619","4.65925392090555",0.999541227558619,1,-0.107722328936102
"TUSC7",0.381038345364023,"4.76690482748507","4.53874453937345","1.30333194519182","1.03012414094619",0.999541227558619,1,0.23524470008894
"UPK1B",0.244627151645604,"4.50725189883878","4.24685452736201","0.759680908276993","0.49188751857064",0.999541227558619,1,0.434648418022044
"EFCAB12",0.393124829377875,"0.867757534036463","0.556967851264751","0.564210328750736","0.510949635490339",0.999541227558619,1,0.0991560806343364
"ALG1L2",0.463685604490529,"4.88007586968782","4.92273181515827","1.01411061700216","0.809327754862218",0.999541227558619,1,0.22556329713383
"ACKR4",0.391306165755718,"4.86306478245857","4.63447779004515","1.30565085460537","1.00574953656368",0.999541227558619,1,0.260968584545963
"TMEM108-AS1",0.823578424403214,"4.51100764182569","4.3867891663936","0.762711722390615","0.697932609790407",0.999541227558619,1,0.088757588124607
"RBP2",0.576529304210677,"4.82597000405547","4.74125711375138","1.4693213365321","1.23469791450062",0.999541227558619,1,0.173974281840676
"PLSCR2",0.290136712626901,"1.28349565914815","1.32579943140528","1.10524005325804","1.72926592796289",0.999541227558619,1,-0.44763444522089
"CP",0.368649395919417,"4.83906759699144","4.51540553956781","0.584344052962418","0.596764738513216",0.999541227558619,1,-0.0210330217401232
"ANKUB1",0.857282580238117,"4.68167031912543","4.57207591693234","15.9553423391928","15.3492699889492",0.999541227558619,1,0.0387258008669817
"ERICH6",0.594615345934134,"5.12906851291948","5.1152699588589","0.471877022147191","0.635229251620548",0.999541227558619,1,-0.297267554573367
"KCNMB2-AS1",0.856673943863093,"4.63158628676713","4.63937489750174","76.2623241068858","68.8959964316414",0.999541227558619,1,0.101580960669928
"PEX5L-AS2",0.991364299000085,"4.63902410594681","4.62473918226507","1.01368609191148","1.04341440154575",0.999541227558619,1,-0.0289051308381759
"EEF1AKMT4",0.599325699604533,"4.66914925403682","4.49875439347409","0.98472367325294","0.940642214953273",0.999541227558619,1,0.0457982176650397
"CAMK2N2",0.0226778276068115,"3.35588418294171","3.32174042042434","15.4694259566625","21.2273416103266",0.331096283059448,1,-0.316424492308699
"ETV5",0.187173823165311,"4.54620574015303","4.45690343090686","16.3374480254427","13.7562622404505",0.975977792219122,1,0.171965741538723
"SST",0.150087170130997,"4.14897616738184","4.02421335855029","24.7112732525546","35.1615306894775",0.902137442144875,1,-0.352693060339472
"OSTN",0.186054555541333,"4.43309520941112","4.12690233138035","2.75948887262877","2.9607195363981",0.975977792219122,1,-0.0703868539136421
"FGF12-AS1",0.939112828441357,"4.58948671412108","4.5542239385881","12.4026066508393","12.9823139422334",0.999541227558619,1,-0.0456813009089077
"OPA1-AS1",0.226665577104311,"4.61597079091027","4.25528779493149","1.93578644662888","2.24768629514834",0.999541227558619,1,-0.149387697595271
"MUC4",0.687340442948185,"5.05868181059029","5.03563141614","0.896957626255704","0.685472015019041",0.999541227558619,1,0.268900947559283
"SLC51A",0.39817742744211,"4.81105029863211","4.72722075260194","2.16288325485008","1.68177608989418",0.999541227558619,1,0.251591740455041
"NCBP2AS2",5.62825660569383e-05,"3.53764554082252","3.54762650650746","2.55542785658103","4.47668551365744",0.00821725464431299,0.024651763932939,-0.56066326372775
"ADRA2C",0.239580969722993,"2.00612918321202","1.75351912405837","0.571833255709951","0.390783130165748",0.999541227558619,1,0.380694686085405
"EVC",0.586548468959922,"4.74529445395217","4.92472518980245","0.88862903946314","1.10595699219072",0.999541227558619,1,-0.21878642543783
"AFAP1-AS1",0.409163673911392,"4.64489188465035","4.72547181388369","0.760515162848517","0.598432414064379",0.999541227558619,1,0.239682456418379
"OCIAD1-AS1",0.617226446853404,"4.71147446475037","4.53928858561822","1.93128746641046","1.66529842696944",0.999541227558619,1,0.148182518770086
"LNX1-AS1",0.860094865183385,"4.56868661628051","4.54199122198603","3.68530501047595","4.053941867238",0.999541227558619,1,-0.0953364152840359
"SRD5A3-AS1",0.824662944082007,"4.72711708929172","4.75371209969922","1.65603453988309","1.48092387189971",0.999541227558619,1,0.111759782372134
"ADGRL3-AS1",0.470851360287565,"4.6712513965569","4.46144556086835","0.487746436044078","0.662812709570203",0.999541227558619,1,-0.306696788397335
"GNRHR",0.705721801282794,"4.58848317760358","4.7502717444087","0.951377913719634","1.07073758219382",0.999541227558619,1,-0.118191649907446
"TMPRSS11A",0.792648498424431,"4.45881306412375","4.62993532722565","2.60469256906286","2.60232587138584",0.999541227558619,1,0.000909041466653327
"TMPRSS11F",0.451886319193764,"4.70706095643438","5.04623693721059","0.615761934130868","0.666009064169586",0.999541227558619,1,-0.0784428620442682
"PPEF2",0.937898109775271,"1.3849875883271","1.32291150698431","0.782682348386898","0.82847778633228",0.999541227558619,1,-0.0568630962482131
"WDFY3-AS1",0.885099801090892,"4.61949743092378","4.52492048932609","1.32154763501301","1.36740164025293",0.999541227558619,1,-0.0341088254561804
"NAP1L5",0.0138526909404323,"3.4173696786331","3.42938230688829","13.3997404350381","19.0939083963407",0.260431715897724,1,-0.354134015804448
"ARHGEF38",0.88512597616709,"4.58765907957197","4.53934900971989","0.901496940923569","0.813638303560767",0.999541227558619,1,0.102540726587015
"GYPB",0.65499089943551,"4.70864721322317","4.65718811153581","0.603875023404404","0.470790061313172",0.999541227558619,1,0.248954996678221
"PRSS48",0.909252968254442,"4.79887059313521","4.72723073674527","1.19911850812677","1.24628388058806",0.999541227558619,1,-0.0385795176535431
"FAM160A1",0.0204588454079678,"1.05545590854147","0.607960179264893","1.55558278720207","0.919996912008532",0.309413342761294,1,0.525235223641433
"C4orf45",0.48263259272011,"4.69369878860068","4.54570456549066","2.73996069059776","2.23883389526858",0.999541227558619,1,0.201988425952434
"MSMO1",0.0149593929995233,"1.48698324948034","2.05425283186387","7.17084297336449","11.5371900647541",0.260431715897724,1,-0.475552518967215
"HPGD",0.464543826799759,"1.85257774397921","1.89869155116332","1.06853571600571","0.664185626429546",0.999541227558619,1,0.475482832221215
"FST",0.489198546257838,"2.38274193316816","2.45160695833505","0.552287800779745","0.839796428679313",0.999541227558619,1,-0.419090227025415
"ANKRD55",0.974075742486909,"4.6354530380973","4.61999395394937","30.0902120583728","30.3621143927445",0.999541227558619,1,-0.00899565604505164
"C5orf67",0.64485420731761,"5.20381289849232","5.16165930642901","0.652137906681238","0.507906136728114",0.999541227558619,1,0.249959392589534
"RASGRF2-AS1",0.840364064847467,"4.63439935489853","4.56857542049121","4.87221639923211","4.78261958770494",0.999541227558619,1,0.0185605190508686
"CKMT2",0.482098928097603,"4.73134948626343","4.73076116489844","5.36764652691125","4.69640055699863",0.999541227558619,1,0.133593172935291
"MEF2C-AS2",0.939109166068697,"4.72073089458499","4.67276843828179","18.3857234974732","18.0650306843325",0.999541227558619,1,0.017596403425069
"FAM81B",0.813330112371093,"4.41443597977478","4.30984023186428","0.927132558946318","0.775117612827814",0.999541227558619,1,0.179081776800545
"LVRN",0.831846038025057,"1.48838849681217","1.45384461628007","0.968161554451728","1.17036351520375",0.999541227558619,1,-0.189670707845001
"LMNB1-DT",0.609699870417365,"5.17544146956533","5.1421398450411","1.24635784255155","1.05603575626762",0.999541227558619,1,0.165703527379516
"CCDC192",0.944924177028513,"4.7105588157314","4.63653331268893","3.97485806903097","3.98766107303987",0.999541227558619,1,-0.00321582022321893
"IL5",0.90941477733064,"4.71810984756032","4.61860574956386","0.495195934746699","0.473828250180599",0.999541227558619,1,0.0441085973782222
"LECT2",0.925234663457308,"4.56364820938951","4.50920715315606","1.42474802779914","1.46811266257269",0.999541227558619,1,-0.0299826973806921
"TRPC7",0.591237162286764,"4.58373413729546","4.69464163335911","2.5133459757659","2.29398617832428",0.999541227558619,1,0.0913239299376473
"MYOT",0.347648052373501,"4.66561306586816","4.43788894383073","1.91478559236413","2.33635310187628",0.999541227558619,1,-0.198985556015659
"PKD2L2",0.770692910039472,"4.5961268311376","4.49123991782747","3.20653250390504","2.92193348316046",0.999541227558619,1,0.0929445875134765
"PCDH12",0.558224742386656,"4.66460787379653","4.91050094022989","0.685495778316274","0.870663311184401",0.999541227558619,1,-0.239113007361057
"SPRY4",0.528713259780867,"4.45891843779713","4.40222660529245","6.25875234518977","5.75733859609042",0.999541227558619,1,0.0835055407274456
"SPRY4-AS1",0.244531945060721,"4.62904978919708","4.61368131764416","53.3132744539058","61.4297505736235",0.999541227558619,1,-0.141708903001028
"FGF1",0.546630502500183,"4.67227006814212","4.58512896278032","9.61517252119486","10.6763230401157",0.999541227558619,1,-0.104686167817373
"ARHGAP26-AS1",0.314236096216022,"4.3642157798034","4.14241006815834","1.36127420638152","1.69313280619446",0.999541227558619,1,-0.218159366798502
"NDST1-AS1",0.180840217378957,"5.1887835859542","5.53592470706993","0.56816797332507","0.516396868732486",0.975977792219122,1,0.0955415073806109
"FAT2",0.989286067475676,"4.81498124615565","4.83292583795979","2.46605015434758","2.53647244102817",0.999541227558619,1,-0.0281565701294783
"PTTG1",0.116350624112639,"2.2078176277399","2.63774754556496","0.860712176777125","1.05759950404215",0.835435628874359,1,-0.205996841067689
"FGFR4",0.426912437940906,"1.6412926265742","1.29348023769391","0.560866326246568","0.477956615917875",0.999541227558619,1,0.159962632800439
"FAM217A",0.206768592157755,"4.77571608919185","4.48438270285764","0.661006013907159","0.842378039182808",0.999541227558619,1,-0.242465953128113
"MDC1-AS1",0.396263821589515,"4.72786107778191","4.52268747729766","0.5138369028486","0.635844051716956",0.999541227558619,1,-0.213047426101633
"MSH5",0.860436805621584,"5.00925478313294","5.07384508335188","0.824893419345798","0.754666646379479",0.999541227558619,1,0.0889780655446979
"HSPA1A",0.843039097958428,"2.32354865268057","2.43782891949646","10.4284842542291","7.97018273859709",0.999541227558619,1,0.268833512029572
"HSPA1B",0.748747236316052,"2.38371331293809","2.22591123387578","4.74730197605188","5.46328387773882",0.999541227558619,1,-0.140473600143017
"TSBP1",0.840297567286334,"4.6626170035282","4.826298824438","1.20528168161104","1.15981847839193",0.999541227558619,1,0.0384497915694475
"CYP39A1",0.794151158269617,"1.02967853517306","1.24369716194394","2.0890867564755","1.40728000951053",0.999541227558619,1,0.395068241791712
"OPN5",0.0587707266185249,"4.81177127706633","4.59136264593374","1.58589931484248","1.00463192731867",0.612894720450331,1,0.456530404537313
"HCRTR2",0.899137441691674,"5.03493802457181","5.04655642961147","4.14202375887839","3.7521733714128",0.999541227558619,1,0.098849261236342
"ZNF451-AS1",0.343309014315427,"4.69759574579248","4.39175747580486","5.602515746757","6.67527855048519",0.999541227558619,1,-0.175195196470264
"KCNQ5-AS1",0.336645045456706,"4.48561598603956","4.72090611925677","0.697795509453835","0.538796452474781",0.999541227558619,1,0.258588233048812
"GJB7",0.799259548581825,"4.73177154046543","4.89010759091754","0.584633296922801","0.578669638751877",0.999541227558619,1,0.0102530651857692
"GABRR2",0.039681841033228,"1.27389457694248","0.845866354056768","0.928375319409655","0.604123785820749",0.473044434307596,1,0.429656969693191
"PLN",0.433131944732663,"4.61931658170508","4.37139256820821","0.784884483638043","0.819514942860765",0.999541227558619,1,-0.0431760797840545
"Z99496.2",0.287255145263119,"4.61766670299701","4.34722622490576","1.78564583207397","1.56590747563368",0.999541227558619,1,0.131314647904439
"NCOA7-AS1",0.895972812779101,"4.58163995715918","4.53183103003006","0.689618760714832","0.754216184613458",0.999541227558619,1,-0.0895401197141182
"SLC2A12",0.0474805768707486,"1.55549402630344","1.10568394743535","2.91271411154321","2.11318568030453",0.533243401779177,1,0.320888720906294
"ZC2HC1B",0.0996918954122387,"4.73625229586751","4.84604160768594","1.54044083433498","1.13776290758251",0.793910003464737,1,0.303004658841588
"CLDN20",0.744077261021013,"4.77477523774974","4.66374211347131","1.6796482438281","1.57626486552835",0.999541227558619,1,0.0635263536203009
"C6orf99",0.903226399462264,"5.08037385619258","4.98741244454182","0.83413705701329","0.790297957769836",0.999541227558619,1,0.0539876897158721
"TAGAP",0.568526953711735,"4.41809736885224","4.6802369131194","0.557031133831943","0.567246796520023",0.999541227558619,1,-0.0181733423233282
"C6orf118",0.251515110471088,"1.56737086089533","1.21059463630466","0.879254161278125","0.830706628756362",0.999541227558619,1,0.0567973055648867
"MEOX2",0.666173194507589,"1.01235452813863","1.0290311319318","1.79426012875447","1.499784006083",0.999541227558619,1,0.179271650635859
"CRPPA-AS1",0.788740956233468,"4.7662673682499","4.64701961975823","1.2237299348314","1.11038953417636",0.999541227558619,1,0.0971926328150741
"NPY",0.184812170420006,"1.58051186065485","2.36266834914851","4.04709675721588","14.3713296803986",0.975977792219122,1,-1.26723545351264
"CYCS",0.00153765817380734,"3.30621814622042","3.41772007911347","16.5223503902667","25.6382552696391",0.0518072523175088,0.673494280127615,-0.439371549118676
"NFE2L3",0.671912784636021,"4.66513311447671","4.68202704735636","1.77255420119193","2.2334951197894",0.999541227558619,1,-0.231146118893442
"SFRP4",0.668434998200912,"4.61961892419396","4.57655938449832","2.49443198639385","1.99727756517242",0.999541227558619,1,0.222276006672715
"SPDYE1",0.986021139233991,"4.67845188774894","4.64981393200838","4.2498471415005","4.26304615871358",0.999541227558619,1,-0.00310094989430641
"ZPBP",0.774125328206333,"4.69632432321614","4.59994817605089","11.4105273799668","10.6932537861802",0.999541227558619,1,0.0649233283075201
"SPDYE21P",0.126413365040907,"4.69639807555221","4.54521027569452","3.82876551181394","5.34846336784041",0.838886393095505,1,-0.334266868126795
"SPDYE5",0.603266328895803,"4.80093594165847","4.65248970140211","4.8604782872066","5.11082604534715",0.999541227558619,1,-0.0502241977854022
"SSC4D",0.761350036266034,"4.73212187864113","4.62430417621585","0.588095512659416","0.651700850436745",0.999541227558619,1,-0.102696267085904
"CALCR",0.0204862715526884,"1.91384495982326","3.53800329283478","0.56079222401064","0.399779386677454",0.309413342761294,1,0.338437608086196
"STAG3",0.988664513068394,"4.68417906569132","4.66861762921709","5.993319439133","6.15867147291605",0.999541227558619,1,-0.0272156622073933
"SPDYE3",0.890288680494062,"4.81910242257234","4.74750368780747","8.22543388553208","7.73595182287269",0.999541227558619,1,0.0613525168223474
"SAP25",0.673195989922405,"1.64039486459347","1.40252955844642","1.01528465225944","1.00785067011251",0.999541227558619,1,0.00734900480703414
"VGF",0.0978232064196709,"4.35769834853063","4.03936980231413","17.16205161036","21.83391617379",0.793910003464737,1,-0.240763903972891
"NAT16",0.504231126065799,"4.45229300587657","4.42051717702887","0.701534110194036","0.850771734087615",0.999541227558619,1,-0.192874337014777
"SPDYE2",0.0412395618519765,"4.5336835068011","4.57689041584179","4.99359501035367","9.82796886602207",0.475340212925413,1,-0.677076193442867
"SPDYE2B",0.812022718432426,"4.53778050634768","4.63521187078492","0.56820743340906","0.655484198959506",0.999541227558619,1,-0.14288764587246
"SLC26A5",0.633857466707503,"4.6709012246485","4.49356912569766","2.14164658011766","2.25026631474048",0.999541227558619,1,-0.0494736081831643
"LHFPL3-AS1",0.998176805050705,"4.68634487375089","4.68320543071129","1.47492252515363","1.49577887950137",0.999707260909602,1,-0.014041597714986
"DOCK4-AS1",0.471767015179566,"4.63098620688078","4.53658547655093","0.450607388416731","0.606600351513464",0.999541227558619,1,-0.297273750030681
"ST7-AS2",0.82783571086183,"4.5359018482295","4.46116969252666","7.98140808940245","7.24912460331091",0.999541227558619,1,0.0962341309964256
"CPED1",0.148823164625994,"4.73418233075002","4.72472228217829","7.64918598691262","5.44832287186053",0.902137442144875,1,0.339291403854565
"IQUB",0.968921885559529,"1.30377360271648","1.3401858803678","6.01436041131055","5.8634068398549",0.999541227558619,1,0.0254192048421776
"KCP",0.702283718882283,"4.795224173514","4.74735951907002","1.89784224361845","1.66528593000376",0.999541227558619,1,0.130720741146527
"ATP6V0A4",0.839858721618692,"1.12494378376167","1.1498252262161","0.436575176976179","0.546755150730494",0.999541227558619,1,-0.225040492944524
"TRBC2",0.0978854908736431,"3.19524764806859","3.40001187728893","1.6801559147324","2.2741912420641",0.793910003464737,1,-0.302737895707465
"DLGAP2-AS1",0.438376716374445,"4.79984254942364","4.72055543389027","2.61633893211116","2.02879583703918",0.999541227558619,1,0.254333553081113
"PRSS51",0.897461811596143,"4.78873186717152","4.7446707852546","4.57672326767277","4.12710174759494",0.999541227558619,1,0.103407893737876
"PRSS55",0.816215522795948,"5.38026849240772","5.6174586869789","1.01837019680528","0.980896680165863",0.999541227558619,1,0.0374916490042922
"PNOC",0.119035321635239,"3.80997529973203","3.57581856007753","5.8403372676421","9.41321484858373",0.838886393095505,1,-0.477325990489716
"DUSP4",0.607486387806546,"4.4882283118685","4.41075144818589","3.54687035029881","3.87294910469499",0.999541227558619,1,-0.0879506361996286
"RBPMS",0.71083383032132,"4.84195228668396","4.95964811353238","3.60229968131155","3.18266500777661",0.999541227558619,1,0.123853543298395
"TEX15",0.111019021060568,"0.778827277407193","0.97516893892617","4.55773467788081","3.57494847695422",0.810438853742146,1,0.242874954921821
"TCIM",0.039960374587628,"3.91988716445586","3.78996758583768","5.28654826703961","7.05668275305331",0.473044434307596,1,-0.288809544683732
"PENK",0.123638842441894,"3.72363876226698","3.0638688991932","1.93853389202014","2.20100662970676",0.838886393095505,1,-0.126982853065953
"CRH",0.00893153643987667,"4.2909946605375","4.20156600443062","7.98593872334813","11.7675274986329",0.208817293107382,1,-0.387661495516888
"IL7",0.85722561721969,"4.7082288578873","4.6444498652188","6.46341969822868","5.81419624360203",0.999541227558619,1,0.105855987584576
"C8orf88",0.462667826195296,"1.4613814306412","1.37067505953198","3.11503811841851","2.27211403202337",0.999541227558619,1,0.315530699466483
"SNX31",0.984540573896291,"1.33801741355923","1.33487470210887","8.35704832930139","8.05650368010118",0.999541227558619,1,0.0366256182767876
"AARD",0.0736773302493947,"4.23581887659569","3.97313930515025","0.445455898126076","0.694886213246069",0.684717297841945,1,-0.444649862307493
"MAL2-AS1",0.12928354863865,"4.8824499334445","4.83748192260724","0.456219980122059","0.221285404437826",0.838886393095505,1,0.723521814595071
"ARC",0.893280629262696,"2.88379242095524","2.33376749496109","1.44901772017207","0.794448225175684",0.999541227558619,1,0.60099335418528
"MROH6",0.355776612497636,"1.50727686415615","1.22556927767841","1.54890966459662","1.40704706348085",0.999541227558619,1,0.0960580141066324
"DOCK8",0.353199856200402,"0.617297400136158","0.17649479402916","0.961000846026254","1.27194345500565",0.999541227558619,1,-0.280325999969855
"INSL6",0.240009548335426,"4.68806045266914","4.35534571536066","1.70237471613972","1.62244151478477",0.999541227558619,1,0.0480920455744784
"PDCD1LG2",0.47689487794644,"4.90391056095142","4.566223413018","0.750884656844408","0.587013268406779",0.999541227558619,1,0.246204630543863
"ALDH1B1",0.715722934636326,"3.53417711169968","3.50282768728988","1.5128030437972","1.68255123664869",0.999541227558619,1,-0.106346984372837
"FAM242F",0.349544663052671,"4.70870716465963","4.90154908964843","0.915228490289815","0.678281925545635",0.999541227558619,1,0.299610729365048
"C9orf153",0.556986747177252,"1.06516627246916","1.37422955305744","2.66676507273569","2.60937646664358",0.999541227558619,1,0.0217548634828118
"SHC3",0.0727375387628953,"4.57832257216489","4.60074043273081","51.6459771448166","42.3128910491449",0.684717297841945,1,0.19932051313494
"OGN",0.878287765235568,"4.68435464002624","4.72916014286876","1.09114318349185","1.21972222128651",0.999541227558619,1,-0.111397206513245
"OMD",0.86090017555929,"4.61129868805599","4.61156665328593","1.16407607397312","1.03823014368842",0.999541227558619,1,0.114410224263247
"ASPN",0.968983235448579,"4.69177469882536","4.71112256268256","1.19637155234035","1.13519170481711",0.999541227558619,1,0.052491730181334
"ECM2",0.88938992175719,"4.62447781458731","4.55022950789502","2.09230116207491","1.95324866219296",0.999541227558619,1,0.0687705277872937
"NR4A3",0.693669378388206,"4.38372800453808","4.31638281720917","1.16917505197083","0.830089016020725",0.999541227558619,1,0.342520752060004
"TEX53",0.891636812982854,"4.79031080314751","4.74261727836974","0.73603066580405","0.664873607255406",0.999541227558619,1,0.101674825041761
"TEX48",0.839792615773419,"4.58954072801749","4.7096025761207","0.877941013784066","0.815329395614774",0.999541227558619,1,0.0739872109138682
"PAPPA",0.994977112364287,"4.74022287486066","4.74129097315613","13.3887779888425","13.1048249173205",0.999541227558619,1,0.0214364158738504
"ASTN2-AS1",0.894269701071482,"4.68916149498401","4.61725105428742","5.82168282620931","6.18202713022965",0.999541227558619,1,-0.0600568669391774
"PRR26",0.362097650704477,"4.68306719455908","4.72354742158587","0.919478478333576","0.667189395266468",0.999541227558619,1,0.320732681400784
"ADARB2-AS1",0.992112679854209,"4.73301778543476","4.72018081197262","10.4312820411898","10.2235924583285",0.999541227558619,1,0.0201111445110975
"PITRM1-AS1",0.852668718135527,"4.63716464000227","4.56836017706345","2.27562892142167","2.51955295463567",0.999541227558619,1,-0.101825023657683
"CELF2-AS2",0.852307746461372,"4.48047098714122","4.41135678240794","6.85918457917318","7.30874308845243",0.999541227558619,1,-0.0634827461905177
"ARMC3",0.570822518686088,"4.81467436667803","4.89737864660053","1.12084646577132","1.4275996686657",0.999541227558619,1,-0.241910307677504
"SYNPO2L",0.52649977545365,"4.9317548111158","4.84940910356061","1.07307936417497","0.888300892641044",0.999541227558619,1,0.18897717598172
"KCNMA1-AS1",0.971200609491377,"4.63115189523686","4.60349280261418","4.8726356505408","4.66476767606276",0.999541227558619,1,0.0435969604688599
"KCNMA1-AS3",0.802373865092155,"4.66041353733151","4.53325863917962","0.967570258813644","0.943653199407193",0.999541227558619,1,0.0250293160581493
"GRID1-AS1",0.577426060655954,"4.58608532835297","4.53846484571806","2.4410811017725","1.99824669559444",0.999541227558619,1,0.200170871800616
"CYP26A1",0.851626799400389,"3.80799024447787","3.90755544907219","1.1036928711929","1.15982182115731",0.999541227558619,1,-0.0496046781017452
"PDE6C",0.421528168384947,"4.575851753462","4.56462325028006","0.858620060823049","1.26598186239863",0.999541227558619,1,-0.388276755810855
"CYP2C18",0.5051269412722,"1.1041985344966","1.04884809601622","0.590465592414947","0.405862281002331",0.999541227558619,1,0.374897472675745
"ACSM6",0.216563904528566,"4.61195031989192","4.41027043881712","3.48722454390802","2.3478112585524",0.999541227558619,1,0.395622645389016
"PGAM1",0.0339524341222851,"3.22401054947554","3.28891619843786","33.8466858775808","44.2679790098476",0.453161660998261,1,-0.268420505804011
"DNMBP-AS1",0.655757590411809,"4.63481161305451","4.72779127413589","0.995037512523027","0.834322467526251",0.999541227558619,1,0.176160458137725
"NEURL1-AS1",0.664721370426815,"4.56560751796847","4.53970501902254","0.774146366969131","0.642760938274366",0.999541227558619,1,0.185988096392009
"SH3PXD2A-AS1",0.342272985140604,"4.60473243607887","4.26150764887073","0.935685497625166","0.942518814619146",0.999541227558619,1,-0.00727646837961574
"DUSP5",0.860083026028994,"4.15686182072488","3.90477398311596","0.691671376272086","0.707836249320806",0.999541227558619,1,-0.0231018276312941
"EDRF1-AS1",0.691279656822004,"4.67049211080485","4.6632547660408","1.29138045727553","1.09577539692146",0.999541227558619,1,0.164249530411642
"MMP21",0.069647633068127,"4.92165207324604","4.71972364790281","0.59211696733331","0.340562598274625",0.684717297841945,1,0.553105244413689
"MUC6",0.428916543201536,"4.62620954838171","4.80382019919548","0.847012469298254","0.683501609643195",0.999541227558619,1,0.214486405103112
"KCNQ1",0.658525749662199,"4.78790395228183","4.57968710964451","1.67260742792903","1.55122549826202",0.999541227558619,1,0.0753384803262517
"ZNF215",0.0925037786946254,"4.50051546792829","4.63008779582389","1.91505789364994","1.4846259426046",0.779166443620114,1,0.254585003823659
"MTRNR2L8",0.0351769325889061,"1.08053340163101","2.17181658397781","3.10326165714678","1.32471127031222",0.453161660998261,1,0.851259179344397
"NAV2-AS3",0.340032066765566,"4.51915188238104","4.40643547149431","1.44248934440727","1.83959363628602",0.999541227558619,1,-0.243174364905295
"BBOX1-AS1",0.999707260909602,"1.1985601080309","1.20401120440112","4.86587266067141","4.8677993071481",0.999707260909602,1,-0.000395872494618668
"C11orf96",0.939920307075089,"3.36055791370778","3.17514424801898","1.96912785437348","2.093967576158",0.999541227558619,1,-0.0614698969558945
"BTBD18",0.878715046487703,"4.84603081523552","4.7269207827034","0.716027467327094","0.733324453370962",0.999541227558619,1,-0.0238697131518707
"GLYAT",0.947725942997516,"1.02796253117952","0.945467988837667","0.810678446000581","0.777038218310555",0.999541227558619,1,0.0423819485678534
"SLC22A6",0.298838501558317,"4.73361845963533","4.7951762188656","0.779481142282996","0.5827970448349",0.999541227558619,1,0.290789492462329
"CCND1",0.199157636756345,"4.03562921476241","3.89119236617448","1.7210189146444","2.33259635698955",0.999541227558619,1,-0.304065455827092
"SHANK2-AS1",0.343631577708162,"4.82287030795781","4.9082803161407","3.35666121085087","2.65798763859805",0.999541227558619,1,0.233377483053945
"P4HA3",0.514856117401416,"4.69971906599368","4.52322577847185","4.72080986659789","5.47938634624407",0.999541227558619,1,-0.149012747291926
"MYO7A",0.771917156749607,"1.18613042838354","1.0825967979496","0.778782522410488","0.633448651877666",0.999541227558619,1,0.206552889730879
"KCTD14",0.574224248996999,"0.760167898414589","1.09681042273642","0.618274389188929","0.612191754169263",0.999541227558619,1,0.00988679712955883
"GRM5-AS1",0.598185581251143,"4.59947716330325","4.47398782374468","7.8066384999649","6.88907666930875",0.999541227558619,1,0.125037395677718
"TYR",0.507699922811195,"4.62581952573932","4.55162779263981","0.730545460706243","0.945150132045241",0.999541227558619,1,-0.257552323194813
"DEUP1",0.891878640892342,"4.81622833834899","4.75032623799381","0.911731495047953","0.829713799561961",0.999541227558619,1,0.0942647118798488
"SCARNA9",0.0373957106462508,"6.01000805559633","0.206812996319652","0.217764010712131","0.524292925553768",0.467980607515939,1,-0.878638589588584
"CFAP300",0.293244978158928,"1.48859310287447","1.01163996323467","1.18742427579024","1.09494581885718",0.999541227558619,1,0.0810816055892842
"IL18",0.827564108343541,"4.69024978720408","4.64175924273299","3.77101688495047","3.44298323289669",0.999541227558619,1,0.091006381411607
"APOA1-AS",0.482937260600139,"4.71021179301965","4.53680625362407","1.20874522649394","1.49480139329928",0.999541227558619,1,-0.212410532074652
"KIRREL3-AS1",0.354731232097264,"4.88822203122388","4.62058592425657","1.99398499547988","1.69597232043788",0.999541227558619,1,0.161878929936774
"ETS1",0.00428973357002722,"4.6922217559536","4.47188220336372","7.04368958867652","5.05451261962635",0.125260220244795,1,0.331850689863783
"NTM-AS1",0.624862092516611,"4.63185576044633","4.48153728849618","2.45011789060718","2.36298115602255",0.999541227558619,1,0.0362121184401797
"GAU1",0.539632337762493,"4.54517991748585","4.6187074494018","1.25742559043856","1.00641778892076",0.999541227558619,1,0.222669166024026
"COPS7A",0.00064726707649602,"3.72902188356671","3.56508759515939","6.25235310615253","9.4139985023127",0.0375677033605188,0.283502979505257,-0.409239894011937
"KLRD1",0.54603252811643,"1.41511180055805","1.33813663427156","4.06691724194227","5.46302568399919",0.999541227558619,1,-0.295117512804563
"BCL2L14",0.889459223331939,"4.58210545243429","4.50525873544691","8.32448219402615","8.12488383677674",0.999541227558619,1,0.0242694039147924
"APOLD1",0.771696203580844,"0.98556101238714","0.894298793522357","4.8619414055549","4.3050408984528",0.999541227558619,1,0.121651186254704
"GSG1",0.0346317051081922,"4.64501251951298","4.54376313459002","0.654038311462129","0.287011134098351",0.453161660998261,1,0.82364492018387
"SOX5-AS1",0.423634416431538,"4.75400636586486","4.53486781711605","2.74950410197698","2.61217404471904",0.999541227558619,1,0.0512377269287175
"C12orf40",0.294498185481955,"4.66008629641829","4.40059178735727","11.9155188057837","13.8261723973502",0.999541227558619,1,-0.14872169467222
"CCDC184",0.0153300405319156,"3.70395528489996","3.59405929623056","7.22797448216127","9.83111063876344",0.260431715897724,1,-0.307593070082717
"CCDC65",0.131314396685748,"4.59182585650719","4.41007431459218","5.42112747191127","7.01292684824879",0.838886393095505,1,-0.257451324155734
"FAM186B",0.605593269949535,"4.80204157930559","4.9691998023178","0.455738679570862","0.544289180585952",0.999541227558619,1,-0.177561113445933
"COX14",0.000107123502755223,"3.1981782961125","3.4445791772934","3.05827115425559","5.91120085638816",0.0117300235516969,0.0469200942067877,-0.658999227335556
"SCAT2",0.742278905703176,"4.75713406667476","4.60870619848272","1.01305487969769","0.931277700380837",0.999541227558619,1,0.0841681635717342
"ARHGAP9",0.146452046145855,"4.78759471191985","4.5037681905617","0.970033387625518","0.67930982690624",0.902137442144875,1,0.35625316882053
"BEST3",0.664514388461608,"4.68514158495835","4.64384273916492","1.25318110370155","1.38449358722171",0.999541227558619,1,-0.0996492302369188
"GLIPR1L1",0.967961923766337,"4.60605824908974","4.55384134892456","1.08493036365181","1.11214225255505",0.999541227558619,1,-0.0247723086396052
"PPFIA2-AS1",0.663377051350385,"4.6453110530055","4.50315872595242","5.02630814440877","5.32160002081737",0.999541227558619,1,-0.0570882666169265
"TMCC3",0.107099081774495,"4.55858704762624","4.64680597562349","5.08130818762105","3.93996718525262",0.802660114269473,1,0.25439635102768
"ELK3",0.52155619109845,"4.91080683386115","4.89459900947203","0.955480639242556","0.724715316796285",0.999541227558619,1,0.276435589786084
"HELLPAR",0.0575932818625768,"4.39177337181182","4.23190774863829","4.06350912693649","5.44936828037452",0.612894720450331,1,-0.293452772812728
"PAH",0.37840845091685,"4.83549475545912","4.94348370203313","2.80584188904949","2.22879254359637",0.999541227558619,1,0.230243654081829
"FAM222A-AS1",0.853564419549759,"4.56637814128451","4.52825547163991","2.25994845082419","2.02895090284257",0.999541227558619,1,0.107823140815214
"CLIP1-AS1",0.834989071293333,"4.69808945712285","4.81881377794845","0.684415676935173","0.699736613528952",0.999541227558619,1,-0.02213854999405
"THRIL",0.644812966860867,"4.1229165498383","4.00720687652547","0.508482364006053","0.598280965608781",0.999541227558619,1,-0.162629953264662
"WASF3-AS1",0.520313642672783,"4.64012790504125","4.47418941430279","3.14978994237951","3.16646688323659",0.999541227558619,1,-0.00528065278880887
"MTUS2-AS1",0.625067372863523,"4.68554777956876","4.47084168515061","0.746122635375303","0.759454639453946",0.999541227558619,1,-0.0177106187543704
"STARD13-AS",0.899674708940794,"4.57858365443225","4.51004137276679","6.04067175821624","5.89378482864054",0.999541227558619,1,0.0246168472085927
"KCTD4",0.574990243536604,"1.97980053873248","1.93034333353797","1.99216811237407","1.66480033502088",0.999541227558619,1,0.179518352028355
"LPAR6",0.503651483705351,"4.8102760421859","4.58055360257426","2.1765837895981","2.00992446869725",0.999541227558619,1,0.079659435070065
"SERPINE3",0.627568638553894,"4.52279806032493","4.61811384417496","0.992188570995117","1.17381060016083",0.999541227558619,1,-0.16809747777103
"NEK5",0.463411339401794,"4.74134103273224","4.530560058685","2.82323290480075","3.35025448883671",0.999541227558619,1,-0.171153661314203
"PCDH9-AS3",0.518167047594927,"4.64010073687465","4.41137658453804","0.737958021096823","0.615938242671141",0.999541227558619,1,0.180740237896387
"PCDH9-AS4",0.812196602744398,"4.66179404508619","4.70099892715512","3.04075369669603","2.66578088848681",0.999541227558619,1,0.131608380219507
"LMO7-AS1",0.837536258343778,"4.58252306664461","4.47346640385322","3.76696207646591","3.75382270676809",0.999541227558619,1,0.00349415212503659
"MYCBP2-AS1",0.792415981766859,"4.60667817021062","4.48946650762828","16.0164052326432","15.9086405302155",0.999541227558619,1,0.00675113279613291
"PCCA-AS1",0.740383309652734,"4.78156182835824","4.64805222115864","0.76614423564107","0.827192023550326",0.999541227558619,1,-0.0766664118012637
"FGF14-AS1",0.56642616100786,"4.51350684702405","4.43071204496372","2.74544164527978","3.304704460217",0.999541227558619,1,-0.185405094450913
"TNFSF13B",0.975219246052141,"1.17723391204935","1.12848950186964","6.84151596840022","6.72085022753516",0.999541227558619,1,0.017794671398119
"MYO16-AS1",0.757193915531319,"4.77164712241546","4.62380238166944","2.10740467477592","1.9924149786021",0.999541227558619,1,0.0561097183901665
"SALL2",0.0763283559055877,"3.26245334756161","3.32949564856908","3.49397792443643","4.52211156881979",0.684717297841945,1,-0.257938152444675
"RNF212B",0.629724984060412,"5.00663625640528","4.81455249781739","0.842367332728026","0.760214205176274",0.999541227558619,1,0.102615938770381
"MYH7",0.241752743404556,"2.04420502098109","2.15063177551831","0.548200430927343","0.341517652043731",0.999541227558619,1,0.473241602537534
"PRKCH",0.830906203397636,"0.914138813835368","1.20068518831402","4.01666274713992","4.30777606622986",0.999541227558619,1,-0.0699703815785084
"HIF1A-AS3",0.531104835814591,"4.65598126671474","4.38692740128743","1.99350170242788","1.67485937443466",0.999541227558619,1,0.174163535637146
"CCDC196",0.884470719986873,"4.69569874839735","4.61232994936642","2.29625536253155","2.28078970741185",0.999541227558619,1,0.00675794699105114
"ACOT6",0.849286667982802,"4.69239575571457","4.57675542951731","2.18512982363536","2.17716261258246",0.999541227558619,1,0.0036527674510917
"AF107885.2",0.912100174187071,"4.69053214364991","4.5919786245455","2.07357944545394","2.06784315051182",0.999541227558619,1,0.00277020684442578
"DIO2-AS1",0.924477423247099,"4.69097705508091","4.70885931921882","0.910102133660681","0.812975857911583",0.999541227558619,1,0.1128554139638
"AK7",0.0496571229758771,"4.75761525937883","4.95477447671466","2.8733407548169","1.83661021936633",0.543745496585854,1,0.447553778419992
"RTL1",0.205346891123744,"4.685903400747","4.59246656871207","4.61178760887623","3.46698865135793",0.999541227558619,1,0.2853291561327
"GABRG3-AS1",0.581369422825666,"4.64726749123383","4.4783466389796","35.1414965788287","33.305103278925",0.999541227558619,1,0.0536720340270759
"GOLGA6L7",0.633821387301633,"4.8477425171436","4.68666571565191","0.913344583259598","1.06010379817411",0.999541227558619,1,-0.149008877042089
"SPRED1",0.17836241535686,"4.56146872544066","4.50700857965823","28.6819919956815","24.2295141158561",0.975977792219122,1,0.168697987606566
"INO80-AS1",0.330056067481695,"4.52944613471497","4.36204897441894","1.44247978851987","1.70946971210124",0.999541227558619,1,-0.169819504660984
"SLC28A2",0.871091080291682,"4.79447641285162","4.6867149255825","0.659865267061758","0.610828919384932",0.999541227558619,1,0.077218754408044
"SHC4",0.601324969441457,"4.54893551633046","4.40779213993128","1.73250861065771","1.67745045101924",0.999541227558619,1,0.0322953701140942
"RORA-AS1",0.57621537408262,"4.6040791554399","4.43608488557563","9.95480303868938","10.8399224990854",0.999541227558619,1,-0.0851806942989456
"SLC24A1",0.886950991790439,"4.77894892679414","4.71721460307412","1.32287820160803","1.39555055379795",0.999541227558619,1,-0.0534791810172261
"RPP25",0.000793576666621431,"3.30538116704614","3.42436127660786","3.61292090437418","5.49371845970999",0.0375677033605188,0.347586579980187,-0.419088781339711
"FSD2",0.655277093431591,"4.68201657568937","4.51230693839938","1.71284330449493","1.90752393720522",0.999541227558619,1,-0.107651292250376
"NTRK3-AS1",0.132153335898607,"4.80209129762717","4.96536396356012","1.58107625264622","1.12586576292475",0.838886393095505,1,0.339553480971324
"ST8SIA2",0.370068453299004,"4.57000314782779","4.81293375926862","1.23517620767125","1.1941324102428",0.999541227558619,1,0.0337937330060607
"LUNAR1",0.355349435137331,"4.71676570943045","4.93663450968564","0.454855700798164","0.660125776252832",0.999541227558619,1,-0.372450159396209
"WFIKKN1",0.0341193735370567,"1.73872074712985","1.03514555139282","0.721575450481947","0.544267672355708",0.453161660998261,1,0.281995776605819
"SRRM2-AS1",0.394804054107526,"4.82379999035971","4.99398651372686","0.467621021599929","0.370249473509282",0.999541227558619,1,0.23348115380041
"TEKT5",0.497885284751812,"0.865483165707486","0.581804618769719","0.717432669418718","0.788297224921144",0.999541227558619,1,-0.094196105027145
"MYH11",0.824347263913851,"4.88811772055424","4.74221121215335","1.50669013955131","1.3598496592845",0.999541227558619,1,0.102541135409187
"ACSM3",0.505744793341878,"4.8397573041348","4.58977230086507","0.977842634611797","0.938415194296089",0.999541227558619,1,0.0411562628699527
"PDZD9",0.711162648563741,"4.50080624611685","4.52169088291186","1.1696834719088","1.43728935901923",0.999541227558619,1,-0.206025774718303
"SCNN1G",0.0159496651472804,"1.41290058672147","1.49022404484574","0.835083593220094","0.377491425834284",0.260431715897724,1,0.79398397607148
"NPIPB6",0.201294165319461,"1.50752471924007","0.957969091110411","0.50173300433797","0.420345344483499",0.999541227558619,1,0.176991492147064
"CBLN1",0.151983214330118,"3.87166126801451","3.60691874956758","0.972162262606476","1.30952292453742",0.902137442144875,1,-0.297895442757249
"CPHXL",0.899765554470748,"4.89519817283226","4.93582277126573","1.22963686543158","1.46273384442251",0.999541227558619,1,-0.17358828652595
"VPS9D1-AS1",0.959988612999786,"4.82727827682014","4.84578247164548","0.715479152936179","0.673151760432758",0.999541227558619,1,0.0609816595765081
"EMC6",0.000212166479200364,"3.29236579719001","3.49696266843024","1.20739596057833","2.41445043034608",0.0185857835779519,0.0929289178897594,-0.693005754312806
"RAI1-AS1",0.727846104744512,"4.62814002520718","4.74820608072371","0.713878087168268","0.647427877479062",0.999541227558619,1,0.0977048002607775
"EPN2-AS1",0.43772987982439,"4.59491873306707","4.52127207866543","1.00033337996566","1.3055183164342",0.999541227558619,1,-0.266266814857921
"MTRNR2L1",0.289115037487885,"1.55681549830225","2.08113171752127","0.203145798429775","0.842352930970766",0.999541227558619,1,-1.42227514423078
"LGALS9",0.925073309690708,"1.05792031192929","1.07827683515068","0.462870663965945","0.411353982269202",0.999541227558619,1,0.117993557033086
"EVI2B",0.454795767630567,"4.68651381898292","4.68957424135113","1.90010129472648","1.50621061425226",0.999541227558619,1,0.232310228064553
"C17orf78",0.794088476755669,"4.84171422117223","4.83406160287381","0.738774497313771","0.642762592086225",0.999541227558619,1,0.139217291753984
"ETV4",0.865617259622046,"4.71250698842979","4.65071872164537","2.0496126890824","1.88468091626312",0.999541227558619,1,0.083892311766129
"PRKCA-AS1",0.369431962665915,"4.52701572692891","4.27025510188835","10.0004056390412","9.55122388460125",0.999541227558619,1,0.0459563543384145
"ABCA9-AS1",0.925780773984007,"4.63337434962942","4.56369834901295","4.77664987612918","4.7199429173975",0.999541227558619,1,0.0119427322971626
"RNF157-AS1",0.316558783768225,"4.33049816230074","4.33038295285333","1.89420695063659","2.55396398129442",0.999541227558619,1,-0.298846399416118
"MAFG-DT",0.108120882972372,"4.67304476832709","4.57499363420695","0.581758621811583","0.827075331735601",0.802660114269473,1,-0.351840158696733
"NOTUM",0.842064981794316,"4.70355940057944","4.80302093195985","1.01718792980063","0.955557732418319",0.999541227558619,1,0.0625019843601743
"DLGAP1-AS1",0.630104550354768,"4.72694261226944","4.55436528488058","2.02392130758331","1.82033449104269",0.999541227558619,1,0.106016600527605
"DLGAP1-AS3",0.373241249203576,"4.7221681119462","4.49248422317361","4.43996767516823","4.48805253711691",0.999541227558619,1,-0.0107717782329822
"DLGAP1-AS4",0.642964103141387,"4.73498473688933","4.61366829403776","18.9761235281899","17.0374086206342",0.999541227558619,1,0.107770098918051
"DLGAP1-AS5",0.704357246086109,"4.66964602528822","4.56528143565402","13.7114585497935","12.1882963180997",0.999541227558619,1,0.117755700639862
"CCDC178",0.00980625101112861,"1.40071754072456","0.76926857370701","4.0381658897721","2.98719484857369",0.214756897143717,1,0.301455831905414
"TCF4-AS2",0.54731770288425,"4.35072276841433","4.25089728359742","1.16143264383151","1.462190266829",0.999541227558619,1,-0.230281213457572
"MC4R",0.0742141234175077,"2.35372582831729","2.87715095310186","0.564515228815012","0.325749059660165",0.684717297841945,1,0.549840031445592
"TMPRSS9",0.480608302575034,"4.92772657594222","4.97855995980805","1.79891352028839","1.406875757728",0.999541227558619,1,0.245811411554474
"MRPL54",0.00151869182174015,"3.18197859264619","3.3447664599027","1.58702804785288","2.95465997981465",0.0518072523175088,0.665187017922186,-0.621520463291506
"DOCK6",0.887910947445371,"4.81839355962571","4.73116273951195","3.80139012788487","3.79005620172098",0.999541227558619,1,0.00298597502845766
"USHBP1",0.855474594219784,"4.77706303231613","4.73120028880814","2.39963246401176","2.14969927223424",0.999541227558619,1,0.109987626654719
"TMEM221",0.536994403153042,"4.57197534680687","4.46391989355938","1.46157511364306","1.55410825269401",0.999541227558619,1,-0.0613872110512796
"WDR88",0.595447428928999,"4.77406109608473","4.66690643535783","1.27974733589389","1.07954488730878",0.999541227558619,1,0.170123112931992
"LSR",0.492592999686149,"4.71946823620424","4.8103353964064","0.923678812194631","0.772394951649128",0.999541227558619,1,0.17886839075791
"ZBTB32",0.896979911227227,"4.64109365188221","4.68779988962637","1.01783493370212","1.10871121594447",0.999541227558619,1,-0.0855205167067713
"SPRED3",0.558561793787621,"4.52839310783338","4.48394334499902","3.19792492533774","3.53852103889222",0.999541227558619,1,-0.101206715593225
"ZFP36",0.103580992722735,"0.921467647193796","1.56037543916418","0.345662026187331","0.702562655515721",0.802660114269473,1,-0.709273091828931
"HIPK4",0.859956443871001,"4.92737048985445","4.79992104395526","3.83699624806059","3.85474231894727",0.999541227558619,1,-0.00461432801428433
"CXCL17",0.55841974292386,"4.70384836081087","4.48080553152911","0.864956508052526","0.870109804914743",0.999541227558619,1,-0.00594019027042774
"CEACAM1",0.789702260302316,"4.78748254302185","4.68362841693785","2.03845138138011","1.84308430655064",0.999541227558619,1,0.100749970962986
"PSG8",0.771369294112835,"4.8846725750453","4.71743424477163","1.30983910160562","1.25148098408794",0.999541227558619,1,0.0455766691898543
"PGLYRP1",0.458685962129378,"4.65010530041488","4.49400494926147","1.98790915804241","1.72166578539947",0.999541227558619,1,0.143791110005925
"BICRA-AS1",0.954981835615462,"4.81780247053636","4.76946232065257","1.34905561406634","1.40355420147821",0.999541227558619,1,-0.0396029323502814
"BSPH1",0.709819931857223,"1.18516515725754","1.00187334316559","0.482069395258278","0.542462007651508",0.999541227558619,1,-0.118029973731181
"FUT2",0.235450746583597,"4.92952114431369","4.9296643327796","1.57077855006686","1.1117672549373",0.999541227558619,1,0.345620517401363
"NUCB1-AS1",0.494959277342135,"4.86906103990452","4.76863801971751","1.64411889896336","1.30402112689465",0.999541227558619,1,0.231751952009678
"TMC4",0.387044126981919,"4.90377724612804","4.71917429025067","0.94563793087445","0.714179867221749",0.999541227558619,1,0.280724913379465
"UBE2S",0.0119964656757704,"3.27475320209117","3.42151008614638","2.86102278509395","4.03112546481484",0.250211998380354,1,-0.342866430568032
"EDDM13",0.677934743292107,"4.74679880981472","4.75944492996694","1.93183702283082","1.67583209132409",0.999541227558619,1,0.142161562652321
"C19orf18",0.154475589408369,"4.88588434827924","5.32807624404684","1.0048387197743","1.05304930420033",0.902137442144875,1,-0.0468630038615213
"MACROD2-AS1",0.73766551997981,"4.57551847000378","4.49820653900748","2.99529394311486","3.42179074699711",0.999541227558619,1,-0.133121652907396
"DLGAP4-AS1",0.639963072609763,"4.80995658493072","4.65526242626889","3.02538820646816","2.7339961203853",0.999541227558619,1,0.10127509668999
"SLC32A1",0.0160540098841063,"3.57831205647206","3.56141113349255","9.32837205057355","13.0515438228637",0.260431715897724,1,-0.335845913208501
"CCN5",0.199048493617165,"4.80343186078766","4.5552481385042","0.513547232447925","0.338141372908386",0.999541227558619,1,0.417877935458707
"CBLN4",0.00741504016652983,"4.10138839879959","3.97130263102796","5.19489245743698","7.70640924941388",0.202986724558754,1,-0.394376429515718
"GCNT7",0.819851354215028,"4.6208931183958","4.66549297571622","0.695846083220489","0.787113520696938",0.999541227558619,1,-0.123243991784945
"LIPI",0.43079145138711,"4.8711700845733","4.96226207822614","2.81683583970347","1.8941476838631",0.999541227558619,1,0.396845246021985
"MIR155HG",0.826528318052455,"4.43966909422951","4.31302507755589","1.1325402657164","1.15775382317543",0.999541227558619,1,-0.0220186361599124
"GRIK1-AS1",0.914814010539312,"4.60462033514109","4.52745816943258","1.6580644524227","1.70949111745273",0.999541227558619,1,-0.0305448045384709
"KCNE1",0.27090018121317,"4.88190058871924","4.97574104478592","0.686402022946499","0.503581764502762",0.999541227558619,1,0.30971740411841
"CBR3",0.648664697292739,"4.76327331694652","4.68527320711572","4.02994762632673","3.51188706547664",0.999541227558619,1,0.137599861424554
"TTC3-AS1",0.522091406502464,"4.4673469942026","4.2303183339882","2.82716150123471","3.12105174210677",0.999541227558619,1,-0.0988968366324477
"TRPM2-AS",0.795903713832439,"4.90160300311169","5.03111244247139","0.514602931899204","0.463524881080384",0.999541227558619,1,0.104535532835796
"RGL4",0.614359529908979,"4.83181759883176","4.78349882489725","1.09230749026313","0.889707134389568",0.999541227558619,1,0.205155355067809
"DDT",3.91562235479316e-05,"3.34142363435115","3.47057331754279","2.36448228173588","5.13364486147328",0.00821725464431299,0.017150425913994,-0.775256816587021
"Z99774.1",0.791732844290096,"4.77790229893857","4.82157349540174","2.06170920280919","1.75965973623817",0.999541227558619,1,0.158414890207666
"MTFP1",0.179217314246572,"3.2906598773227","3.22712327584751","1.00552900363198","1.33702379653641",0.975977792219122,1,-0.284932321618841
"MORC2-AS1",0.945759967555155,"4.59264142371927","4.54292904386264","1.54734758146549","1.49328281837119",0.999541227558619,1,0.0355652971240461
"Z82217.1",0.587873760115708,"4.46013707183916","4.51448511262311","1.10589277272814","0.917415634152629",0.999541227558619,1,0.186847603041574
"PVALB",0.0855510597895877,"2.87803705909312","3.10613808618163","14.9265886498488","21.8782984705979",0.734732631134106,1,-0.382351112288738
"MAFF",0.0090582844042015,"4.76254297206055","4.2345684428312","0.790333301916385","0.88891402256247",0.208817293107382,1,-0.117545760663013
"MRTFA-AS1",0.344737235258089,"4.67161572398077","4.74537876746041","0.509872148093217","0.335166682975923",0.999541227558619,1,0.419532035072343
"OGFRP1",0.951227961106239,"4.58522803772007","4.64633213909063","1.22601035282901","1.23630308331542",0.999541227558619,1,-0.00836026014009206
"SMC1B",0.821985473373587,"4.90753706910309","4.81567280111371","0.571408141515512","0.64496517489113",0.999541227558619,1,-0.121092584861547
"Z84468.1",0.943378634622971,"4.66747868761079","4.712467938998","0.77462352777711","0.826927359809609",0.999541227558619,1,-0.0653397146671031
"WWC3-AS1",0.733791246155459,"4.72135045245687","4.79958362121162","0.760655029070066","0.652658173060897",0.999541227558619,1,0.153126421788737
"NHS-AS1",0.793674362828805,"4.69788629413852","4.80420158740854","0.807419543076214","0.909263061497597",0.999541227558619,1,-0.118791035821989
"GK-AS1",0.639609685861881,"4.6856407382721","4.4744193256305","2.62321885434887","2.70759445578138",0.999541227558619,1,-0.0316584519395107
"GPR82",0.498868345323906,"4.66645352096668","4.41809883020807","0.923013150363561","0.795767575644704",0.999541227558619,1,0.148336329005048
"NDUFB11",0.000857710122386274,"2.77890028936406","3.2162369695924","4.55436343976563","6.60277811225011",0.0375677033605188,0.375677033605188,-0.371404715397361
"ERCC6L",0.355937982975652,"4.71292029200596","4.63041977304374","0.634273594489401","0.416911462952393",0.999541227558619,1,0.419606518204511
"TSIX",0.911374657699708,"5.01093931753864","5.10597577232639","8.39262361108478","9.32591236299181",0.999541227558619,1,-0.105443622759529
"DIAPH2-AS1",0.777432615382728,"4.52803240656374","4.43775942719078","2.3937395957884","2.69089274574755",0.999541227558619,1,-0.11701618676732
"TCEAL8",1.02971154944591e-05,"3.14888115263279","3.50388390592185","3.27175946394976","5.98359679132558",0.00451013658657309,0.00451013658657309,-0.603693954697753
"TCEAL7",0.000775670698079161,"3.36051306167837","3.47286881267031","9.04858456113722","14.0883082742929",0.0375677033605188,0.339743765758672,-0.442736909607076
"FRMPD3-AS1",0.610790697960995,"4.46741322327393","4.60959632775061","0.661324808867284","0.804693322279565",0.999541227558619,1,-0.196216129444178
"ALG13-AS1",0.180423060664811,"4.63590677432781","4.35937100375309","1.59776747793854","1.87689011347405",0.975977792219122,1,-0.161008883606951
"TRPC5OS",0.443982795977431,"4.80270298189771","4.60166853866671","1.67350921985122","1.44579567406694",0.999541227558619,1,0.146262941465787
"SLC25A5",0.000558597895642605,"3.39804685944078","3.39738733991456","6.4803589441007","10.7817594527439",0.0375677033605188,0.244665878291461,-0.509079865264855
"MBNL3",0.495140458679253,"4.67861180402242","4.86107236989715","0.540993405957163","0.457895286912656",0.999541227558619,1,0.166766563374263
"MTCP1",0.8066113358464,"4.63745691395984","4.53145524894289","5.06041965930692","4.90915777633569",0.999541227558619,1,0.0303470217036877
"TMLHE-AS1",0.783680315524137,"4.94243261855417","4.82989623177866","3.93546601965402","3.75488116136399",0.999541227558619,1,0.0469726676384462
