"","Name",""
"7804","7804","0"
"2119","2119","0"
"537","537","0"
"10423","10423","0"
"5660","5660","0"
"54471","54471","0"
"10134","10134","0"
"94107","94107","0"
"10618","10618","0"
"79137","79137","0"
"122786","122786","0"
"79073","79073","0"
"91283","91283","0"
"127262","127262","0"
"7070","7070","0"
"51440","51440","0"
"57470","57470","0"
"79065","79065","0"
"9920","9920","0"
"1174","1174","0"
"11041","11041","0"
"6547","6547","0"
"11334","11334","0"
"4758","4758","0"
"222865","222865","0"
"402055","402055","0"
"26017","26017","0"
"8882","8882","0"
"10488","10488","0"
"81848","81848","0"
"4061","4061","0"
"149175","149175","0"
"51617","51617","0"
"196500","196500","0"
"399473","399473","0"
"8266","8266","0"
"2907","2907","0"
"5475","5475","0"
"55228","55228","0"
"57095","57095","0"
"112398","112398","0"
"79012","79012","0"
"116138","116138","0"
"25830","25830","0"
"8303","8303","0"
"6903","6903","0"
"155066","155066","0"
"887","887","0"
"8078","8078","0"
"51560","51560","0"
"84247","84247","0"
"5595","5595","0"
"1949","1949","0"
"54107","54107","0"
"4779","4779","0"
"440465","440465","0"
"50813","50813","0"
"23109","23109","0"
"4987","4987","0"
"23017","23017","0"
"2063","2063","0"
"127703","127703","0"
"101926941","101926941","0"
"10550","10550","0"
"23787","23787","0"
"124044","124044","0"
"63905","63905","0"
"221092","221092","0"
"79039","79039","0"
"50855","50855","0"
"6827","6827","0"
"23625","23625","0"
"55611","55611","0"
"23510","23510","0"
"81876","81876","0"
"8851","8851","0"
"56900","56900","0"
"57617","57617","0"
"84926","84926","0"
"252995","252995","0"
"57586","57586","0"
"6511","6511","0"
"23769","23769","0"
"29924","29924","0"
"2193","2193","0"
"1861","1861","0"
"9538","9538","0"
"128434","128434","0"
"84232","84232","0"
"10846","10846","0"
"5223","5223","0"
"84276","84276","0"
"6327","6327","0"
"53358","53358","0"
"91368","91368","0"
"93621","93621","0"
"11007","11007","0"
"80700","80700","0"
"54785","54785","0"
"359809","359809","0"
"80757","80757","0"
"51449","51449","0"
"51669","51669","0"
"57026","57026","0"
"161424","161424","0"
"57515","57515","0"
"10061","10061","0"
"1508","1508","0"
"23154","23154","0"
"1173","1173","0"
"10670","10670","0"
"6753","6753","0"
"78986","78986","0"
"27065","27065","0"
"7905","7905","0"
"2781","2781","0"
"9278","9278","0"
"168451","168451","0"
"140809","140809","0"
"9804","9804","0"
"30968","30968","0"
"23462","23462","0"
"9806","9806","0"
"90135","90135","0"
"79762","79762","0"
"11344","11344","0"
"90120","90120","0"
"2931","2931","0"
"10959","10959","0"
"83877","83877","0"
"51218","51218","0"
"10360","10360","0"
"7533","7533","0"
"55004","55004","0"
"339983","339983","0"
"84975","84975","0"
"29890","29890","0"
"51116","51116","0"
"8682","8682","0"
"23463","23463","0"
"79183","79183","0"
"84890","84890","0"
"2237","2237","0"
"55845","55845","0"
"10159","10159","0"
"966","966","0"
"2962","2962","0"
"28986","28986","0"
"90956","90956","0"
"54732","54732","0"
"9796","9796","0"
"2039","2039","0"
"219","219","0"
"9240","9240","0"
"51299","51299","0"
"25864","25864","0"
"10955","10955","0"
"3765","3765","0"
"526","526","0"
"14","14","0"
"11285","11285","0"
"59353","59353","0"
"7762","7762","0"
"729082","729082","0"
"647979","647979","0"
"6860","6860","0"
"5901","5901","0"
"9783","9783","0"
"27183","27183","0"
"51373","51373","0"
"5824","5824","0"
"10421","10421","0"
"79142","79142","0"
"4681","4681","0"
"200734","200734","0"
"377","377","0"
"1718","1718","0"
"10943","10943","0"
"57608","57608","0"
"553115","553115","0"
"9221","9221","0"
"55709","55709","0"
"57463","57463","0"
"8564","8564","0"
"10554","10554","0"
"3159","3159","0"
"57692","57692","0"
"65018","65018","0"
"90780","90780","0"
"55884","55884","0"
"246330","246330","0"
"6751","6751","0"
"24147","24147","0"
"23558","23558","0"
"9252","9252","0"
"10440","10440","0"
"100287482","100287482","0"
"4946","4946","0"
"83638","83638","0"
"149603","149603","0"
"8864","8864","0"
"28955","28955","0"
"29934","29934","0"
"56061","56061","0"
"8703","8703","0"
"387263","387263","0"
"5315","5315","0"
"27122","27122","0"
"5621","5621","0"
"200407","200407","0"
"65988","65988","0"
"140735","140735","0"
"7008","7008","0"
"149345","149345","0"
"131408","131408","0"
"90809","90809","0"
"57469","57469","0"
"9114","9114","0"
"527","527","0"
"8941","8941","0"
"1938","1938","0"
"51335","51335","0"
"1032","1032","0"
"128977","128977","0"
"50861","50861","0"
"9275","9275","0"
"79102","79102","0"
"54472","54472","0"
"396","396","0"
"55728","55728","0"
"22928","22928","0"
"4826","4826","0"
"252969","252969","0"
"29903","29903","0"
"1952","1952","0"
"286319","286319","0"
"808","808","0"
"114569","114569","0"
"9715","9715","0"
"493812","493812","0"
"6884","6884","0"
"89890","89890","0"
"26470","26470","0"
"3608","3608","0"
"6297","6297","0"
"259236","259236","0"
"9399","9399","0"
"8708","8708","0"
"705","705","0"
"91663","91663","0"
"25789","25789","0"
"27304","27304","0"
"64112","64112","0"
"1639","1639","0"
"128486","128486","0"
"51573","51573","0"
"5714","5714","0"
"79734","79734","0"
"10949","10949","0"
"51155","51155","0"
"56257","56257","0"
"11230","11230","0"
"476","476","0"
"10209","10209","0"
"401152","401152","0"
"81873","81873","0"
"5434","5434","0"
"153527","153527","0"
"492311","492311","0"
"92856","92856","0"
"53826","53826","0"
"71","71","0"
"64837","64837","0"
"55379","55379","0"
"3897","3897","0"
"29101","29101","0"
"7922","7922","0"
"8534","8534","0"
"1141","1141","0"
"10769","10769","0"
"572","572","0"
"3281","3281","0"
"740","740","0"
"10248","10248","0"
"84134","84134","0"
"552889","552889","0"
"6500","6500","0"
"80789","80789","0"
"284069","284069","0"
"55530","55530","0"
"2194","2194","0"
"51187","51187","0"
"51318","51318","0"
"7416","7416","0"
"114787","114787","0"
"7532","7532","0"
"64110","64110","0"
"2850","2850","0"
"11070","11070","0"
"26145","26145","0"
"821","821","0"
"83743","83743","0"
"54470","54470","0"
"2026","2026","0"
"801","801","0"
"23212","23212","0"
"10273","10273","0"
"51310","51310","0"
"8507","8507","0"
"4809","4809","0"
"51278","51278","0"
"400","400","0"
"84968","84968","0"
"7077","7077","0"
"4953","4953","0"
"254887","254887","0"
"10302","10302","0"
"126792","126792","0"
"271","271","0"
"81631","81631","0"
"1944","1944","0"
"254778","254778","0"
"599","599","0"
"29901","29901","0"
"27338","27338","0"
"23283","23283","0"
"26953","26953","0"
"80142","80142","0"
"57106","57106","0"
"9246","9246","0"
"1937","1937","0"
"55190","55190","0"
"8576","8576","0"
"9784","9784","0"
"81618","81618","0"
"2523","2523","0"
"5623","5623","0"
"57468","57468","0"
"9040","9040","0"
"65993","65993","0"
"79143","79143","0"
"2002","2002","0"
"63939","63939","0"
"5573","5573","0"
"22818","22818","0"
"293","293","0"
"8668","8668","0"
"29094","29094","0"
"55800","55800","0"
"27239","27239","0"
"11337","11337","0"
"79693","79693","0"
"1849","1849","0"
"440145","440145","0"
"3761","3761","0"
"291","291","0"
"3036","3036","0"
"4741","4741","0"
"51517","51517","0"
"6734","6734","0"
"79365","79365","0"
"9684","9684","0"
"55897","55897","0"
"7458","7458","0"
"23708","23708","0"
"23349","23349","0"
"54529","54529","0"
"134548","134548","0"
"2281","2281","0"
"55754","55754","0"
"283951","283951","0"
"5631","5631","0"
"529","529","0"
"23300","23300","0"
"387856","387856","0"
"191","191","0"
"28958","28958","0"
"23542","23542","0"
"401097","401097","0"
"4747","4747","0"
"10687","10687","0"
"25804","25804","0"
"340526","340526","0"
"148252","148252","0"
"94103","94103","0"
"203190","203190","0"
"53918","53918","0"
"27069","27069","0"
"533","533","0"
"83719","83719","0"
"6049","6049","0"
"2563","2563","0"
"56271","56271","0"
"6415","6415","0"
"84620","84620","0"
"254263","254263","0"
"8535","8535","0"
"27166","27166","0"
"60673","60673","0"
"266812","266812","0"
"56993","56993","0"
"55585","55585","0"
"400745","400745","0"
"9825","9825","0"
"1845","1845","0"
"9143","9143","0"
"29985","29985","0"
"398","398","0"
"23399","23399","0"
"55737","55737","0"
"6782","6782","0"
"4191","4191","0"
"23710","23710","0"
"57171","57171","0"
"56893","56893","0"
"9550","9550","0"
"5164","5164","0"
"10633","10633","0"
"439","439","0"
"3767","3767","0"
"404037","404037","0"
"58157","58157","0"
"162989","162989","0"
"8742","8742","0"
"9817","9817","0"
"284615","284615","0"
"25977","25977","0"
"6418","6418","0"
"9435","9435","0"
"25907","25907","0"
"112441426","112441426","0"
"503542","503542","0"
"55343","55343","0"
"55041","55041","0"
"1128","1128","0"
"4905","4905","0"
"654429","654429","0"
"10126","10126","0"
"79007","79007","0"
"54958","54958","0"
"8314","8314","0"
"7167","7167","0"
"6612","6612","0"
"3361","3361","0"
"6726","6726","0"
"51286","51286","0"
"4189","4189","0"
"5999","5999","0"
"64838","64838","0"
"27339","27339","0"
"23204","23204","0"
"55111","55111","0"
"57215","57215","0"
"84522","84522","0"
"7355","7355","0"
"2847","2847","0"
"2554","2554","0"
"554202","554202","0"
"286002","286002","0"
"10567","10567","0"
"26277","26277","0"
"221491","221491","0"
"10920","10920","0"
"54976","54976","0"
"80851","80851","0"
"155382","155382","0"
"6048","6048","0"
"9049","9049","0"
"84313","84313","0"
"92703","92703","0"
"10857","10857","0"
"56970","56970","0"
"51398","51398","0"
"25994","25994","0"
"55859","55859","0"
"140689","140689","0"
"139065","139065","0"
"27289","27289","0"
"1982","1982","0"
"6138","6138","0"
"5501","5501","0"
"25844","25844","0"
"283576","283576","0"
"5879","5879","0"
"2191","2191","0"
"2879","2879","0"
"83723","83723","0"
"4692","4692","0"
"29886","29886","0"
"158586","158586","0"
"1628","1628","0"
"10123","10123","0"
"258010","258010","0"
"1114","1114","0"
"79622","79622","0"
"116442","116442","0"
"478","478","0"
"1974","1974","0"
"5864","5864","0"
"23479","23479","0"
"10900","10900","0"
"66004","66004","0"
"80863","80863","0"
"2288","2288","0"
"4247","4247","0"
"56255","56255","0"
"440730","440730","0"
"6183","6183","0"
"84557","84557","0"
"402","402","0"
"9184","9184","0"
"885","885","0"
"55969","55969","0"
"54989","54989","0"
"63908","63908","0"
"90843","90843","0"
"348262","348262","0"
"114932","114932","0"
"10439","10439","0"
"2805","2805","0"
"221424","221424","0"
"30818","30818","0"
"85359","85359","0"
"382","382","0"
"1616","1616","0"
"6990","6990","0"
"55270","55270","0"
"8128","8128","0"
"140606","140606","0"
"5217","5217","0"
"283248","283248","0"
"55312","55312","0"
"3061","3061","0"
"3300","3300","0"
"79691","79691","0"
"5865","5865","0"
"375","375","0"
"1050","1050","0"
"3489","3489","0"
"55327","55327","0"
"3052","3052","0"
"55352","55352","0"
"54913","54913","0"
"741","741","0"
"10542","10542","0"
"79722","79722","0"
"10479","10479","0"
"57414","57414","0"
"10116","10116","0"
"54972","54972","0"
"26580","26580","0"
"94160","94160","0"
"7529","7529","0"
"51499","51499","0"
"1152","1152","0"
"1509","1509","0"
"166","166","0"
"2835","2835","0"
"100294362","100294362","0"
"55009","55009","0"
"3265","3265","0"
"51566","51566","0"
"219738","219738","0"
"54951","54951","0"
"79095","79095","0"
"26517","26517","0"
"2023","2023","0"
"27430","27430","0"
"131474","131474","0"
"51132","51132","0"
"84078","84078","0"
"113452","113452","0"
"83695","83695","0"
"11076","11076","0"
"344595","344595","0"
"100505573","100505573","0"
"5950","5950","0"
"10105","10105","0"
"4142","4142","0"
"58527","58527","0"
"2280","2280","0"
"134553","134553","0"
"10938","10938","0"
"51693","51693","0"
"10525","10525","0"
"79176","79176","0"
"203547","203547","0"
"374659","374659","0"
"5524","5524","0"
"139735","139735","0"
"56849","56849","0"
"79751","79751","0"
"404217","404217","0"
"6124","6124","0"
"3420","3420","0"
"51388","51388","0"
"5230","5230","0"
"51631","51631","0"
"9903","9903","0"
"57592","57592","0"
"1964","1964","0"
"84262","84262","0"
"150223","150223","0"
"112970","112970","0"
"6613","6613","0"
"10289","10289","0"
"7259","7259","0"
"84317","84317","0"
"114757","114757","0"
"53","53","0"
"9867","9867","0"
"80758","80758","0"
"3754","3754","0"
"80764","80764","0"
"55181","55181","0"
"63974","63974","0"
"63875","63875","0"
"643155","643155","0"
"5119","5119","0"
"4201","4201","0"
"23401","23401","0"
"1072","1072","0"
"26001","26001","0"
"40","40","0"
"139341","139341","0"
"1069","1069","0"
"27344","27344","0"
"113829","113829","0"
"200933","200933","0"
"51337","51337","0"
"1027","1027","0"
"3921","3921","0"
"6545","6545","0"
"85453","85453","0"
"64131","64131","0"
"1059","1059","0"
"2764","2764","0"
"10245","10245","0"
"440400","440400","0"
"805","805","0"
"7284","7284","0"
"2583","2583","0"
"1917","1917","0"
"3062","3062","0"
"10962","10962","0"
"534","534","0"
"54205","54205","0"
"10009","10009","0"
"100170841","100170841","0"
"340578","340578","0"
"283209","283209","0"
"9158","9158","0"
"10093","10093","0"
"5763","5763","0"
"100996939","100996939","0"
"134266","134266","0"
"65260","65260","0"
"388394","388394","0"
"51372","51372","0"
"10636","10636","0"
"644096","644096","0"
"152217","152217","0"
"55163","55163","0"
"4303","4303","0"
"51646","51646","0"
"10189","10189","0"
"79763","79763","0"
"5440","5440","0"
"130612","130612","0"
"3423","3423","0"
"481","481","0"
"790955","790955","0"
"55450","55450","0"
"60370","60370","0"
"79850","79850","0"
"22995","22995","0"
"10023","10023","0"
"26240","26240","0"
"84337","84337","0"
"1031","1031","0"
"27336","27336","0"
"94032","94032","0"
"4900","4900","0"
"340529","340529","0"
"200728","200728","0"
"134637","134637","0"
"65009","65009","0"
"132332","132332","0"
"79803","79803","0"
"26071","26071","0"
"221710","221710","0"
"26232","26232","0"
"1020","1020","0"
"1476","1476","0"
"148014","148014","0"
"390","390","0"
"100188893","100188893","0"
"60592","60592","0"
"29100","29100","0"
"9296","9296","0"
"54968","54968","0"
"388730","388730","0"
"55272","55272","0"
"6187","6187","0"
"7884","7884","0"
"375616","375616","0"
"4674","4674","0"
"29978","29978","0"
"388552","388552","0"
"63943","63943","0"
"292","292","0"
"7386","7386","0"
"10472","10472","0"
"113655","113655","0"
"689","689","0"
"8402","8402","0"
"4856","4856","0"
"729991","729991","0"
"506","506","0"
"280636","280636","0"
"10284","10284","0"
"100505894","100505894","0"
"7311","7311","0"
"10589","10589","0"
"116151","116151","0"
"9495","9495","0"
"2662","2662","0"
"8933","8933","0"
"4942","4942","0"
"55432","55432","0"
"115939","115939","0"
"7277","7277","0"
"7781","7781","0"
"338755","338755","0"
"90333","90333","0"
"5502","5502","0"
"2783","2783","0"
"284023","284023","0"
"65989","65989","0"
"27018","27018","0"
"5037","5037","0"
"192286","192286","0"
"83475","83475","0"
"5245","5245","0"
"1305","1305","0"
"80772","80772","0"
"1763","1763","0"
"23741","23741","0"
"5122","5122","0"
"25906","25906","0"
"114928","114928","0"
"6950","6950","0"
"1831","1831","0"
"1392","1392","0"
"65078","65078","0"
"399697","399697","0"
"100874051","100874051","0"
"23568","23568","0"
"79624","79624","0"
"3939","3939","0"
"2830","2830","0"
"84299","84299","0"
"101928244","101928244","0"
"10957","10957","0"
"54458","54458","0"
"70","70","0"
"9445","9445","0"
"2021","2021","0"
"11033","11033","0"
"64207","64207","0"
"648","648","0"
"826","826","0"
"1191","1191","0"
"55201","55201","0"
"56978","56978","0"
"7425","7425","0"
"163732","163732","0"
"140597","140597","0"
"11345","11345","0"
"153918","153918","0"
"23770","23770","0"
"170261","170261","0"
"85014","85014","0"
"10776","10776","0"
"51142","51142","0"
"6727","6727","0"
"79586","79586","0"
"3852","3852","0"
"8636","8636","0"
"4794","4794","0"
"10574","10574","0"
"10430","10430","0"
"8655","8655","0"
"2785","2785","0"
"29107","29107","0"
"54704","54704","0"
"3434","3434","0"
"91683","91683","0"
"27012","27012","0"
"91608","91608","0"
"7388","7388","0"
"10933","10933","0"
"152789","152789","0"
"727800","727800","0"
"144110","144110","0"
"220213","220213","0"
"26468","26468","0"
"2644","2644","0"
"100505483","100505483","0"
"340542","340542","0"
"3737","3737","0"
"2597","2597","0"
"26994","26994","0"
"645974","645974","0"
"64219","64219","0"
"79697","79697","0"
"80335","80335","0"
"389813","389813","0"
"54749","54749","0"
"51473","51473","0"
"3741","3741","0"
"10294","10294","0"
"220359","220359","0"
"93082","93082","0"
"8220","8220","0"
"51728","51728","0"
"83604","83604","0"
"54512","54512","0"
"93166","93166","0"
"55794","55794","0"
"10935","10935","0"
"22861","22861","0"
"83443","83443","0"
"255022","255022","0"
"3787","3787","0"
"64951","64951","0"
"100506428","100506428","0"
"84967","84967","0"
"4223","4223","0"
"115207","115207","0"
"60493","60493","0"
"100288911","100288911","0"
"975","975","0"
"146","146","0"
"55997","55997","0"
"347902","347902","0"
"11148","11148","0"
"148413","148413","0"
"128240","128240","0"
"114900","114900","0"
"5518","5518","0"
"145438","145438","0"
"375057","375057","0"
"694","694","0"
"23089","23089","0"
"26231","26231","0"
"8447","8447","0"
"23148","23148","0"
"25999","25999","0"
"115557","115557","0"
"89792","89792","0"
"57113","57113","0"
"100507043","100507043","0"
"116","116","0"
"22845","22845","0"
"25847","25847","0"
"84309","84309","0"
"51119","51119","0"
"441518","441518","0"
"65999","65999","0"
"9587","9587","0"
"6835","6835","0"
"103910","103910","0"
"10683","10683","0"
"8079","8079","0"
"100507257","100507257","0"
"158931","158931","0"
"126003","126003","0"
"3326","3326","0"
"255783","255783","0"
"22827","22827","0"
"10614","10614","0"
"50944","50944","0"
"79623","79623","0"
"5092","5092","0"
"401720","401720","0"
"8815","8815","0"
"1915","1915","0"
"5050","5050","0"
"23551","23551","0"
"105369525","105369525","0"
"3925","3925","0"
"5515","5515","0"
"10383","10383","0"
"50632","50632","0"
"26519","26519","0"
"4062","4062","0"
"11165","11165","0"
"388015","388015","0"
"1460","1460","0"
"101927777","101927777","0"
"7556","7556","0"
"6324","6324","0"
"9338","9338","0"
"83855","83855","0"
"102723557","102723557","0"
"9187","9187","0"
"8814","8814","0"
"6750","6750","0"
"6141","6141","0"
"64147","64147","0"
"10809","10809","0"
"56648","56648","0"
"60496","60496","0"
"708","708","0"
"4744","4744","0"
"2049","2049","0"
"85478","85478","0"
"622","622","0"
"23498","23498","0"
"7763","7763","0"
"24141","24141","0"
"388135","388135","0"
"27319","27319","0"
"664","664","0"
"25824","25824","0"
"10953","10953","0"
"401505","401505","0"
"389119","389119","0"
"230","230","0"
"127281","127281","0"
"9709","9709","0"
"22901","22901","0"
"84326","84326","0"
"333","333","0"
"9572","9572","0"
"8808","8808","0"
"5193","5193","0"
"136227","136227","0"
"441381","441381","0"
"100507341","100507341","0"
"23467","23467","0"
"7857","7857","0"
"101928869","101928869","0"
"338557","338557","0"
"100861516","100861516","0"
"116349","116349","0"
"112755","112755","0"
"80164","80164","0"
"811","811","0"
"100874185","100874185","0"
"54112","54112","0"
"9118","9118","0"
"378832","378832","0"
"171177","171177","0"
"90342","90342","0"
"201254","201254","0"
"51596","51596","0"
"29965","29965","0"
"284904","284904","0"
"388795","388795","0"
"552860","552860","0"
"222008","222008","0"
"9094","9094","0"
"869","869","0"
"4085","4085","0"
"65080","65080","0"
"5100","5100","0"
"51504","51504","0"
"57132","57132","0"
"85364","85364","0"
"3486","3486","0"
"102724341","102724341","0"
"25797","25797","0"
"54551","54551","0"
"340252","340252","0"
"55040","55040","0"
"64976","64976","0"
"1633","1633","0"
"100505678","100505678","0"
"4716","4716","0"
"132112","132112","0"
"84687","84687","0"
"3788","3788","0"
"4968","4968","0"
"345079","345079","0"
"5093","5093","0"
"3727","3727","0"
"140679","140679","0"
"100874198","100874198","0"
"57168","57168","0"
"79738","79738","0"
"3320","3320","0"
"100130301","100130301","0"
"56906","56906","0"
"1846","1846","0"
"105376814","105376814","0"
"9308","9308","0"
"57030","57030","0"
"1113","1113","0"
"64080","64080","0"
"10155","10155","0"
"344787","344787","0"
"439950","439950","0"
"83658","83658","0"
"5205","5205","0"
"103344928","103344928","0"
"3094","3094","0"
"9080","9080","0"
"1812","1812","0"
"4610","4610","0"
"1327","1327","0"
"5954","5954","0"
"79370","79370","0"
"284099","284099","0"
"220202","220202","0"
"1397","1397","0"
"8993","8993","0"
"24138","24138","0"
"1073","1073","0"
"29796","29796","0"
"100873973","100873973","0"
"3479","3479","0"
"124535","124535","0"
"25819","25819","0"
"6193","6193","0"
"11258","11258","0"
"91582","91582","0"
"11255","11255","0"
"353376","353376","0"
"8861","8861","0"
"90480","90480","0"
"54769","54769","0"
"151176","151176","0"
"101241892","101241892","0"
"5694","5694","0"
"399668","399668","0"
"100507050","100507050","0"
"6472","6472","0"
"286189","286189","0"
"10166","10166","0"
"101928161","101928161","0"
"11055","11055","0"
"8153","8153","0"
"56603","56603","0"
"3149","3149","0"
"874","874","0"
"51655","51655","0"
"4324","4324","0"
"28974","28974","0"
"29114","29114","0"
"152","152","0"
"219956","219956","0"
"6697","6697","0"
"27346","27346","0"
"6130","6130","0"
"7280","7280","0"
"3914","3914","0"
"6182","6182","0"
"100289274","100289274","0"
"54777","54777","0"
"645369","645369","0"
"139599","139599","0"
"60","60","0"
"55835","55835","0"
"91893","91893","0"
"1984","1984","0"
"391356","391356","0"
"101926987","101926987","0"
"8553","8553","0"
"7466","7466","0"
"198437","198437","0"
"51599","51599","0"
"90102","90102","0"
"56246","56246","0"
"283687","283687","0"
"5438","5438","0"
"11015","11015","0"
"3312","3312","0"
"51268","51268","0"
"55505","55505","0"
"149465","149465","0"
"349667","349667","0"
"64849","64849","0"
"10590","10590","0"
"100506195","100506195","0"
"10169","10169","0"
"4718","4718","0"
"22836","22836","0"
"84993","84993","0"
"202915","202915","0"
"200931","200931","0"
"51066","51066","0"
"56160","56160","0"
"85397","85397","0"
"6209","6209","0"
"256281","256281","0"
"9556","9556","0"
"3642","3642","0"
"100128264","100128264","0"
"440184","440184","0"
"574406","574406","0"
"419","419","0"
"28951","28951","0"
"839","839","0"
"126248","126248","0"
"79948","79948","0"
"51053","51053","0"
"8273","8273","0"
"7262","7262","0"
"6647","6647","0"
"3912","3912","0"
"171392","171392","0"
"9487","9487","0"
"10244","10244","0"
"6304","6304","0"
"4884","4884","0"
"8099","8099","0"
"10124","10124","0"
"84759","84759","0"
"643783","643783","0"
"285051","285051","0"
"201229","201229","0"
"9168","9168","0"
"3188","3188","0"
"2778","2778","0"
"91523","91523","0"
"56892","56892","0"
"106614088","106614088","0"
"388","388","0"
"79156","79156","0"
"283692","283692","0"
"2289","2289","0"
"65263","65263","0"
"90378","90378","0"
"79469","79469","0"
"8736","8736","0"
"54539","54539","0"
"2114","2114","0"
"10381","10381","0"
"7846","7846","0"
"518","518","0"
"3291","3291","0"
"136319","136319","0"
"140771","140771","0"
"149069","149069","0"
"6122","6122","0"
"10874","10874","0"
"83460","83460","0"
"55851","55851","0"
"90768","90768","0"
"105370888","105370888","0"
"8854","8854","0"
"389856","389856","0"
"4675","4675","0"
"101927155","101927155","0"
"5052","5052","0"
"6159","6159","0"
"4792","4792","0"
"100874216","100874216","0"
"6374","6374","0"
"10370","10370","0"
"10984","10984","0"
"2161","2161","0"
"4625","4625","0"
"1051","1051","0"
"57611","57611","0"
"203068","203068","0"
"154865","154865","0"
"3736","3736","0"
"80319","80319","0"
"346007","346007","0"
"200132","200132","0"
"90993","90993","0"
"379","379","0"
"55203","55203","0"
"390205","390205","0"
"100134229","100134229","0"
"10309","10309","0"
"11095","11095","0"
"390616","390616","0"
"27101","27101","0"
"6623","6623","0"
"23270","23270","0"
"106481171","106481171","0"
"345895","345895","0"
"57369","57369","0"
"3421","3421","0"
"100861548","100861548","0"
"100128071","100128071","0"
"400916","400916","0"
"128346","128346","0"
"58485","58485","0"
"10376","10376","0"
"10573","10573","0"
"1175","1175","0"
"84830","84830","0"
"57801","57801","0"
"113130","113130","0"
"116541","116541","0"
"319085","319085","0"
"26526","26526","0"
"100873982","100873982","0"
"10263","10263","0"
"5716","5716","0"
"6620","6620","0"
"2878","2878","0"
"8701","8701","0"
"8739","8739","0"
"5453","5453","0"
"100506779","100506779","0"
"6142","6142","0"
"147138","147138","0"
"6386","6386","0"
"51281","51281","0"
"54998","54998","0"
"2950","2950","0"
"147807","147807","0"
"102524628","102524628","0"
"317719","317719","0"
"79094","79094","0"
"711","711","0"
"3488","3488","0"
"9351","9351","0"
"207107","207107","0"
"6618","6618","0"
"10249","10249","0"
"347549","347549","0"
"8666","8666","0"
"114789","114789","0"
"55466","55466","0"
"8270","8270","0"
"100856811","100856811","0"
"140687","140687","0"
"7289","7289","0"
"644974","644974","0"
"5478","5478","0"
"8822","8822","0"
"100506555","100506555","0"
"4082","4082","0"
"83449","83449","0"
"844","844","0"
"3305","3305","0"
"100506915","100506915","0"
"2532","2532","0"
"6996","6996","0"
"7851","7851","0"
"100506325","100506325","0"
"80139","80139","0"
"2524","2524","0"
"100874249","100874249","0"
"3301","3301","0"
"101927591","101927591","0"
"6843","6843","0"
"9120","9120","0"
"7001","7001","0"
"7432","7432","0"
"388569","388569","0"
"378881","378881","0"
"121227","121227","0"
"5121","5121","0"
"3208","3208","0"
"79977","79977","0"
"5441","5441","0"
"7476","7476","0"
"7494","7494","0"
"283130","283130","0"
"1731","1731","0"
"285987","285987","0"
"682","682","0"
"92092","92092","0"
"285126","285126","0"
"15","15","0"
"51042","51042","0"
"374470","374470","0"
"79879","79879","0"
"202500","202500","0"
"6923","6923","0"
"100132774","100132774","0"
"647174","647174","0"
"257068","257068","0"
"4234","4234","0"
"4621","4621","0"
"226","226","0"
"9601","9601","0"
"80346","80346","0"
"81575","81575","0"
"3309","3309","0"
"151354","151354","0"
"283314","283314","0"
"130813","130813","0"
"79642","79642","0"
"202","202","0"
"10149","10149","0"
"349136","349136","0"
"285463","285463","0"
"1351","1351","0"
"4923","4923","0"
"100506374","100506374","0"
"135250","135250","0"
"150353","150353","0"
"1746","1746","0"
"65997","65997","0"
"49861","49861","0"
"146547","146547","0"
"166929","166929","0"
"9997","9997","0"
"7474","7474","0"
"100873949","100873949","0"
"5961","5961","0"
"79873","79873","0"
"5426","5426","0"
"100131691","100131691","0"
"513","513","0"
"92610","92610","0"
"201780","201780","0"
"4515","4515","0"
"132158","132158","0"
"83990","83990","0"
"64881","64881","0"
"414765","414765","0"
"23105","23105","0"
"649446","649446","0"
"150291","150291","0"
"25928","25928","0"
"442590","442590","0"
"201477","201477","0"
"8263","8263","0"
"116211","116211","0"
"89832","89832","0"
"256536","256536","0"
"6382","6382","0"
"118856","118856","0"
"10716","10716","0"
"632","632","0"
"10140","10140","0"
"148930","148930","0"
"3645","3645","0"
"132203","132203","0"
"23452","23452","0"
"25961","25961","0"
"64284","64284","0"
"100874070","100874070","0"
"23480","23480","0"
"1326","1326","0"
"254559","254559","0"
"388789","388789","0"
"4760","4760","0"
"260434","260434","0"
"10615","10615","0"
"56475","56475","0"
"100852410","100852410","0"
"64943","64943","0"
"100131187","100131187","0"
"10665","10665","0"
"360200","360200","0"
"6819","6819","0"
"731220","731220","0"
"9551","9551","0"
"10089","10089","0"
"100329135","100329135","0"
"7166","7166","0"
"4267","4267","0"
"5207","5207","0"
"1608","1608","0"
"102724826","102724826","0"
"54865","54865","0"
"1652","1652","0"
"341208","341208","0"
"2849","2849","0"
"100506462","100506462","0"
"285643","285643","0"
"100874243","100874243","0"
"6748","6748","0"
"5454","5454","0"
"100131801","100131801","0"
"651746","651746","0"
"206412","206412","0"
"60509","60509","0"
"7955","7955","0"
"3373","3373","0"
"283131","283131","0"
"283446","283446","0"
"2124","2124","0"
"403314","403314","0"
"6405","6405","0"
"6853","6853","0"
"5145","5145","0"
"10371","10371","0"
"345062","345062","0"
"414318","414318","0"
"101929286","101929286","0"
"3398","3398","0"
"100873972","100873972","0"
"4739","4739","0"
"90288","90288","0"
"51282","51282","0"
"9963","9963","0"
"102546298","102546298","0"
"100128731","100128731","0"
"101929478","101929478","0"
"4958","4958","0"
"1118","1118","0"
"401236","401236","0"
"7764","7764","0"
"4697","4697","0"
"400120","400120","0"
"101927320","101927320","0"
"161742","161742","0"
"92340","92340","0"
"387712","387712","0"
"56256","56256","0"
"7780","7780","0"
"6526","6526","0"
"107984345","107984345","0"
"400798","400798","0"
"84266","84266","0"
"5948","5948","0"
"51379","51379","0"
"100874085","100874085","0"
"127943","127943","0"
"283050","283050","0"
"100128881","100128881","0"
"220","220","0"
"100507404","100507404","0"
"5158","5158","0"
"53635","53635","0"
"101927380","101927380","0"
"401115","401115","0"
"58495","58495","0"
"100874325","100874325","0"
"11200","11200","0"
"9322","9322","0"
"54847","54847","0"
"100507178","100507178","0"
"284338","284338","0"
"1009","1009","0"
"408263","408263","0"
"346562","346562","0"
"3485","3485","0"
"101926895","101926895","0"
"6098","6098","0"
"157693","157693","0"
"100507308","100507308","0"
"27199","27199","0"
"6890","6890","0"
"57501","57501","0"
"8170","8170","0"
"5613","5613","0"
"144347","144347","0"
"54829","54829","0"
"10417","10417","0"
"646424","646424","0"
"146225","146225","0"
"93654","93654","0"
"162681","162681","0"
"100873976","100873976","0"
"283848","283848","0"
"7379","7379","0"
"205251","205251","0"
"9230","9230","0"
"100507650","100507650","0"
"169166","169166","0"
"57565","57565","0"
"100132159","100132159","0"
"132200","132200","0"
"2660","2660","0"
"84987","84987","0"
"140862","140862","0"
"642475","642475","0"
"7162","7162","0"
"100874242","100874242","0"
"113246","113246","0"
"100873939","100873939","0"
"25825","25825","0"
"83697","83697","0"
"3755","3755","0"
"109729137","109729137","0"
"83666","83666","0"
"3753","3753","0"
"7049","7049","0"
"84684","84684","0"
"11248","11248","0"
"105376762","105376762","0"
"374955","374955","0"
"116412","116412","0"
"6094","6094","0"
"55540","55540","0"
"51523","51523","0"
"100131094","100131094","0"
"10598","10598","0"
"110599564","110599564","0"
"1350","1350","0"
"59286","59286","0"
"83442","83442","0"
"81025","81025","0"
"516","516","0"
"56341","56341","0"
"101927597","101927597","0"
"10975","10975","0"
"51764","51764","0"
"26074","26074","0"
"79760","79760","0"
"3059","3059","0"
"83546","83546","0"
"125981","125981","0"
"8516","8516","0"
"7314","7314","0"
"150365","150365","0"
"51181","51181","0"
"5549","5549","0"
"3950","3950","0"
"169044","169044","0"
"100134015","100134015","0"
"285955","285955","0"
"8224","8224","0"
"2841","2841","0"
"113230","113230","0"
"282996","282996","0"
"23593","23593","0"
"100130311","100130311","0"
"101929516","101929516","0"
"100130197","100130197","0"
"130013","130013","0"
"2014","2014","0"
"3892","3892","0"
"728586","728586","0"
"4588","4588","0"
"100506765","100506765","0"
"199720","199720","0"
"6844","6844","0"
"100507435","100507435","0"
"1375","1375","0"
"4751","4751","0"
"6586","6586","0"
"388677","388677","0"
"151258","151258","0"
"1340","1340","0"
"861","861","0"
"9607","9607","0"
"80161","80161","0"
"11259","11259","0"
"8111","8111","0"
"5888","5888","0"
"22932","22932","0"
"646603","646603","0"
"106144526","106144526","0"
"10382","10382","0"
"84063","84063","0"
"9133","9133","0"
"101927983","101927983","0"
"257203","257203","0"
"4969","4969","0"
"285489","285489","0"
"9356","9356","0"
"715","715","0"
"100507466","100507466","0"
"200185","200185","0"
"5698","5698","0"
"221391","221391","0"
"100131208","100131208","0"
"6813","6813","0"
"80823","80823","0"
"6010","6010","0"
"3953","3953","0"
"100874064","100874064","0"
"85002","85002","0"
"3993","3993","0"
"9533","9533","0"
"6277","6277","0"
"284759","284759","0"
"57084","57084","0"
"100873986","100873986","0"
"5424","5424","0"
"100874241","100874241","0"
"101927416","101927416","0"
"5671","5671","0"
"80216","80216","0"
"100874197","100874197","0"
"342346","342346","0"
"105375726","105375726","0"
"4282","4282","0"
"6519","6519","0"
"2196","2196","0"
"25816","25816","0"
"58160","58160","0"
"55503","55503","0"
"8552","8552","0"
"4914","4914","0"
"3487","3487","0"
"100507066","100507066","0"
"400673","400673","0"
"100507588","100507588","0"
"10888","10888","0"
"3738","3738","0"
"104355297","104355297","0"
"104797538","104797538","0"
"4593","4593","0"
"6532","6532","0"
"150","150","0"
"3985","3985","0"
"613212","613212","0"
"348303","348303","0"
"54466","54466","0"
"284422","284422","0"
"253044","253044","0"
"91355","91355","0"
"284424","284424","0"
"6583","6583","0"
"341276","341276","0"
"79144","79144","0"
"2996","2996","0"
"5175","5175","0"
"283377","283377","0"
"102724820","102724820","0"
"5069","5069","0"
"54478","54478","0"
"373509","373509","0"
"6911","6911","0"
"1842","1842","0"
"83541","83541","0"
"1080","1080","0"
"7975","7975","0"
"54751","54751","0"
"102724663","102724663","0"
"101926888","101926888","0"
"3357","3357","0"
"10362","10362","0"
"793","793","0"
"375189","375189","0"
"126328","126328","0"
"9177","9177","0"
"54510","54510","0"
"100128788","100128788","0"
"127255","127255","0"
"84700","84700","0"
"100874206","100874206","0"
"441478","441478","0"
"64785","64785","0"
"22807","22807","0"
"25915","25915","0"
"135","135","0"
"388906","388906","0"
"220930","220930","0"
"146378","146378","0"
"399876","399876","0"
"389840","389840","0"
"10963","10963","0"
"4725","4725","0"
"246329","246329","0"
"349633","349633","0"
"100126791","100126791","0"
"54810","54810","0"
"100874087","100874087","0"
"100874007","100874007","0"
"163933","163933","0"
"10581","10581","0"
"169522","169522","0"
"11077","11077","0"
"100129924","100129924","0"
"57116","57116","0"
"28638","28638","0"
"402779","402779","0"
"85320","85320","0"
"50836","50836","0"
"7173","7173","0"
"84226","84226","0"
"100506994","100506994","0"
"101927043","101927043","0"
"100505758","100505758","0"
"81622","81622","0"
"381","381","0"
"56158","56158","0"
"8906","8906","0"
"29951","29951","0"
"100379345","100379345","0"
"27197","27197","0"
"151484","151484","0"
"1421","1421","0"
"150381","150381","0"
"100874037","100874037","0"
"25786","25786","0"
"100874239","100874239","0"
"4694","4694","0"
"146439","146439","0"
"138151","138151","0"
"1017","1017","0"
"10824","10824","0"
"117289","117289","0"
"100113386","100113386","0"
"55437","55437","0"
"284215","284215","0"
"387601","387601","0"
"27033","27033","0"
"494143","494143","0"
"136288","136288","0"
"100506134","100506134","0"
"54933","54933","0"
"5935","5935","0"
"10673","10673","0"
"56925","56925","0"
"399","399","0"
"389649","389649","0"
"100873937","100873937","0"
"402160","402160","0"
"8406","8406","0"
"1749","1749","0"
"266747","266747","0"
"11187","11187","0"
"100874251","100874251","0"
"1816","1816","0"
"4878","4878","0"
"3363","3363","0"
"51738","51738","0"
"114824","114824","0"
"2922","2922","0"
"10734","10734","0"
"100873989","100873989","0"
"203447","203447","0"
"5413","5413","0"
"8321","8321","0"
"81788","81788","0"
"55227","55227","0"
"283461","283461","0"
"147968","147968","0"
"441272","441272","0"
"100287284","100287284","0"
"643988","643988","0"
"4734","4734","0"
"441869","441869","0"
"503582","503582","0"
"22797","22797","0"
"647219","647219","0"
"2828","2828","0"
"342892","342892","0"
"730811","730811","0"
"2214","2214","0"
"54407","54407","0"
"5003","5003","0"
"284486","284486","0"
"84777","84777","0"
"9095","9095","0"
"84674","84674","0"
"158158","158158","0"
"2118","2118","0"
"29941","29941","0"
"81844","81844","0"
"642574","642574","0"
"283738","283738","0"
"103689911","103689911","0"
"84852","84852","0"
"112935960","112935960","0"
"5216","5216","0"
"3574","3574","0"
"100505681","100505681","0"
"10842","10842","0"
"101928790","101928790","0"
"100288831","100288831","0"
"6296","6296","0"
"105371260","105371260","0"
"11309","11309","0"
"416","416","0"
"55536","55536","0"
"3316","3316","0"
"285313","285313","0"
"79171","79171","0"
"84138","84138","0"
"59351","59351","0"
"8653","8653","0"
"100885782","100885782","0"
"10584","10584","0"
"100852407","100852407","0"
"105373377","105373377","0"
"100506895","100506895","0"
"138724","138724","0"
"5265","5265","0"
"23643","23643","0"
"4838","4838","0"
"653333","653333","0"
"100874212","100874212","0"
"100750325","100750325","0"
"3567","3567","0"
"4327","4327","0"
"2040","2040","0"
"101926890","101926890","0"
"392517","392517","0"
"51186","51186","0"
"1535","1535","0"
"6866","6866","0"
"259292","259292","0"
"7316","7316","0"
"221191","221191","0"
"100874244","100874244","0"
"100287722","100287722","0"
"101928794","101928794","0"
"5174","5174","0"
"197","197","0"
"112840934","112840934","0"
"3352","3352","0"
"9332","9332","0"
"414235","414235","0"
"4435","4435","0"
"101928017","101928017","0"
"1413","1413","0"
"580","580","0"
"9620","9620","0"
"223075","223075","0"
"7429","7429","0"
"102723356","102723356","0"
"641372","641372","0"
"79651","79651","0"
"283310","283310","0"
"64072","64072","0"
"100873983","100873983","0"
"101928448","101928448","0"
"83714","83714","0"
"55801","55801","0"
"3431","3431","0"
"102659353","102659353","0"
"29018","29018","0"
"283284","283284","0"
"100874014","100874014","0"
"222663","222663","0"
"100316904","100316904","0"
"5132","5132","0"
"285540","285540","0"
"634","634","0"
"94120","94120","0"
"100628315","100628315","0"
"4824","4824","0"
"100873965","100873965","0"
"101927980","101927980","0"
"343637","343637","0"
"57111","57111","0"
"101928646","101928646","0"
"794","794","0"
"283953","283953","0"
"1735","1735","0"
"100128505","100128505","0"
"645191","645191","0"
"7100","7100","0"
"56154","56154","0"
"163351","163351","0"
"3936","3936","0"
"6571","6571","0"
"6672","6672","0"
"643376","643376","0"
"1259","1259","0"
"9376","9376","0"
"57529","57529","0"
"150590","150590","0"
"9976","9976","0"
"54848","54848","0"
"10219","10219","0"
"388698","388698","0"
"4761","4761","0"
"100874433","100874433","0"
"84617","84617","0"
"55020","55020","0"
"100287728","100287728","0"
"84709","84709","0"
"100874084","100874084","0"
"729020","729020","0"
"5470","5470","0"
"4055","4055","0"
"646","646","0"
"55811","55811","0"
"348807","348807","0"
"100128590","100128590","0"
"147798","147798","0"
"100874221","100874221","0"
"121006","121006","0"
"7096","7096","0"
"8477","8477","0"
"3600","3600","0"
"2207","2207","0"
"114827","114827","0"
"256933","256933","0"
"53841","53841","0"
"341676","341676","0"
"79933","79933","0"
"2571","2571","0"
"64231","64231","0"
"125111","125111","0"
"27180","27180","0"
"10408","10408","0"
"4357","4357","0"
"285601","285601","0"
"374864","374864","0"
"100288181","100288181","0"
"7299","7299","0"
"79818","79818","0"
"100885777","100885777","0"
"2900","2900","0"
"100874086","100874086","0"
"101927117","101927117","0"
"157869","157869","0"
"146227","146227","0"
"84889","84889","0"
"837","837","0"
"728606","728606","0"
"83445","83445","0"
"389161","389161","0"
"101927102","101927102","0"
"101926896","101926896","0"
"10261","10261","0"
"101929328","101929328","0"
"5741","5741","0"
"29128","29128","0"
"834","834","0"
"1192","1192","0"
"58472","58472","0"
"390231","390231","0"
"7097","7097","0"
"101929549","101929549","0"
"5675","5675","0"
"5021","5021","0"
"643719","643719","0"
"84166","84166","0"
"100885789","100885789","0"
"10410","10410","0"
"10747","10747","0"
"104355145","104355145","0"
"4689","4689","0"
"100861402","100861402","0"
"100507027","100507027","0"
"115330","115330","0"
"56244","56244","0"
"54971","54971","0"
"50652","50652","0"
"55199","55199","0"
"5350","5350","0"
"83656","83656","0"
"1142","1142","0"
"611","611","0"
"389177","389177","0"
"115948","115948","0"
"57007","57007","0"
"92235","92235","0"
"101927257","101927257","0"
"5053","5053","0"
"2798","2798","0"
"100886964","100886964","0"
"8463","8463","0"
"102723465","102723465","0"
"706","706","0"
"574036","574036","0"
"1029","1029","0"
"2313","2313","0"
"143941","143941","0"
"284340","284340","0"
"3665","3665","0"
"100861513","100861513","0"
"100885795","100885795","0"
"101927761","101927761","0"
"2765","2765","0"
"107987337","107987337","0"
"9536","9536","0"
"941","941","0"
"8989","8989","0"
"114614","114614","0"
"7979","7979","0"
"157310","157310","0"
"80162","80162","0"
"100129060","100129060","0"
"283677","283677","0"
"100873997","100873997","0"
"100874001","100874001","0"
"57523","57523","0"
"105369971","105369971","0"
"388585","388585","0"
"401563","401563","0"
"4982","4982","0"
"92797","92797","0"
"6522","6522","0"
"51267","51267","0"
"7805","7805","0"
"199713","199713","0"
"1052","1052","0"
"3428","3428","0"
"100874214","100874214","0"
"168433","168433","0"
"200232","200232","0"
"383","383","0"
"4023","4023","0"
"100873932","100873932","0"
"378925","378925","0"
"2255","2255","0"
"375611","375611","0"
"79412","79412","0"
"100507470","100507470","0"
"10077","10077","0"
"11262","11262","0"
"101929387","101929387","0"
"101929239","101929239","0"
"84983","84983","0"
"83878","83878","0"
"5243","5243","0"
"57047","57047","0"
"100288122","100288122","0"
"85301","85301","0"
"105378653","105378653","0"
"100506286","100506286","0"
"1269","1269","0"
"7132","7132","0"
"91074","91074","0"
"23526","23526","0"
"149950","149950","0"
"1848","1848","0"
"440503","440503","0"
"84981","84981","0"
"8988","8988","0"
"100873979","100873979","0"
"100130967","100130967","0"
"604","604","0"
"1081","1081","0"
"100506492","100506492","0"
"400891","400891","0"
"1244","1244","0"
"106478970","106478970","0"
"479","479","0"
"100287216","100287216","0"
"10312","10312","0"
"54106","54106","0"
"11213","11213","0"
"7200","7200","0"
"2268","2268","0"
"100129029","100129029","0"
"4439","4439","0"
"284353","284353","0"
"9531","9531","0"
"786","786","0"
"100874056","100874056","0"
"26471","26471","0"
"221749","221749","0"
"4160","4160","0"
"8647","8647","0"
"26157","26157","0"
"284071","284071","0"
"101059918","101059918","0"
"102724023","102724023","0"
"2819","2819","0"
"5349","5349","0"
"53836","53836","0"
"100188954","100188954","0"
"9934","9934","0"
"6524","6524","0"
"27039","27039","0"
"6119","6119","0"
"1435","1435","0"
"126695","126695","0"
"56903","56903","0"
"104472716","104472716","0"
"124602","124602","0"
"100874018","100874018","0"
"55640","55640","0"
"8326","8326","0"
"50839","50839","0"
"9992","9992","0"
"645591","645591","0"
"345630","345630","0"
"120863","120863","0"
"401024","401024","0"
"100874048","100874048","0"
"101927944","101927944","0"
"5076","5076","0"
"101926903","101926903","0"
"54440","54440","0"
"23504","23504","0"
"101928571","101928571","0"
"51804","51804","0"
"3049","3049","0"
"283460","283460","0"
"100131825","100131825","0"
"54436","54436","0"
"6863","6863","0"
"254528","254528","0"
"2159","2159","0"
"64926","64926","0"
"166012","166012","0"
"201305","201305","0"
"131831","131831","0"
"374877","374877","0"
"3566","3566","0"
"100505989","100505989","0"
"728741","728741","0"
"55138","55138","0"
"978","978","0"
"5368","5368","0"
"4636","4636","0"
"64968","64968","0"
"2212","2212","0"
"100289178","100289178","0"
"27127","27127","0"
"123722","123722","0"
"3315","3315","0"
"64105","64105","0"
"2709","2709","0"
"54502","54502","0"
"22918","22918","0"
"57088","57088","0"
"400591","400591","0"
"64344","64344","0"
"6518","6518","0"
"10164","10164","0"
"25832","25832","0"
"100379174","100379174","0"
"216","216","0"
"9961","9961","0"
"100507034","100507034","0"
"338376","338376","0"
"115749","115749","0"
"1379","1379","0"
"5346","5346","0"
"197358","197358","0"
"107985353","107985353","0"
"197259","197259","0"
"100874010","100874010","0"
"4772","4772","0"
"253650","253650","0"
"101927455","101927455","0"
"137735","137735","0"
"101927193","101927193","0"
"104326058","104326058","0"
"5918","5918","0"
"152015","152015","0"
"10544","10544","0"
"150786","150786","0"
"131583","131583","0"
"5555","5555","0"
"136853","136853","0"
"57101","57101","0"
"27296","27296","0"
"151636","151636","0"
"80737","80737","0"
"101928604","101928604","0"
"160298","160298","0"
"11080","11080","0"
"3913","3913","0"
"56164","56164","0"
"168090","168090","0"
"4696","4696","0"
"29015","29015","0"
"100873969","100873969","0"
"100874016","100874016","0"
"54821","54821","0"
"79792","79792","0"
"100873987","100873987","0"
"109729161","109729161","0"
"100874088","100874088","0"
"8735","8735","0"
"2295","2295","0"
"105378217","105378217","0"
"7348","7348","0"
"9242","9242","0"
"8048","8048","0"
"100507064","100507064","0"
"11067","11067","0"
"392862","392862","0"
"100996521","100996521","0"
"91662","91662","0"
"389799","389799","0"
"100873951","100873951","0"
"2103","2103","0"
"162966","162966","0"
"84658","84658","0"
"58526","58526","0"
"63947","63947","0"
"105379695","105379695","0"
"5340","5340","0"
"415117","415117","0"
"10017","10017","0"
"440533","440533","0"
"58","58","0"
"2994","2994","0"
"60598","60598","0"
"10413","10413","0"
"83894","83894","0"
"222826","222826","0"
"166752","166752","0"
"101928001","101928001","0"
"5313","5313","0"
"4880","4880","0"
"151649","151649","0"
"286133","286133","0"
"253264","253264","0"
"64386","64386","0"
"100288432","100288432","0"
"57572","57572","0"
"5271","5271","0"
"1814","1814","0"
"221833","221833","0"
"1548","1548","0"
"3956","3956","0"
"339451","339451","0"
"7026","7026","0"
"1610","1610","0"
"714","714","0"
"165257","165257","0"
"102724552","102724552","0"
"6424","6424","0"
"255057","255057","0"
"9111","9111","0"
"9423","9423","0"
"283208","283208","0"
"107986136","107986136","0"
"386618","386618","0"
"64900","64900","0"
"8794","8794","0"
"102724047","102724047","0"
"51179","51179","0"
"3053","3053","0"
"7535","7535","0"
"100775107","100775107","0"
"727993","727993","0"
"100862679","100862679","0"
"3707","3707","0"
"100873940","100873940","0"
"2713","2713","0"
"131669","131669","0"
"90187","90187","0"
"100861517","100861517","0"
"100874081","100874081","0"
"728194","728194","0"
"9358","9358","0"
"712","712","0"
"642394","642394","0"
"79789","79789","0"
"64699","64699","0"
"638","638","0"
"7005","7005","0"
"56113","56113","0"
"10226","10226","0"
"285093","285093","0"
"100507203","100507203","0"
"158833","158833","0"
"643904","643904","0"
"8581","8581","0"
"391013","391013","0"
"51554","51554","0"
"375607","375607","0"
"79026","79026","0"
"84070","84070","0"
"253970","253970","0"
"100289509","100289509","0"
"713","713","0"
"100129480","100129480","0"
"619207","619207","0"
"25840","25840","0"
"285194","285194","0"
"7133","7133","0"
"7164","7164","0"
"2533","2533","0"
"729224","729224","0"
"283238","283238","0"
"5650","5650","0"
"3162","3162","0"
"4117","4117","0"
"10803","10803","0"
"2707","2707","0"
"8639","8639","0"
"388951","388951","0"
"50511","50511","0"
"51384","51384","0"
"728498","728498","0"
"2041","2041","0"
"5988","5988","0"
"84959","84959","0"
"3902","3902","0"
"1056","1056","0"
"2078","2078","0"
"3269","3269","0"
"23166","23166","0"
"10911","10911","0"
"100873935","100873935","0"
"23529","23529","0"
"100506025","100506025","0"
"142827","142827","0"
"115265","115265","0"
"9153","9153","0"
"79153","79153","0"
"100873165","100873165","0"
"113457","113457","0"
"9509","9509","0"
"6441","6441","0"
"6693","6693","0"
"4783","4783","0"
"101928734","101928734","0"
"100507218","100507218","0"
"91862","91862","0"
"57159","57159","0"
"219537","219537","0"
"388325","388325","0"
"100873975","100873975","0"
"112399","112399","0"
"402682","402682","0"
"3671","3671","0"
"105369848","105369848","0"
"5972","5972","0"
"374872","374872","0"
"104502416","104502416","0"
"7305","7305","0"
"375593","375593","0"
"728118","728118","0"
"285180","285180","0"
"147746","147746","0"
"414196","414196","0"
"10255","10255","0"
"9547","9547","0"
"84690","84690","0"
"64115","64115","0"
"56288","56288","0"
"139189","139189","0"
"8190","8190","0"
"401494","401494","0"
"100505624","100505624","0"
"347688","347688","0"
"11270","11270","0"
"5251","5251","0"
"392307","392307","0"
"3725","3725","0"
"202374","202374","0"
"282808","282808","0"
"2160","2160","0"
"9232","9232","0"
"3965","3965","0"
"7069","7069","0"
"4868","4868","0"
"100507300","100507300","0"
"50617","50617","0"
"4242","4242","0"
"196047","196047","0"
"100129216","100129216","0"
"11326","11326","0"
"6494","6494","0"
"4038","4038","0"
"6556","6556","0"
"28999","28999","0"
"81466","81466","0"
"9407","9407","0"
"6239","6239","0"
"6525","6525","0"
"6289","6289","0"
"30817","30817","0"
"11339","11339","0"
"341350","341350","0"
"171586","171586","0"
"100128126","100128126","0"
"146722","146722","0"
"90625","90625","0"
"10840","10840","0"
"57000","57000","0"
"146279","146279","0"
"25818","25818","0"
"26246","26246","0"
"8820","8820","0"
"3606","3606","0"
"79170","79170","0"
"283652","283652","0"
"118788","118788","0"
"256979","256979","0"
"105373463","105373463","0"
"55340","55340","0"
"654463","654463","0"
"101928471","101928471","0"
"113523640","113523640","0"
"100873970","100873970","0"
"84740","84740","0"
"100873998","100873998","0"
"101929469","101929469","0"
"58516","58516","0"
"121214","121214","0"
"202151","202151","0"
"79674","79674","0"
"79742","79742","0"
"81616","81616","0"
"283481","283481","0"
"3082","3082","0"
"255649","255649","0"
"285016","285016","0"
"100310846","100310846","0"
"401409","401409","0"
"2247","2247","0"
"3133","3133","0"
"101928687","101928687","0"
"80818","80818","0"
"3903","3903","0"
"25884","25884","0"
"374403","374403","0"
"8747","8747","0"
"57408","57408","0"
"389493","389493","0"
"1830","1830","0"
"5359","5359","0"
"84002","84002","0"
"155185","155185","0"
"6916","6916","0"
"563","563","0"
"101410543","101410543","0"
"644041","644041","0"
"8654","8654","0"
"220416","220416","0"
"3304","3304","0"
"139716","139716","0"
"28755","28755","0"
"101928607","101928607","0"
"6231","6231","0"
"9247","9247","0"
"57139","57139","0"
"2736","2736","0"
"9469","9469","0"
"415056","415056","0"
"65061","65061","0"
"5649","5649","0"
"100874006","100874006","0"
"100309464","100309464","0"
"389792","389792","0"
"100463285","100463285","0"
"101927150","101927150","0"
"5669","5669","0"
"53630","53630","0"
"6909","6909","0"
"2863","2863","0"
"8557","8557","0"
"3060","3060","0"
"240","240","0"
"2623","2623","0"
"64127","64127","0"
"26020","26020","0"
"6510","6510","0"
"2121","2121","0"
"404744","404744","0"
"51298","51298","0"
"8793","8793","0"
"25891","25891","0"
"8942","8942","0"
"643834","643834","0"
"26070","26070","0"
"420","420","0"
"102724097","102724097","0"
"1592","1592","0"
"100126270","100126270","0"
"85016","85016","0"
"55911","55911","0"
"103021294","103021294","0"
"2916","2916","0"
"840","840","0"
"106478956","106478956","0"
"221074","221074","0"
"633","633","0"
"83639","83639","0"
"11227","11227","0"
"146212","146212","0"
"100874246","100874246","0"
"100652846","100652846","0"
"128025","128025","0"
"2872","2872","0"
"4582","4582","0"
"333929","333929","0"
"10225","10225","0"
"51032","51032","0"
"2634","2634","0"
"728310","728310","0"
"841","841","0"
"126364","126364","0"
"3055","3055","0"
"10866","10866","0"
"51733","51733","0"
"196051","196051","0"
"100653515","100653515","0"
"27141","27141","0"
"349149","349149","0"
"89884","89884","0"
"29895","29895","0"
"5364","5364","0"
"440416","440416","0"
"93273","93273","0"
"51338","51338","0"
"79838","79838","0"
"27035","27035","0"
"1414","1414","0"
"3337","3337","0"
"89790","89790","0"
"64922","64922","0"
"221409","221409","0"
"100505812","100505812","0"
"4059","4059","0"
"91107","91107","0"
"389766","389766","0"
"105378220","105378220","0"
"101927465","101927465","0"
"3587","3587","0"
"100861518","100861518","0"
"259296","259296","0"
"43847","43847","0"
"4091","4091","0"
"55026","55026","0"
"2670","2670","0"
"7498","7498","0"
"92304","92304","0"
"158763","158763","0"
"126393","126393","0"
"102725105","102725105","0"
"79901","79901","0"
"26330","26330","0"
"84467","84467","0"
"206338","206338","0"
"83539","83539","0"
"101927726","101927726","0"
"57096","57096","0"
"138881","138881","0"
"6282","6282","0"
"438","438","0"
"145497","145497","0"
"57085","57085","0"
"85508","85508","0"
"100128098","100128098","0"
"8809","8809","0"
"100131390","100131390","0"
"7128","7128","0"
"256710","256710","0"
"64093","64093","0"
"100873924","100873924","0"
"112543478","112543478","0"
"100873941","100873941","0"
"26154","26154","0"
"5179","5179","0"
"28959","28959","0"
"6241","6241","0"
"10060","10060","0"
"3283","3283","0"
"2052","2052","0"
"117166","117166","0"
"9928","9928","0"
"199786","199786","0"
"5788","5788","0"
"100132169","100132169","0"
"6403","6403","0"
"100506655","100506655","0"
"84518","84518","0"
"4071","4071","0"
"929","929","0"
"220047","220047","0"
"101927034","101927034","0"
"100132618","100132618","0"
"84141","84141","0"
"100874107","100874107","0"
"116534","116534","0"
"4502","4502","0"
"255411","255411","0"
"100874090","100874090","0"
"387332","387332","0"
"221472","221472","0"
"574407","574407","0"
"8995","8995","0"
"9087","9087","0"
"123624","123624","0"
"441509","441509","0"
"10791","10791","0"
"64090","64090","0"
"164284","164284","0"
"55647","55647","0"
"5678","5678","0"
"115701","115701","0"
"9518","9518","0"
"2312","2312","0"
"7475","7475","0"
"684","684","0"
"79908","79908","0"
"1154","1154","0"
"5673","5673","0"
"57326","57326","0"
"1308","1308","0"
"10808","10808","0"
"100287045","100287045","0"
"391191","391191","0"
"196996","196996","0"
"89857","89857","0"
"103695435","103695435","0"
"254773","254773","0"
"160622","160622","0"
"197021","197021","0"
"80231","80231","0"
"100873920","100873920","0"
"306","306","0"
"25822","25822","0"
"8091","8091","0"
"241","241","0"
"25937","25937","0"
"83661","83661","0"
"10930","10930","0"
"170689","170689","0"
"80201","80201","0"
"7048","7048","0"
"2153","2153","0"
"100874123","100874123","0"
"6840","6840","0"
"8424","8424","0"
"1945","1945","0"
"257313","257313","0"
"94137","94137","0"
"23746","23746","0"
"5816","5816","0"
"388697","388697","0"
"91734","91734","0"
"338321","338321","0"
"105372127","105372127","0"
"101929590","101929590","0"
"79258","79258","0"
"83758","83758","0"
"6503","6503","0"
"391211","391211","0"
"113278","113278","0"
"2298","2298","0"
"22943","22943","0"
"7546","7546","0"
"387849","387849","0"
"283120","283120","0"
"8839","8839","0"
"147323","147323","0"
"3769","3769","0"
"3691","3691","0"
"441457","441457","0"
"345275","345275","0"
"105376230","105376230","0"
"153218","153218","0"
"144125","144125","0"
"387264","387264","0"
"5212","5212","0"
"102723451","102723451","0"
"7455","7455","0"
"103091865","103091865","0"
"6005","6005","0"
"27036","27036","0"
"10475","10475","0"
"196472","196472","0"
"79782","79782","0"
"60385","60385","0"
"160065","160065","0"
"392465","392465","0"
"100628307","100628307","0"
"100132406","100132406","0"
"257629","257629","0"
"341","341","0"
"63940","63940","0"
"105376064","105376064","0"
"2331","2331","0"
"11172","11172","0"
"128674","128674","0"
"340990","340990","0"
"101929110","101929110","0"
"283932","283932","0"
"100874096","100874096","0"
"127077","127077","0"
"100873948","100873948","0"
"100310812","100310812","0"
"4499","4499","0"
"84913","84913","0"
"5292","5292","0"
"80133","80133","0"
"3958","3958","0"
"102724643","102724643","0"
"285","285","0"
"26509","26509","0"
"56102","56102","0"
"6414","6414","0"
"116071","116071","0"
"3824","3824","0"
"163747","163747","0"
"723809","723809","0"
"339390","339390","0"
"100996876","100996876","0"
"100874286","100874286","0"
"101927186","101927186","0"
"388630","388630","0"
"148753","148753","0"
"59340","59340","0"
"100874372","100874372","0"
"118663","118663","0"
"140846","140846","0"
"653061","653061","0"
"107986818","107986818","0"
"124872","124872","0"
"6696","6696","0"
"85450","85450","0"
"10538","10538","0"
"151888","151888","0"
"65987","65987","0"
"414245","414245","0"
"822","822","0"
"3290","3290","0"
"401124","401124","0"
"1465","1465","0"
"6554","6554","0"
"1577","1577","0"
"127550","127550","0"
"54221","54221","0"
"149095","149095","0"
"342850","342850","0"
"2719","2719","0"
"100506680","100506680","0"
"102724473","102724473","0"
"100505478","100505478","0"
"221527","221527","0"
"360","360","0"
"374897","374897","0"
"246744","246744","0"
"143241","143241","0"
"83756","83756","0"
"4585","4585","0"
"284546","284546","0"
"10437","10437","0"
"2697","2697","0"
"114770","114770","0"
"134391","134391","0"
"3640","3640","0"
"100507240","100507240","0"
"100507607","100507607","0"
"78989","78989","0"
"5778","5778","0"
"92312","92312","0"
"431705","431705","0"
"120939","120939","0"
"29909","29909","0"
"56302","56302","0"
"84689","84689","0"
"255061","255061","0"
"8551","8551","0"
"5055","5055","0"
"51294","51294","0"
"391194","391194","0"
"152831","152831","0"
"57817","57817","0"
"5317","5317","0"
"5680","5680","0"
"79998","79998","0"
"165","165","0"
"110806273","110806273","0"
"1410","1410","0"
"60529","60529","0"
"100506413","100506413","0"
"253868","253868","0"
"101927167","101927167","0"
"84792","84792","0"
"53947","53947","0"
"127069","127069","0"
"26298","26298","0"
"2264","2264","0"
"3161","3161","0"
"3490","3490","0"
"129446","129446","0"
"255349","255349","0"
"102723320","102723320","0"
"338667","338667","0"
"170679","170679","0"
"1828","1828","0"
"4308","4308","0"
"26266","26266","0"
"9173","9173","0"
"64098","64098","0"
"100874042","100874042","0"
"51477","51477","0"
"387755","387755","0"
"11126","11126","0"
"93107","93107","0"
"80830","80830","0"
"26245","26245","0"
"26228","26228","0"
"10517","10517","0"
"101928259","101928259","0"
"92591","92591","0"
"266675","266675","0"
"845","845","0"
"344","344","0"
"58191","58191","0"
"404220","404220","0"
"28","28","0"
"643338","643338","0"
"85477","85477","0"
"6718","6718","0"
"2570","2570","0"
"100689074","100689074","0"
"650669","650669","0"
"246312","246312","0"
"100505495","100505495","0"
"11314","11314","0"
"25903","25903","0"
"117854","117854","0"
"149773","149773","0"
"147111","147111","0"
"56964","56964","0"
"358","358","0"
"4277","4277","0"
"25878","25878","0"
"8419","8419","0"
"10699","10699","0"
"80833","80833","0"
"361","361","0"
"1562","1562","0"
"100874073","100874073","0"
"4501","4501","0"
"5651","5651","0"
"120224","120224","0"
"81626","81626","0"
"3101","3101","0"
"728130","728130","0"
"147872","147872","0"
"10721","10721","0"
"643","643","0"
"3175","3175","0"
"80125","80125","0"
"347365","347365","0"
"404203","404203","0"
"256364","256364","0"
"2615","2615","0"
"390037","390037","0"
"10148","10148","0"
"30816","30816","0"
"58475","58475","0"
"2535","2535","0"
"81027","81027","0"
"102725541","102725541","0"
"64377","64377","0"
"132954","132954","0"
"11005","11005","0"
"239","239","0"
"132884","132884","0"
"100033411","100033411","0"
"2013","2013","0"
"2827","2827","0"
"176","176","0"
"401827","401827","0"
"7545","7545","0"
"6423","6423","0"
"221756","221756","0"
"104326055","104326055","0"
"1844","1844","0"
"1579","1579","0"
"400258","400258","0"
"400966","400966","0"
"104413890","104413890","0"
"729220","729220","0"
"391712","391712","0"
"7272","7272","0"
"91156","91156","0"
"100131539","100131539","0"
"677","677","0"
"168975","168975","0"
"5729","5729","0"
"10644","10644","0"
"221060","221060","0"
"60401","60401","0"
"2877","2877","0"
"7035","7035","0"
"146779","146779","0"
"9970","9970","0"
"107986443","107986443","0"
"112268223","112268223","0"
"8744","8744","0"
"54538","54538","0"
"132141","132141","0"
"8324","8324","0"
"1960","1960","0"
"27181","27181","0"
"8556","8556","0"
"83447","83447","0"
"1439","1439","0"
"56097","56097","0"
"390275","390275","0"
"102724571","102724571","0"
"347516","347516","0"
"1942","1942","0"
"345611","345611","0"
"100505839","100505839","0"
"92291","92291","0"
"80835","80835","0"
"101927211","101927211","0"
"115861","115861","0"
"728264","728264","0"
"3623","3623","0"
"2151","2151","0"
"117283","117283","0"
"6340","6340","0"
"1028","1028","0"
"7803","7803","0"
"138240","138240","0"
"2296","2296","0"
"29080","29080","0"
"80303","80303","0"
"55286","55286","0"
"646019","646019","0"
"29933","29933","0"
"3689","3689","0"
"6649","6649","0"
"9953","9953","0"
"55365","55365","0"
"2843","2843","0"
"10457","10457","0"
"57091","57091","0"
"9021","9021","0"
"939","939","0"
"8797","8797","0"
"55289","55289","0"
"7431","7431","0"
"5583","5583","0"
"972","972","0"
"23779","23779","0"
"81035","81035","0"
"79755","79755","0"
"144453","144453","0"
"5676","5676","0"
"115111","115111","0"
"945","945","0"
"213","213","0"
"11181","11181","0"
"400128","400128","0"
"100506020","100506020","0"
"100507463","100507463","0"
"26136","26136","0"
"107983993","107983993","0"
"56667","56667","0"
"94059","94059","0"
"169966","169966","0"
"128272","128272","0"
"121340","121340","0"
"80099","80099","0"
"392636","392636","0"
"55561","55561","0"
"3758","3758","0"
"284837","284837","0"
"10333","10333","0"
"283375","283375","0"
"145270","145270","0"
"389320","389320","0"
"100885778","100885778","0"
"7450","7450","0"
"1462","1462","0"
"124460","124460","0"
"9180","9180","0"
"645553","645553","0"
"432355","432355","0"
"1164","1164","0"
"53905","53905","0"
"51296","51296","0"
"51083","51083","0"
"100131117","100131117","0"
"5672","5672","0"
"27293","27293","0"
"101929716","101929716","0"
"146802","146802","0"
"4225","4225","0"
"338094","338094","0"
"374987","374987","0"
"284498","284498","0"
"254295","254295","0"
"4887","4887","0"
"105379054","105379054","0"
"100874082","100874082","0"
"4804","4804","0"
"728361","728361","0"
"101927440","101927440","0"
"1969","1969","0"
"5166","5166","0"
"9595","9595","0"
"9071","9071","0"
"1230","1230","0"
"126123","126123","0"
"102723099","102723099","0"
"968","968","0"
"390937","390937","0"
"729359","729359","0"
"147912","147912","0"
"2687","2687","0"
"5618","5618","0"
"4067","4067","0"
"6439","6439","0"
"84734","84734","0"
"10599","10599","0"
"5173","5173","0"
"199800","199800","0"
"101929591","101929591","0"
"387715","387715","0"
"3042","3042","0"
"109864269","109864269","0"
"389208","389208","0"
"8531","8531","0"
"6662","6662","0"
"339967","339967","0"
"100873977","100873977","0"
"10002","10002","0"
"5657","5657","0"
"51802","51802","0"
"27329","27329","0"
"115677","115677","0"
"4493","4493","0"
"947","947","0"
"9603","9603","0"
"5626","5626","0"
"7015","7015","0"
"161159","161159","0"
"5920","5920","0"
"55106","55106","0"
"286753","286753","0"
"116496","116496","0"
"391475","391475","0"
"4773","4773","0"
"105369340","105369340","0"
"256646","256646","0"
"155038","155038","0"
"200424","200424","0"
"3384","3384","0"
"6523","6523","0"
"5971","5971","0"
"197135","197135","0"
"3872","3872","0"
"148811","148811","0"
"6275","6275","0"
"143662","143662","0"
"100507086","100507086","0"
"100874069","100874069","0"
"7784","7784","0"
"352909","352909","0"
"6007","6007","0"
"54863","54863","0"
"1901","1901","0"
"3164","3164","0"
"284541","284541","0"
"79679","79679","0"
"101929768","101929768","0"
"55510","55510","0"
"317761","317761","0"
"474344","474344","0"
"26973","26973","0"
"730198","730198","0"
"729597","729597","0"
"100463486","100463486","0"
"1088","1088","0"
"55194","55194","0"
"5077","5077","0"
"101410545","101410545","0"
"64129","64129","0"
"9808","9808","0"
"56140","56140","0"
"414899","414899","0"
"94","94","0"
"93650","93650","0"
"55237","55237","0"
"9456","9456","0"
"10218","10218","0"
"107986096","107986096","0"
"3554","3554","0"
"6121","6121","0"
"51316","51316","0"
"100874029","100874029","0"
"2162","2162","0"
"29842","29842","0"
"115584","115584","0"
"341568","341568","0"
"51365","51365","0"
"85360","85360","0"
"7547","7547","0"
"196883","196883","0"
"100874122","100874122","0"
"100874284","100874284","0"
"105370431","105370431","0"
"2000","2000","0"
"105371027","105371027","0"
"5997","5997","0"
"4494","4494","0"
"7538","7538","0"
"2701","2701","0"
"1146","1146","0"
"727684","727684","0"
"6278","6278","0"
"729","729","0"
"5552","5552","0"
"10216","10216","0"
"388743","388743","0"
"401036","401036","0"
"6039","6039","0"
"1043","1043","0"
"80380","80380","0"
"255762","255762","0"
"402573","402573","0"
"104564224","104564224","0"
"93649","93649","0"
"926","926","0"
"100874021","100874021","0"
"127","127","0"
"51208","51208","0"
"390059","390059","0"
"3303","3303","0"
"100129669","100129669","0"
"150082","150082","0"
"254879","254879","0"
"440695","440695","0"
"159989","159989","0"
"7041","7041","0"
"8392","8392","0"
"641364","641364","0"
"150350","150350","0"
"2302","2302","0"
"115761","115761","0"
"101929222","101929222","0"
"9626","9626","0"
"57194","57194","0"
"79946","79946","0"
"407","407","0"
"389075","389075","0"
"6291","6291","0"
"56159","56159","0"
"23601","23601","0"
"6514","6514","0"
"942","942","0"
"646892","646892","0"
"200159","200159","0"
"5224","5224","0"
"154872","154872","0"
"116441","116441","0"
"1551","1551","0"
"1991","1991","0"
"6559","6559","0"
"79056","79056","0"
"148398","148398","0"
"3083","3083","0"
"10859","10859","0"
"127608","127608","0"
"7849","7849","0"
"7479","7479","0"
"116535","116535","0"
"341392","341392","0"
"6954","6954","0"
"105371346","105371346","0"
"759","759","0"
"79983","79983","0"
"375519","375519","0"
"9630","9630","0"
"101926926","101926926","0"
"152405","152405","0"
"10468","10468","0"
"286333","286333","0"
"619383","619383","0"
"79843","79843","0"
"4495","4495","0"
"8013","8013","0"
"10628","10628","0"
"85416","85416","0"
"101927049","101927049","0"
"23645","23645","0"
"81606","81606","0"
"9674","9674","0"
"1879","1879","0"
"100127983","100127983","0"
"123264","123264","0"
"1733","1733","0"
"66037","66037","0"
"8407","8407","0"
"768211","768211","0"
"9290","9290","0"
"552","552","0"
"3371","3371","0"
"441273","441273","0"
"168537","168537","0"
"79935","79935","0"
"116444","116444","0"
"64092","64092","0"
"100131137","100131137","0"
"27146","27146","0"
"29881","29881","0"
"1003","1003","0"
"7852","7852","0"
"57834","57834","0"
"94121","94121","0"
"115795","115795","0"
"26664","26664","0"
"7122","7122","0"
"5858","5858","0"
"55065","55065","0"
"164668","164668","0"
"149483","149483","0"
"101054525","101054525","0"
"22915","22915","0"
"3122","3122","0"
"722","722","0"
"101928165","101928165","0"
"57105","57105","0"
"6913","6913","0"
"25802","25802","0"
"392509","392509","0"
"391190","391190","0"
"728441","728441","0"
"2949","2949","0"
"126969","126969","0"
"347853","347853","0"
"10288","10288","0"
"124773","124773","0"
"100873917","100873917","0"
"27350","27350","0"
"56673","56673","0"
"100500938","100500938","0"
"81543","81543","0"
"254240","254240","0"
"7422","7422","0"
"55195","55195","0"
"7045","7045","0"
"162517","162517","0"
"199","199","0"
"128229","128229","0"
"8676","8676","0"
"56833","56833","0"
"10320","10320","0"
"388555","388555","0"
"119548","119548","0"
"647024","647024","0"
"341152","341152","0"
"94233","94233","0"
"118932","118932","0"
"8288","8288","0"
"229","229","0"
"8302","8302","0"
"5506","5506","0"
"497190","497190","0"
"719","719","0"
"11105","11105","0"
"5241","5241","0"
"107984640","107984640","0"
"90427","90427","0"
"255187","255187","0"
"111216275","111216275","0"
"838","838","0"
"100874120","100874120","0"
"64407","64407","0"
"871","871","0"
"259283","259283","0"
"124857","124857","0"
"100141515","100141515","0"
"100874205","100874205","0"
"149998","149998","0"
"2321","2321","0"
"440335","440335","0"
"55363","55363","0"
"348","348","0"
"128646","128646","0"
"5304","5304","0"
"2028","2028","0"
"554201","554201","0"
"147372","147372","0"
"100288814","100288814","0"
"2492","2492","0"
"401498","401498","0"
"79625","79625","0"
"106182249","106182249","0"
"283571","283571","0"
"114905","114905","0"
"6527","6527","0"
"7401","7401","0"
"140","140","0"
"3399","3399","0"
"54967","54967","0"
"100289255","100289255","0"
"643680","643680","0"
"51285","51285","0"
"11025","11025","0"
"150572","150572","0"
"90273","90273","0"
"6528","6528","0"
"728597","728597","0"
"196410","196410","0"
"127064","127064","0"
"27284","27284","0"
"100506211","100506211","0"
"642489","642489","0"
"4332","4332","0"
"64109","64109","0"
"646498","646498","0"
"503497","503497","0"
"136991","136991","0"
"121355","121355","0"
"7850","7850","0"
"101928337","101928337","0"
"100049587","100049587","0"
"8858","8858","0"
"246","246","0"
"29995","29995","0"
"10610","10610","0"
"3075","3075","0"
"2015","2015","0"
"11130","11130","0"
"137196","137196","0"
"56999","56999","0"
"7052","7052","0"
"50615","50615","0"
"9383","9383","0"
"27129","27129","0"
"3426","3426","0"
"92747","92747","0"
"1557","1557","0"
"80177","80177","0"
"5670","5670","0"
"286464","286464","0"
"2694","2694","0"
"2696","2696","0"
"10642","10642","0"
"2294","2294","0"
"7056","7056","0"
"101927718","101927718","0"
"1847","1847","0"
"390010","390010","0"
"147700","147700","0"
"149563","149563","0"
"284266","284266","0"
"6280","6280","0"
"3948","3948","0"
"54857","54857","0"
"50486","50486","0"
"285335","285335","0"
"6578","6578","0"
"3394","3394","0"
"90853","90853","0"
"253738","253738","0"
"340204","340204","0"
"921","921","0"
"64411","64411","0"
"153478","153478","0"
"51156","51156","0"
"642934","642934","0"
"373863","373863","0"
"6561","6561","0"
"6496","6496","0"
"408187","408187","0"
"83889","83889","0"
"7071","7071","0"
"151651","151651","0"
"627","627","0"
"9413","9413","0"
"960","960","0"
"2122","2122","0"
"100506049","100506049","0"
"255239","255239","0"
"2209","2209","0"
"5450","5450","0"
"140453","140453","0"
"9429","9429","0"
"125","125","0"
"597","597","0"
"2564","2564","0"
"2919","2919","0"
"133690","133690","0"
"6926","6926","0"
"400550","400550","0"
"6279","6279","0"
"1281","1281","0"
"6947","6947","0"
"256957","256957","0"
"55879","55879","0"
"5897","5897","0"
"221150","221150","0"
"375033","375033","0"
"8857","8857","0"
"285025","285025","0"
"53831","53831","0"
"864","864","0"
"7022","7022","0"
"55808","55808","0"
"9956","9956","0"
"51176","51176","0"
"100873921","100873921","0"
"414768","414768","0"
"6563","6563","0"
"5996","5996","0"
"338328","338328","0"
"285834","285834","0"
"12","12","0"
"414152","414152","0"
"219972","219972","0"
"4489","4489","0"
"4584","4584","0"
"5366","5366","0"
"80832","80832","0"
"3119","3119","0"
"90332","90332","0"
"89","89","0"
"730","730","0"
"4222","4222","0"
"56920","56920","0"
"3820","3820","0"
"8789","8789","0"
"151648","151648","0"
"93432","93432","0"
"57127","57127","0"
"3280","3280","0"
"23657","23657","0"
"122042","122042","0"
"2624","2624","0"
"100506797","100506797","0"
"9235","9235","0"
"117157","117157","0"
"110841583","110841583","0"
"56918","56918","0"
"2706","2706","0"
"55821","55821","0"
"6401","6401","0"
"7201","7201","0"
"2210","2210","0"
"4885","4885","0"
"10221","10221","0"
"440836","440836","0"
"388512","388512","0"
"135398","135398","0"
"102723849","102723849","0"
"2219","2219","0"
"2791","2791","0"
"1589","1589","0"
"6781","6781","0"
"2920","2920","0"
"654433","654433","0"
"5225","5225","0"
"29974","29974","0"
"10964","10964","0"
"525","525","0"
"9075","9075","0"
"1380","1380","0"
"4069","4069","0"
"23704","23704","0"
"1116","1116","0"
"1378","1378","0"
"3952","3952","0"
"51302","51302","0"
"107987155","107987155","0"
"339896","339896","0"
"1958","1958","0"
"4973","4973","0"
"4064","4064","0"
"9124","9124","0"
"2633","2633","0"
"26659","26659","0"
"100506084","100506084","0"
"1356","1356","0"
"1015","1015","0"
"51129","51129","0"
"390064","390064","0"
"25806","25806","0"
"7179","7179","0"
"23538","23538","0"
"55083","55083","0"
"1823","1823","0"
"2297","2297","0"
"127795","127795","0"
"101927797","101927797","0"
