first,second
norm_gene_level,true
X_Val_omit_size,0.1
o_dcl,
out_use_norm_cont_cov,false
eigen_reg_disc_cov,1
train_min_steps,1500
align_base,radians
align_other_covariates,false
plot_correct_batches,true
eigen_max,6
o_svd_cumvar,"Float32[0.3286743, 0.607342, 0.70945793, 0.7761649, 0.83623385, 0.8656256, 0.88979256, 0.911527, 0.9306871, 0.94549316, 0.9591427, 0.97036225, 0.9797111, 0.98764014, 0.99441665, 0.99999994]"
eigen_first_var,false
eigen_reg_exclude,false
plot_disc,false
train_β,"(0.9, 0.999)"
o_svd_V,Float32[0.044195466 0.014025851 -0.029286632 0.004511412 -0.15145095 -0.025853941 0.17104205 0.10432417 -0.02690883 -0.06793546 0.16497463 0.038922515 -0.041631073 0.11293814 0.03880863 0.010853057; 0.044515032 -0.13045722 0.040383156 -0.0031434295 -0.03359245 -0.013607347 0.0003274276 0.1290304 0.021457281 0.030301545 0.005078909 -0.06809501 -0.11745488 -0.008214074 -0.11281038 0.06364888; 0.24330157 0.20378254 0.0064427615 0.07922971 0.004277803 0.06229116 -0.0063733063 -0.06304691 -0.034326468 -0.06486148 -0.12510192 0.021884417 0.035483822 -0.02849587 -0.09362316 -0.08856334; -0.12637335 0.1037067 -0.019032935 -0.012712253 0.017138435 -0.005650498 -0.0031584129 -0.0019668932 0.040598974 -0.09572876 0.119831845 0.034401454 0.017174087 -0.10012634 -0.13081425 -0.08826908; 0.056643307 0.012626461 0.18417658 0.19539043 0.04587626 -0.051357742 -0.0138791725 -0.10133843 0.085969254 -0.001172485 0.09710466 0.0215534 0.08682749 0.0726849 0.11420142 0.17212006; -0.011783672 -0.010084522 -0.006317959 0.020968638 -0.040555626 0.11291095 0.047349505 -0.12256166 -0.03032965 0.03792502 -0.029752424 -0.01312611 -0.042368203 0.08151012 0.007848151 0.036016256; 0.0067208395 -0.01594459 0.055642616 0.013635542 -0.15119562 -0.04958487 0.120412424 -0.054504223 -0.09222532 -0.052150518 0.03616635 0.048018143 0.16043995 0.09250455 -0.05995829 0.014664564; -0.03736203 -0.04528073 0.056213643 0.0652781 0.02203812 0.0800181 0.013891047 0.049705777 0.08226975 0.047267064 0.04063152 0.035310704 0.10742365 -0.06356888 -0.0443401 0.06515658; 0.0141467415 -0.11017 -0.048910953 0.042420663 0.075067505 -0.034392253 -0.03784996 -0.097683765 0.11298518 -0.0182966 0.07418122 0.061454196 -0.027666232 0.018922022 -0.0158812 0.02439471; -0.115006335 0.03713606 -0.09211254 0.047892563 0.06574821 -0.041570608 0.056337107 0.017038107 0.09401435 -0.08107901 -0.10551373 0.08904467 -0.002530263 0.01488192 -0.09474884 0.097741775; -0.026532622 -0.042423524 0.27168888 -0.1841355 0.016935388 0.016826922 -0.110505 -0.06143775 -0.009106825 -0.0790189 0.118990615 -0.03459804 -0.0075990683 0.0022614305 -0.0035700737 0.012641861; 0.13909656 0.06330617 -0.045499682 -0.091296576 0.039694928 0.13575304 0.033837233 0.019839343 0.0430946 0.030803345 -0.17703605 0.18168768 -0.033545204 0.029887835 -0.030621182 0.09363001; -0.072442815 0.06733139 -0.022015784 0.0056497594 0.16321076 0.029463427 0.0655358 0.092317194 0.026200017 -0.007853299 -0.12403863 -0.046211656 -0.028614856 0.0670231 0.03613368 0.11712258; 0.019963417 -0.12897654 -0.020657977 -0.018944934 0.057235222 -0.02940267 0.12150165 -0.015348259 0.20633651 0.12883987 0.023584785 0.08154769 -0.04421741 0.008481465 0.01418982 0.10488115; 0.030751074 0.07440541 -0.11354791 -0.050543115 -0.0035205786 -0.17668243 0.05086005 0.1593081 -0.015804911 0.058449924 0.005036034 -0.032588627 0.054621853 0.256054 -0.20573483 -0.1564865; -0.031191833 0.099959716 0.072469175 0.044221632 0.0004608817 -0.0020588725 0.019507859 0.02265924 0.012001407 0.1845496 0.07325189 0.11928319 0.040961552 -0.061356466 0.030082356 -0.0274772; -0.013635698 -0.07781018 0.06803279 0.014622075 0.11748449 0.005929801 -0.08314728 -0.031791337 -0.0931141 -0.030428322 -0.026203465 0.03756802 0.052694324 0.13434376 0.111661755 -0.023560392; 0.14258894 0.18346354 0.082483284 0.11110147 0.07592917 -0.093485594 -0.029300688 0.08801585 -0.007081687 0.09937761 -0.08452166 0.010087866 -0.10190771 0.081490606 -0.013218118 -0.043701548; 0.006417112 0.005340506 -0.15328126 0.026616095 -0.046681724 0.07752798 -0.15356413 0.08376341 0.0014891876 0.097956024 0.069484666 0.08214487 -0.06195124 0.055106897 -0.17247528 0.06556043; -0.15512185 0.07900594 0.07168379 0.014208488 -0.047922358 0.09773188 0.0010066653 -0.01684894 0.010484066 0.04523485 -0.0656845 0.0010919337 0.082498096 -0.07983641 0.10620855 0.13825898; -0.05981314 0.046351466 -0.026641283 0.058443356 0.090582214 0.14628412 0.13887185 -0.11310887 -0.12735613 -0.025271725 0.04849559 0.08156229 0.026755745 -0.041210897 -0.12853663 -0.094670065; 0.022886699 0.1080253 -0.06240883 -0.04581646 -0.12199108 0.28422526 -0.054084312 0.02782312 -0.03296008 0.10576346 0.047977224 -0.09520567 0.011341518 0.1692142 -0.16566807 -0.078008614; 0.04083536 0.032305256 -0.030159216 -0.066493556 -0.15141381 -0.0560733 0.052759003 0.11961993 0.023300843 -0.026016908 -0.0027256804 -0.041352894 0.09599801 0.11505917 0.056936797 -0.13762659; 0.095719546 -0.03762222 -0.023357391 0.0037798355 -0.000103487866 0.0031567586 0.07213636 0.026802287 0.012973392 0.07319446 0.037403412 0.04064449 0.052298218 0.020468522 0.052020628 -0.07920364; -0.051178988 -0.08689027 -0.037334662 0.08305513 0.10297876 0.029621776 0.010640263 -0.015210451 0.18230748 0.026875116 0.008118787 0.05693971 -0.05197154 -0.0026934117 0.08882709 -0.06600811; 0.11821948 0.024792137 -0.0024155753 -0.06479426 0.015768902 0.13976008 0.09328317 0.0064800736 -0.033359658 0.09224561 0.022716323 -0.017461624 -0.06556825 0.03831028 -0.08365208 0.2058029; -0.146732 0.036879353 0.05584905 0.020596722 -0.21718653 -0.05143671 -0.17394906 -0.057551447 0.14144997 0.044299632 0.06425347 -0.01124181 0.10151458 0.03512585 8.397427f-5 -0.0059271483; -0.06394269 0.035439596 0.028407075 0.101743184 0.091535605 -0.014069283 0.08433147 0.050268643 0.023166366 0.09425388 0.0021088743 -0.06621926 0.040893845 -0.0011061821 -0.014422736 -0.021334214; 0.09890305 0.0065649212 0.12009346 -0.03499919 -0.026954997 -0.013787756 0.082678296 0.055775873 -0.021670217 -0.15670553 0.18132438 -0.11357657 -0.106100306 -0.115959644 0.06748127 -0.00863942; -0.1498738 0.1005023 -0.01818529 -0.031047864 0.060782257 0.007773112 0.079394534 -0.032990623 0.08822528 -0.015648562 0.022351779 0.021349052 -0.04947731 0.12175144 -0.06832331 0.10272375; -0.16001958 0.09426533 0.0969648 0.030186292 0.11986546 0.105069615 -0.030076269 0.014059079 0.0016199263 0.11104211 0.0607283 -0.0031931256 -0.14907214 -0.10074386 0.023591815 -0.006356228; -0.08037667 0.026748478 0.0084093325 0.0410112 -0.006914136 -0.021333655 0.10820491 -0.024759073 -0.1025944 0.1153265 0.15399288 -0.15132622 0.1288773 -0.15084244 -0.10491859 -0.12391637; 0.09082184 -0.038118534 -0.08235949 -0.0835099 -0.15282981 0.020477591 0.025291853 0.057533707 0.08646955 -0.13203941 -0.023738869 0.06801643 -0.03266992 -0.07127625 0.0679399 -0.0013213176; 0.044836678 -0.08093876 0.025450401 0.049948864 0.08224207 0.021542799 -0.033778314 -0.082174435 -0.08216105 -0.15712404 0.09315425 0.013891319 0.06952113 0.1062238 -0.15897314 0.046945494; -0.04381272 0.13879061 -0.00882904 -0.03371771 -0.06356523 0.17353947 0.07848376 -0.08678494 0.070170105 -0.17761444 -0.06342228 -0.05384274 -0.0033241755 0.049435392 0.15576449 -0.048942313; 0.015830845 -0.1149767 -0.0294508 0.031050213 -0.023386655 -0.001779798 0.029120129 -0.12614605 0.1368452 -0.03262984 -0.0058158324 -0.06407058 0.06582537 0.024019863 -0.006983185 0.016116261; 0.08777471 0.006333404 -0.08169221 0.03126884 0.006845525 0.027263839 -0.032434672 0.049560633 0.04481906 -0.04607125 0.06337053 -0.04089907 -0.12776145 -0.09704593 0.01426467 0.06515994; 0.10002816 0.05536458 0.2097121 0.091486126 0.05032941 -0.021670124 0.1495584 -0.021594526 -0.095963374 -0.021787915 -0.026994796 0.061420605 0.042255316 -0.17436627 -0.1120822 0.09619146; -0.028121337 -0.029263336 -0.017567065 -0.054532025 0.020782227 -0.037485737 0.10904075 -0.0770057 -0.09264688 -0.059952468 0.013004188 -0.01788373 0.09926826 0.015378371 -0.10063187 0.068574026; 0.010030287 -0.09619667 -0.031480215 0.026447512 0.015695369 0.07715796 -0.062880054 0.02008678 0.07595476 -0.03225778 0.041118983 -0.069181636 0.06298654 -0.0557168 0.119775586 0.08039635; -0.055066127 -0.015553211 0.065370716 0.039502777 -0.13235095 0.043124285 -0.051357012 0.070538595 -0.071506985 -0.02382204 0.021395423 0.08494052 -0.056439556 -0.056780547 -0.118610784 -0.0721784; 0.013691969 -0.102758065 -0.0071752514 -0.017692747 0.10126374 0.0048342855 -0.04878376 -0.021315446 0.013385845 0.06958455 -0.0059123966 0.052001555 0.09132384 -0.0045475336 0.20298563 -0.031519488; 0.02435466 -0.11444607 -0.006393112 -0.002306333 0.04488839 -0.076323055 -0.019533273 -0.0004995597 -0.09863263 0.039904453 0.08937427 0.05893655 -0.0836179 0.06577047 -0.10374416 0.06885184; -0.076577544 0.04314939 -0.04330005 0.03214714 -0.011145784 0.06691511 0.15236992 -0.058604307 -0.0039103753 0.08399381 -0.113412656 -0.030735277 0.08159449 -0.045303393 0.023784032 -0.021897899; -0.0066214288 0.0052017476 -0.014254075 -0.002211413 0.06236469 -0.01574474 -0.03707472 -0.0249888 -0.09775437 0.058309343 0.09130156 -0.10813134 0.027571734 0.008649062 -0.12388955 0.19158223; 0.005196053 0.060439944 0.07667733 0.015395954 -0.046303216 0.047002763 0.15486027 0.09689672 0.0045960345 -0.120049104 -0.03423568 0.13605851 -0.0051526316 -0.0016902611 0.031275325 -0.13062464; -0.10658217 0.039952155 0.0045590196 0.07761815 0.061332442 0.056106098 0.07366493 0.05038458 -0.007146723 -0.050585754 -0.016302606 -0.13943276 0.02700225 -0.1342524 -0.039778687 -0.106223494; -0.04216563 0.07183799 0.18512249 -0.30883938 0.20619299 -0.27031982 -0.15081298 -0.04800968 -0.018122183 -0.07208655 -0.04946977 -0.09375161 -0.14491297 -0.012964778 -0.081499755 -0.11084831; -0.034489315 -0.022563284 -0.046857473 0.055227913 -0.104021035 0.04322662 0.045272097 0.08512451 -0.05858226 -0.24622488 -0.08935174 0.0016202449 0.11217376 -0.012654595 -0.17789651 0.020786285; 0.013294589 0.011318281 -0.13063721 0.0033329404 0.004269257 0.04214883 0.026297249 0.068012 -0.055668768 0.072373845 -0.010025867 -0.10793529 -0.019738447 -0.060904417 -0.084288284 0.020851636; 0.0030562317 -0.017114036 -0.061288822 -0.11834319 0.029289072 -0.120545715 -0.044299234 0.12979391 0.103568956 -0.06542279 0.025231456 0.041842557 0.14875272 -0.0030438765 0.0652144 0.030442696; 0.03686303 -0.10308862 -0.018857736 -0.06838693 -0.0026792516 0.013040015 0.10868986 -0.011688844 0.08205287 0.12584522 -0.08272402 -0.17075156 -0.12777506 0.006372249 -0.068281494 0.059060805; 0.06701446 0.079655245 0.21225032 0.036683433 -0.011073492 0.010359579 0.016294312 0.32406262 0.012321289 -0.013252084 -0.017372733 -0.050025653 -0.05578954 -0.091461115 -0.08768767 -0.052700486; 0.022761052 -0.03621043 -0.118688256 -0.06832089 -0.034254335 -0.06878402 0.028983718 -0.042618036 -0.122604 -0.0032012686 0.0283124 -0.14346182 0.0124927135 0.14452077 0.092866816 -0.07529275; 0.053117737 0.019324223 0.11853531 -0.3635578 0.049172666 -0.060415182 -0.04860396 -0.13042286 -0.007781732 -0.063080885 0.17504515 -0.060863566 -0.02667852 -0.080540024 -0.03517346 -0.009458948; -0.061749425 0.06583821 -0.05358001 0.05362556 0.0686581 -0.016092518 0.1307348 -0.0109215425 0.048124064 -0.005289881 0.09253756 -0.020334044 0.015351891 -0.070635416 -0.097162366 -0.004574674; 0.054311633 -0.094194956 -0.04820632 -0.1100351 -0.06846705 -0.13021758 -0.004408132 0.024253186 0.049386196 0.25560048 -0.04965591 -0.06968022 0.0020532575 -0.14674722 -0.000112011876 -0.04859624; 0.02448891 -0.080102056 0.02928634 -0.028050596 -0.06030964 0.08990361 0.13180949 0.12458617 0.0701298 -0.07408 -0.11257849 -0.032958876 0.049076326 0.028163556 -0.02534833 0.019612774; -0.013924795 -0.04506674 -0.06189386 0.020958975 0.12774546 0.014669258 -0.051437046 0.0062060547 0.0035691569 -0.17295177 -0.02233968 -0.15928596 -0.057849783 -0.04791281 -0.005509771 0.03986167; 0.039794877 0.04246071 -0.033799075 0.12819324 -0.037465088 0.0091137905 0.044256657 0.041388646 0.0351109 0.055291463 0.053793784 -0.046021834 0.026074419 0.06578408 -0.0797827 -0.05423221; -0.108572185 0.010873267 0.13546343 -0.04024228 -0.15766203 0.15907483 0.053647775 -0.09782544 0.026623052 -0.012993375 0.10120319 -0.0485441 0.04749141 0.12132824 -0.003012684 0.033436; -0.15087385 0.06838603 -0.0571164 -0.08414427 0.04954982 -0.033403195 0.0058512827 -0.11475385 -0.006802536 -0.055762447 -0.10367484 -0.10966575 -0.036334615 0.051528774 -0.071740285 0.0041391146; -0.06528645 -0.047235016 -0.06037915 -0.0036345841 0.093512155 0.027413076 -0.016358856 -0.041958343 0.094537504 0.03848461 0.02237906 -0.047908854 0.037231836 -0.01369285 0.0026156525 -0.08193727; -0.034427326 -0.0926061 -0.03912856 0.015075624 0.062095407 -0.00895394 0.032662936 -0.013937865 0.066169605 -0.03632738 0.062185355 -0.14001365 -0.11361675 0.03410576 -0.018982716 0.04232688; -0.021631716 0.050017577 0.23479052 0.05255726 -0.08921228 0.01676755 -0.004509228 -0.027593799 0.079697505 -0.034638472 0.05299873 -0.09708402 -0.12256678 0.1942712 0.015680911 -0.20022686; 0.012483742 0.021988435 -0.07801523 -0.17119731 0.053894658 -0.09660231 0.06893348 0.049358986 -0.08142249 0.05009966 0.02554946 0.061669126 0.03634039 0.04474998 0.17598417 -0.06944617; -0.12889689 0.06966757 0.0028604674 -0.0016495566 0.14516498 0.12353603 0.15986285 0.024314256 -0.06674427 0.027253386 0.0640596 -0.09050581 -0.049489718 0.08461868 0.1344058 -0.03515906; -0.014136061 -0.10719616 0.111393735 -0.11498582 0.034018256 0.076762855 0.06572751 -0.15446368 0.010042774 0.08959534 -0.121614516 -0.04390538 -0.14852129 0.09327359 -0.11843779 -0.1194676; 0.046352167 -0.051384784 -0.033031028 0.046821624 0.052561097 0.050672278 -0.0008337136 -0.1442075 0.009293466 0.04122466 0.07475229 -0.013846248 -0.06616403 0.014987873 0.043894112 0.014684845; 0.05265699 -0.09029658 0.011687101 -0.0036320032 0.005680558 0.06975398 -0.01469164 0.00030851556 -0.0820534 -0.016846603 0.0075159636 0.08041771 -0.12388479 -0.05333347 -0.04198738 0.047827605; -0.027734099 -0.042845234 -0.09574938 0.010222712 0.02279145 -0.012897025 0.04711358 0.1428536 0.18732134 -0.14157216 0.01311535 -0.03449667 0.07088221 -0.06293446 -0.0018938077 -0.020726476; 0.027920578 -0.12874581 -0.0012397874 0.011116619 0.020602286 0.05183507 -0.12457362 0.02872336 0.04475038 -0.20099343 -0.04410663 -0.086793624 0.06858218 0.033088103 0.015997237 -0.0048443126; 0.18251239 0.17311122 -0.058120206 -0.093089744 -0.050369184 -0.027394038 -0.11215534 -0.046198517 0.037767712 -0.06261112 0.08335196 0.083918564 0.02562115 -0.09148405 0.084948964 0.08625777; -0.027391048 0.02627794 -0.081486255 -0.064478934 -0.041792132 -0.06303063 -0.07367697 0.05861127 -0.20136437 0.002368272 0.0036421695 -0.09294096 0.06132821 -0.083807535 -0.04657487 0.037892044; -0.09600936 0.029913707 0.048425935 -0.1518717 0.08875254 0.023145147 0.00727144 0.15427232 -0.024683746 -0.029813964 -0.008630158 0.18504013 0.074939236 -0.016601577 0.05463577 -0.15928262; -0.03060236 -0.08559359 0.051168248 -0.016908666 -0.11629866 0.0239465 -0.048402593 -0.04545857 -0.10050655 -0.026254958 -0.17766434 -0.05045575 0.05838702 -0.097232625 -0.078117 0.081529394; 0.063726015 -0.037779287 0.038862463 0.12662022 -0.007863496 -0.07266434 -0.10651869 0.041674256 -0.041863002 0.06542212 -0.079279765 0.15198605 0.10329414 -0.04607572 -0.124433525 -0.10273227; -0.014645744 -0.06360186 0.032359377 0.0377355 -0.04256178 0.09056868 -0.06569945 0.043912157 -0.16466562 0.044207484 0.13345778 0.046848617 0.021592552 0.010541422 0.05906001 -0.10208766; 0.04547907 -0.08049459 -0.046959355 0.13701257 -0.13590246 -0.018333891 -0.04345182 0.12888975 -0.06927075 -0.024631608 0.1203753 0.088716716 -0.20064035 0.15287709 -0.037805177 0.0542834; -0.091253035 0.01961139 -0.008842999 -0.07498722 -0.03354251 -0.124670975 -0.056090217 0.040738434 -0.24596065 0.080388226 0.14791118 -0.01032526 0.25923556 0.024113102 0.003290475 0.00066022377; 0.003364568 -0.11575479 0.060265392 -0.058124214 -0.09284411 0.067578465 -0.03316876 0.19908813 -0.0028253768 0.010578836 -0.07052128 -0.13749471 0.13491328 -0.086605005 0.03048593 -0.00658976; 0.048905045 -0.14662929 0.02871474 -0.05027996 -0.023833614 -0.02539048 -0.050556872 0.121202245 0.08008244 -0.014506711 0.08958311 -0.07223159 -0.0015584197 -0.087998435 -0.02603007 0.031982515; 0.003325719 -0.090124354 0.07527536 -0.027478788 0.009699259 0.100065425 0.0026678953 -0.030234741 -0.07597699 -0.012919642 -0.105826765 0.10786234 0.013695971 0.0797645 0.0429668 -0.09144678; 0.09636619 -0.06982512 -0.11925081 -0.096446685 -0.19508412 -0.075931676 -0.014123377 -0.18033269 0.055029333 0.059266504 -0.16118512 -0.13320152 -0.075564295 -0.033418592 0.057964943 -0.06524824; -0.023802046 -0.039796434 0.08547837 -0.019352792 -0.11964676 0.13280499 -0.08925851 -0.018949736 -0.11860058 0.12966998 -0.041665606 -0.030162884 -0.0801222 0.046262555 0.055558313 -0.054799575; 0.040920418 -0.10601134 -0.015243484 -0.009457627 -0.012057284 0.05939087 -0.096224934 -0.018541206 -0.080640525 0.0033509755 -0.01461589 0.060337093 -0.020132843 0.05768901 0.08046038 0.021796433; -0.0073019336 -0.03913394 -0.088836335 0.0741578 0.009205497 0.03633069 -0.00056294195 0.12576702 0.05478754 0.02580332 0.021417204 -0.030152166 -0.19346933 -0.034110587 0.08290241 -0.105957165; -0.13384947 0.11048143 0.06611993 0.016182488 -0.04450127 0.09657579 -0.10186575 0.024448112 -0.024362003 0.13203031 -0.012755064 0.0754719 -0.019742576 0.005843904 0.10384345 0.08500805; 0.029398695 -0.123252176 -0.0016428896 0.014903526 -0.039889127 0.07329372 0.006183145 -0.04331187 -0.08328439 0.024213156 -0.040931605 0.080879286 -0.047644794 -0.01898118 0.061816912 -0.00222543; 0.042756118 -0.03967675 -0.029374452 0.21643151 0.018417014 -0.04063099 -0.049955722 0.077041335 -0.13753411 -0.061655592 0.072002165 -0.0075729457 -0.035149593 -0.14975806 0.13101293 -0.12320426; -0.027210223 -0.0002478611 -0.028617268 0.06305456 0.0579237 -0.018851858 -0.010670492 0.018675793 -0.12623197 -0.055687893 -0.14676121 0.12529257 -0.122000866 0.026498957 0.1546138 0.015282997; 0.038833547 0.095258504 0.25169027 0.09787644 0.09564212 -0.023423424 -0.0175207 0.075674914 -0.069739856 0.033346675 0.028306307 0.034831256 0.0015978449 -0.036051832 0.026476644 0.13309844; 0.029223166 0.01637092 -0.059849087 -0.005461468 0.11776403 0.26074472 -0.21391709 0.07749492 0.0360154 -0.021318493 -0.072010145 -0.012900812 0.25846735 0.055780347 0.08495322 -0.08096849; 0.23283453 0.09114498 -0.10179551 -0.018248908 -0.088689215 0.10873099 -0.11319875 -0.11319541 -0.034061093 -0.090617195 -0.030820224 0.05465985 0.108589716 -0.25063276 -0.07530283 0.029877791; -0.13606974 0.08032305 0.021594703 -0.01885118 0.09618593 -0.017692026 -0.02309672 -0.082139395 -0.047381055 -0.094698526 -0.09440813 0.14323063 0.026487228 -0.043798815 -0.050198637 0.03724301; -0.043907654 -0.04128749 -0.020099118 0.10021952 0.051612623 0.05986468 -0.16157776 -0.029533735 0.008185014 -0.060106162 -0.106537275 -0.020599917 0.026382498 0.061064016 -0.052955896 -0.09063825; 0.025218263 -0.07823957 0.051959213 -0.013904938 0.01132052 -0.043847073 -0.07943804 0.075987354 -0.019177018 0.052353773 -0.028197996 0.0075454176 0.06775849 0.031669702 0.13132107 0.060954336; -0.11386586 0.008688615 -0.07499203 0.0104506565 0.03380209 0.00683707 0.02076809 -0.020222604 -0.08617112 0.06008194 -0.10234167 0.031392824 0.11055097 0.18998493 -0.000102601 -0.02143199; 0.19525874 0.11923279 0.049211994 0.11822698 0.15149988 -0.029949794 -0.05611941 -0.05485879 0.08417204 -0.11758616 -0.1362607 -0.19032565 0.022830756 0.06774479 0.101534046 -0.12940995; 0.053602953 -0.12410048 0.03069229 -0.1226308 0.077629365 -0.056192536 0.026077375 0.093094364 0.0021895384 -0.026829721 -0.18352431 0.04839087 0.0053744055 0.10590965 0.014624589 0.008584584; -0.088034436 0.100715436 0.08133271 0.08595378 -0.13103928 -0.07413947 -0.09204733 -0.060550567 0.034289822 -0.049094137 -0.0693925 -0.009334933 -0.07597579 0.0008147116 -0.02036252 0.10861541; 0.1988887 0.22546966 -0.026070824 0.05189942 0.12398513 -0.00552601 0.08574234 -0.075044565 0.009185793 -0.006671854 0.132086 -0.018910686 0.011820125 0.0960372 0.18706359 -0.051816028; -0.08990177 0.071291916 -0.016920643 0.0039971443 0.008018274 -0.09872273 0.016557047 0.04436031 0.09276964 -0.0028984991 0.04635919 -0.047162864 0.0136427265 -0.09981843 -0.005720817 0.075276755; 0.029882573 -0.11335078 -0.034740854 -0.0134110255 0.051307008 0.06725515 0.033804994 0.033722747 0.059870042 -0.09417917 0.03052955 0.06756259 0.114034176 -0.0373185 0.05140626 -0.028585939; 0.061526783 0.016900409 0.043672666 0.05636877 0.05185698 0.013170233 0.021760669 -0.1284932 -0.07911565 -0.10918497 -0.110846095 -0.13292715 -0.0009521344 0.0019787329 -0.13412637 0.11531389; 0.04448327 -0.05337686 -0.17344306 -0.003428796 0.09806048 -0.06433392 0.012437249 -0.05377082 0.0022789307 -0.09851097 0.11883037 0.0016288451 0.03984475 0.051649403 0.009794091 0.11749423; -0.07895919 0.054445714 -0.12558042 -0.03505381 -0.07528735 -0.15617186 0.048579503 -0.057784114 -0.0814886 0.0011033172 -0.010223034 0.05793506 -0.064874016 -0.08743381 0.016162392 -0.11487953; 0.063820854 0.005600621 0.14953397 0.10473819 -0.068455644 -0.13246225 0.16550387 -0.029436849 0.044520225 -0.040307656 -0.032707825 0.031879727 0.09517912 0.049442794 0.0063577574 0.17843418; -0.09584922 0.011391137 -0.05881208 0.039241694 0.0004483203 -0.009661307 -0.097002946 -0.03844913 -0.05319334 0.033014033 -0.12969929 0.07249778 -0.08235446 -0.119419545 -0.07883004 -0.13457756; -0.052302808 0.023286786 -0.06698259 0.110082425 0.0463151 -0.12504825 -0.07098739 -0.029369088 -0.02489014 -0.0010868949 -0.0004292931 0.11854064 -0.11396504 -0.085227974 0.011302966 -0.089343; -0.10494881 0.11129171 -0.053463012 -0.005256012 -0.13614888 -0.02183489 -0.15241106 0.02154667 0.058014486 -0.12564749 -0.055391178 0.05930856 -0.17387336 0.029240413 0.044990636 -0.0028617855; -0.07712941 0.027011456 0.0930528 0.00688474 -0.15741687 -0.025662027 -0.122907996 0.04386747 0.095406756 -0.110978305 0.082097895 0.04764864 -0.051681183 0.067595504 0.008758112 -0.085481256; 0.041773792 -0.034415014 -0.08174132 0.07963193 -0.013872306 -0.06256494 0.096929386 -0.18306871 -0.029891899 -0.041681986 -0.09061528 0.07938132 -0.050787453 -0.059261158 -0.011754964 -0.001748093; 0.2445823 0.20436642 -0.03612726 0.07793872 0.04206244 -0.07941688 -0.16761334 -0.093390636 0.063741095 0.10637586 0.1407042 -0.048461158 0.10342908 0.03653442 -0.0009916072 0.009615337; 0.031116515 -0.06338706 -0.081408605 0.008849974 -0.008032156 0.079139724 0.0066595646 0.01243777 -0.17634542 -0.1556585 0.07499771 -0.017430827 -0.1122256 -0.09416322 0.07669238 0.059364386; -0.05780104 0.030455438 -0.058851596 -0.025031643 0.07366 0.11813764 -0.026462128 -0.09056034 0.1371058 0.02780449 -0.01075135 -0.03419568 0.05975149 0.048952837 -0.09949467 -0.0007654591; -0.095784806 0.07864297 0.0074749584 0.02617211 -0.049904246 -0.12938672 -0.14888363 0.19709948 0.06298516 0.043117847 -0.18277106 -0.014897545 -0.059116606 0.050175674 -0.03148701 0.18844885; -0.028976684 0.0035677848 -0.0072047873 0.0050119655 0.11487212 -0.071332164 0.04114832 0.13547698 -0.07602872 -0.012023662 0.03360592 0.03904179 -0.10879692 0.019683383 -0.05725954 0.20980705; -0.014728296 -0.052348766 -0.049581237 -0.011539514 0.12085999 0.0027424558 0.06594466 -0.021796312 -0.17158048 -0.007207752 0.026543844 -0.008295965 -0.134282 -0.012700844 0.07223967 -0.06075693; 0.034907527 -0.0869038 0.13488044 -0.0027352176 0.021719307 0.069054514 0.0404229 0.002128295 0.11583688 0.06964228 0.015327515 0.07398575 -0.010734847 0.072475076 -0.03701799 0.03244799; -0.0674942 0.06952018 -0.06510428 -0.054490045 -0.0013068819 -0.0055916114 0.034556713 0.16736035 -0.051219832 -0.06328518 -0.023905749 -0.02767278 -0.023370529 0.07610689 0.15405749 0.10021614; 0.035332847 -0.041991197 -0.011072817 0.13333249 0.01730551 -0.06434691 -0.05830935 -0.054262143 0.03399342 -0.04424667 0.10880116 0.07325766 -0.054238867 -0.034454595 -0.049190212 -0.15766905; 0.027994504 -0.0771053 0.019792888 -0.0070375632 9.020693f-5 -0.031227894 -0.18474782 -0.053643357 -0.048922207 0.09158316 0.04418471 0.06609276 -0.040232502 0.047987316 0.0010144592 0.059594877; -0.13319688 0.0426998 -0.026252812 0.009444882 0.08246147 -0.05959049 -0.007295133 -0.012156284 0.09159821 0.0032559927 0.0065703997 0.11048527 -0.106238425 -0.05561394 0.06787583 -0.03345506; -0.122072585 0.07043258 -0.0045022317 0.034869816 -0.15557633 -0.093918 -0.1642571 -0.17556505 -0.007962537 0.015987493 -0.051528454 -0.053122394 0.05038873 0.037912436 0.06840425 0.15392017; -0.05101782 0.038310047 0.100547194 0.0020439082 -0.19188283 -0.06462094 0.04066462 -0.18417749 0.051804375 -0.032373503 0.016418012 0.07935742 -0.08204239 -0.02497564 -0.010466771 -0.086495385; -0.08568079 0.031361442 -0.081343725 -0.062765636 0.048175026 0.053346127 -0.062248584 0.03871585 0.037388574 0.0068944003 0.030539809 -0.08663725 -0.02817657 -0.06004608 -0.09249741 -0.058338057; 0.0689444 0.18149713 -0.17202608 -0.12231931 -0.046449807 0.015379923 0.082786225 -0.0067874785 0.041567594 0.056110602 0.08801576 0.21389382 -0.005191819 0.15260567 -0.102673545 -0.0005358822; -0.028056145 -0.029479314 0.14031056 -0.039138526 -0.02015442 0.013380579 -0.0018818242 -0.010930684 0.21062864 0.038589485 0.014428837 0.07861589 0.086225204 -0.10772685 -0.031477608 -0.07577902; -0.03404888 0.038432203 0.06446225 0.024856979 -0.19976145 -0.038897652 0.21646993 -0.06993043 -0.04927143 -0.0052220067 -0.030289788 -0.09232466 -0.05630869 -0.0818576 0.19653639 0.04908577; -0.03551452 -0.02603945 0.0017067523 -0.07704649 0.025467549 -0.01927146 0.06157897 -0.006860377 0.028697437 -0.008174359 0.14464173 -0.11308686 0.06356864 0.04431376 0.05089286 -0.008567904; 0.05476952 -0.13415484 0.0017570314 -0.0054320483 0.018624874 -0.064284205 0.00097105623 -0.05977435 0.0841898 0.0011101539 -0.07717577 0.026018608 0.00013494068 0.08625173 0.004153087 0.012496203; -0.1145359 0.03877377 -0.029257858 0.019320993 0.043024994 -0.0860482 0.016637651 -0.051016174 -0.15193707 0.06241246 -0.10355379 0.020205634 0.11875337 -0.088839404 0.16669223 0.07824245; 0.20935665 0.08254998 0.09484146 -0.3252907 0.047757298 0.15979116 -0.00821396 0.02058676 -0.08008426 0.10249538 -0.10434028 0.09299533 -0.054616068 -0.109300144 0.0074389214 0.04173164; 0.023672013 -0.097480305 -0.079003304 -0.032244354 -0.0059966072 -0.026079394 -0.022403512 -0.042127475 -0.0029295345 -0.17200738 0.0470898 0.14561525 -0.022996662 0.01285207 -0.058815617 0.017147442; -0.063158356 0.09143418 -0.10186573 -0.039826635 -0.047870845 -0.119053416 0.1125671 0.0043248907 0.08865541 0.06806545 -0.09134492 0.03292389 0.10537382 -0.16536617 -0.008747498 -0.012284553; -0.040357076 -0.06391091 -0.0343426 0.028748736 0.11727098 0.09596497 -0.11305489 -0.05483215 0.14909656 0.06665746 0.06501297 -0.031510044 0.05589007 -0.14163986 -0.03121439 -0.04275569; 0.017868774 -0.0465351 0.022852229 0.07486173 0.06101679 -0.12641709 -0.038698312 0.04743426 -0.054008547 0.0785244 -0.025336232 -0.14078496 0.09649956 0.06451124 -0.046777036 0.023483537; 0.016211152 0.20395368 -0.16866949 -0.12679411 -0.09511026 0.06073135 -0.028507704 0.04652919 0.09070682 0.06412087 0.055956755 -0.069652595 -0.06717765 -0.024658013 0.10563137 0.13433711; 0.026027253 -0.13736616 -0.02997573 -0.005855868 -0.082389995 0.025677457 0.13930161 -0.02349703 0.05255263 0.121819176 0.014408602 0.026606422 -0.047744624 -0.16420346 0.004416991 -0.053419575; 0.0053754617 -0.048067022 -0.07327175 0.035584472 -0.050656058 -0.10291039 -0.012213377 -0.04676607 -0.14392254 -0.06374329 -0.06792387 -0.13227098 -0.0069786403 0.026947739 0.059430603 -0.056117747; -0.006486003 -0.05373201 -0.08489987 0.11978929 0.024861358 0.061892584 -0.07331654 -0.056682352 -0.072053105 0.23477004 0.047885627 -0.055468652 -0.06903326 -0.01444937 0.015208742 -0.0019177056; 0.043221895 -0.10709704 0.088540055 -0.04462487 0.052952047 -0.16000654 0.105781 -0.051751025 0.0315098 0.07883019 -0.092392504 0.15391779 0.1132153 0.059903674 -0.036454648 -0.09922124; 0.022671184 -0.07818783 -0.049751 0.004082542 -0.01718659 -0.11026907 0.0053193886 -0.05876605 0.07707805 0.024078364 0.11567239 0.14342682 0.005393491 0.020442406 0.015504832 0.032753427; 0.03039153 -0.13958275 0.023647068 0.019893076 -0.12294181 -0.0077154404 0.01718711 0.042005666 -0.040001106 0.07668724 -0.005482275 0.010567942 0.06700462 0.013014097 0.07502616 0.05269833; 0.1978699 0.06224057 0.027189888 0.13409746 -0.048654705 -0.12002902 0.01825654 0.036894917 0.05690523 0.106849425 -0.17657743 -0.16638629 -0.03689672 -0.00047296248 -0.0063587637 -0.08367936]
eigen_reg_remove_correct,false
out_use_disc_cov,true
seed_mth_Gene,10000
out_norm_cont_cov,1
out_covariates,true
o_svd_cumvar_corrected,"Float32[0.3286743, 0.607342, 0.70945793, 0.7761649, 0.83623385, 0.8656256, 0.88979256, 0.911527, 0.9306871, 0.94549316, 0.9591427, 0.97036225, 0.9797111, 0.98764014, 0.99441665, 0.99999994]"
eigen_reg_r_squared_cutoff,0.6
o_svd_dimvar,"Float32[0.3286743, 0.27866772, 0.10211593, 0.066706955, 0.060068965, 0.029391766, 0.024166942, 0.021734416, 0.019160151, 0.014806032, 0.013649523, 0.011219561, 0.009348869, 0.007929027, 0.0067765117, 0.0055832863]"
o_ncc,
o_dco,
o_column_ids,"[""GSM1841564"", ""GSM1841565"", ""GSM1841567"", ""GSM1841568"", ""GSM1841569"", ""GSM1841572"", ""GSM1841573"", ""GSM1841574"", ""GSM1841575"", ""GSM1841577"", ""GSM1841580"", ""GSM1841582"", ""GSM1841583"", ""GSM1841584"", ""GSM1841585"", ""GSM1841586"", ""GSM1841588"", ""GSM1841591"", ""GSM1841592"", ""GSM1841593"", ""GSM1841594"", ""GSM1841596"", ""GSM1841597"", ""GSM1841599"", ""GSM1841600"", ""GSM1841601"", ""GSM1841602"", ""GSM1841604"", ""GSM1841605"", ""GSM1841606"", ""GSM1841608"", ""GSM1841609"", ""GSM1841611"", ""GSM1841612"", ""GSM1841613"", ""GSM1841614"", ""GSM1841615"", ""GSM1841617"", ""GSM1841619"", ""GSM1841620"", ""GSM1841621"", ""GSM1841622"", ""GSM1841623"", ""GSM1841624"", ""GSM1841625"", ""GSM1841626"", ""GSM1841627"", ""GSM1841628"", ""GSM1841629"", ""GSM1841630"", ""GSM1841631"", ""GSM1841632"", ""GSM1841635"", ""GSM1841636"", ""GSM1841637"", ""GSM1841638"", ""GSM1841640"", ""GSM1841642"", ""GSM1841643"", ""GSM1841644"", ""GSM1841645"", ""GSM1841647"", ""GSM1841649"", ""GSM1841650"", ""GSM1841652"", ""GSM1841653"", ""GSM1841654"", ""GSM1841655"", ""GSM1841656"", ""GSM1841657"", ""GSM1841659"", ""GSM1841661"", ""GSM1841662"", ""GSM1841663"", ""GSM1841664"", ""GSM1841665"", ""GSM1841666"", ""GSM1841668"", ""GSM1841669"", ""GSM1841670"", ""GSM1841671"", ""GSM1841672"", ""GSM1841673"", ""GSM1841674"", ""GSM1841676"", ""GSM1841677"", ""GSM1841678"", ""GSM1841679"", ""GSM1841680"", ""GSM1841681"", ""GSM1841682"", ""GSM1841684"", ""GSM1841686"", ""GSM1841688"", ""GSM1841690"", ""GSM1841693"", ""GSM1841695"", ""GSM1841697"", ""GSM1841698"", ""GSM1841700"", ""GSM1841701"", ""GSM1841702"", ""GSM1841703"", ""GSM1841708"", ""GSM1841709"", ""GSM1841710"", ""GSM1841712"", ""GSM1841715"", ""GSM1841717"", ""GSM1841718"", ""GSM1841719"", ""GSM1841723"", ""GSM1841724"", ""GSM1841725"", ""GSM1841729"", ""GSM1841733"", ""GSM1841734"", ""GSM1841736"", ""GSM1841737"", ""GSM1841738"", ""GSM1841740"", ""GSM1841741"", ""GSM1841742"", ""GSM1841745"", ""GSM1841746"", ""GSM1841748"", ""GSM1841749"", ""GSM1841750"", ""GSM1841751"", ""GSM1841753"", ""GSM1841755"", ""GSM1841756"", ""GSM1841757"", ""GSM1841758"", ""GSM1841759"", ""GSM1841760"", ""GSM1841761"", ""GSM1841762"", ""GSM1841763"", ""GSM1841766"", ""GSM1841768"", ""GSM1841769"", ""GSM1841770"", ""GSM1841771"", ""GSM1841772"", ""GSM1841773""]"
out_all_disc_cov,true
out_all_cont_cov,true
plot_only_color,true
norm_disc,false
cosine_shift_iterations,192
o_seed_genes,"[""PER2"", ""PER1"", ""ARNTL"", ""SLC16A1"", ""PER3"", ""NR1D1"", ""DBP"", ""TENC1"", ""HLF"", ""NFIL3"", ""USP2"", ""NR1D2"", ""LEO1"", ""TMEM57"", ""COQ10B"", ""C1orf51""]"
init_scale_change,true
align_disc_cov,1
o_dcorrt,
out_disc_cov,1
regex_cont,"r"".*_C"""
align_disc,false
train_μA_scale_lim,1000
plot_use_o_cov,true
plot_disc_cov,1
eigen_total_var,0.85
o_cc,
o_dcorr,
norm_disc_cov,1
blunt_percent,0.975
eigen_contr_var,0.03
o_svd_S,"Float32[6.0425534, 5.563921, 3.3680954, 2.7222197, 2.5832262, 1.8069711, 1.6385078, 1.5538579, 1.4589376, 1.2825009, 1.2313923, 1.1164143, 1.0191007, 0.93852854, 0.86763906, 0.7875594]"
X_Val_k,10
cosine_covariate_offset,true
plot_color,"[""b"", ""orange"", ""g"", ""r"", ""m"", ""y"", ""k""]"
train_μA,0.001
out_use_cont_cov,false
align_p_cutoff,0.05
seed_max_CV,0.7
o_svd_dim_indices,"[1, 2, 3, 4, 5]"
eigen_var_override,false
plot_separate,false
train_collection_time_balance,1.0
o_svd_dimvar_corrected,"Float32[0.3286743, 0.27866772, 0.10211593, 0.066706955, 0.060068965, 0.029391766, 0.024166942, 0.021734416, 0.019160151, 0.014806032, 0.013649523, 0.011219561, 0.009348869, 0.007929027, 0.0067765117, 0.0055832863]"
out_all_norm_cont_cov,true
train_max_steps,2050
regex_disc,"r"".*_D"""
o_svd_U,Float32[-0.21471822 -0.07159951 -0.29555237 -0.033369504 0.70221937 -0.14460264 0.11947891 -0.12783805 0.06924278 -0.0653677 0.121062875 -0.07428754 -0.08240446 -0.30839548 -0.34368613 -0.2576903; -0.0982514 0.2904247 -0.035192568 -0.2667935 0.31837285 -0.13754494 0.36588815 0.2636162 0.028888375 -0.17589165 -0.10625598 0.25814626 -0.049964484 0.13617077 0.61546534 0.01991533; -0.024731345 -0.19685 0.12840839 -0.10158717 -0.13704865 -0.2051054 0.32556248 -0.22287908 0.54586196 0.4274919 -0.34789398 -0.21905069 -0.16469556 -0.03479069 0.10730519 -0.16654041; 0.4028827 0.38737202 0.5694077 0.448013 0.33074576 -0.17648248 -0.024441142 -0.04093016 -0.004174717 0.049332593 -0.04202778 -0.087933846 -0.010332012 -0.050248742 -0.013670184 -0.0714689; -0.07604057 0.22434232 -0.2314784 0.021350978 0.22608754 0.07908055 -0.104508646 0.062744915 -0.016772734 0.46480784 0.1159606 -0.2601248 0.0063420953 0.7164636 -0.08166173 0.0123909535; -0.3498694 0.3588684 0.19879457 0.046770833 -0.23802641 0.3031329 0.4994213 0.091094576 -0.08805018 -0.1530958 -0.117821716 0.0135867465 -0.06896051 0.09777056 -0.42343393 -0.24892466; -0.21981134 0.042804964 -0.083189845 0.21020402 0.11976006 0.27281386 -0.34821954 -0.38995534 -0.083853945 -0.20553151 -0.54061365 0.033617612 -0.3817225 0.10239221 0.1896354 -0.04274038; 0.28960907 0.33361673 -0.15736708 -0.15280624 0.075212516 0.56179076 0.075851806 -0.33567294 0.30952474 0.19239989 0.12194225 0.27747965 0.120059706 -0.20690703 -0.0065146163 0.18724652; -0.22805102 -0.15865137 0.10509014 0.2452258 0.119622074 -0.009820555 0.32087353 -0.10350429 -0.0031666574 -0.018973451 0.110428035 -0.086252816 -0.1983238 0.015724447 -0.055644743 0.8129478; 0.050356973 -0.19887841 0.51282674 -0.6605729 0.2444943 0.2161254 -0.090167776 -0.0393798 -0.2902149 0.10072265 -0.07572275 -0.09861053 -0.1191889 0.03374098 -0.11152574 0.0691733; -0.23046942 0.025161562 0.25581807 -0.041604828 -0.11243356 -0.050921638 -0.09747877 -0.3769155 0.18850605 -0.17109653 0.67465216 0.040250074 -0.2720743 0.16187023 0.20516202 -0.21993901; -0.2913428 0.032552086 0.021708632 0.16263346 -0.00688467 0.24891508 0.09417586 -0.05935438 -0.37321457 0.3260923 0.121495254 -0.3847554 0.23795527 -0.37501833 0.43785742 -0.1238427; -0.1967178 -0.22384185 0.13732451 0.22318022 0.062569335 0.00063216366 -0.029327476 0.11728126 -0.14638275 0.5005038 0.030019104 0.7228812 -0.118264586 -0.019057425 -0.03601438 -0.11385128; -0.17285551 -0.13734545 0.17506519 0.12696765 0.14297503 0.40912518 -0.25731695 0.58905363 0.5089762 -0.07809258 0.054581717 -0.13807963 -0.06853213 -0.09115721 0.05642466 -0.008755922; -0.2663246 -0.18795739 0.22490004 0.056046516 0.15851228 0.0047088256 -0.02211822 -0.25784597 0.17768294 -0.17062922 -0.13351065 0.1295225 0.7691739 0.24685927 -0.00089093734 0.0066596805; -0.4346146 0.5086836 0.07664672 -0.22967154 -0.1154188 -0.34642932 -0.4011056 0.027588297 0.1200111 0.1703776 -0.08511589 0.030529099 0.06373642 -0.26191938 -0.124842234 0.24266881]
o_ccmm,
o_fxr,1
eigen_first_var_cutoff,0.85
align_batch_only,false
train_n_models,80
plot_p_cutoff,0.05
out_cont_cov,1
train_collection_times,false
o_svd_n_dims,5
train_circular,false
seed_min_CV,0.14
o_dc,
init_scale_1,false
eigen_reg,true
