"Gene_Symbols","p_val","acrophase_Male","acrophase_Female","amplitude_Male","amplitude_Female","BHQ","Bonf","Log_Male_Female_ampRatio"
"CFAP74",0.897411970055947,"4.44284586630443","4.25061381288096","9.35723253866261","8.83584757957368",0.977707041174183,1,0.0573325423505034
"PER3",2.47153530749593e-05,"4.57739160434452","5.29444753062097","41.9295100400661","15.7440398366789",0.0124565379497795,0.0124565379497795,0.979528005342816
"PLOD1",0.619472167898546,"1.75842974836793","1.85428500756575","4.95668238195427","3.10685940413842",0.91810136169814,1,0.467124264270712
"TNFRSF1B",0.9992235038314,"1.80671205721058","1.78635163794035","44.0702037832218","44.520179839985",0.9992235038314,1,-0.0101586630080703
"KAZN",0.0193529049211867,"5.12607578873804","6.062951320219","25.3216451771479","28.9077481924005",0.3520799664882,1,-0.132450092162372
"MICOS10",0.327060424710221,"4.3326569937448","4.52165774596517","78.2127863252851","48.6331430144741",0.781224900729627,1,0.475127888670152
"C1QA",0.180668738469426,"1.96547826156776","2.35209180910763","32.3923030734155","56.455682943476",0.583577724319051,1,-0.555535122575268
"C1QC",0.0526766529079309,"1.80542268181081","2.38634367809102","29.1237434383483","58.7432491324984",0.420064787705018,1,-0.70162247083134
"C1QB",0.243718179548649,"1.72518947190449","2.30014607205238","64.7836934337039","88.0497376686016",0.666972825855425,1,-0.306847928443147
"RCAN3",0.554176223583282,"5.23243741501853","5.05717210323788","6.0795167760806","4.33181278743119",0.882942068397438,1,0.338939103194129
"CLIC4",0.373752872560876,"1.52712831471343","1.51486772886051","11.4374135250874","5.90851547604796",0.790020422561285,1,0.660495258546029
"FGR",0.750397633111216,"0.95663898886111","1.19624617466643","5.99241565934052","3.82224879520939",0.961441533474725,1,0.449655673603834
"LAPTM5",0.100330877532001,"2.36077575891738","2.4409809689591","39.4083274598126","74.7098904719612",0.463915250239711,1,-0.639635335124875
"AZIN2",0.0863910265372008,"4.34224019891477","4.6794076406326","39.5521169772794","25.8004284929351",0.441519824780958,1,0.427228119344516
"OSCP1",0.924045745006008,"4.92659613389137","4.76282060931881","4.34592176253338","4.15148366728172",0.977707041174183,1,0.045772098954526
"AGBL4",0.158641591206104,"5.24142173043667","5.81982190626183","15.5766334815534","21.7584660757994",0.566749860360419,1,-0.33423098905835
"ACOT11",0.732452576482759,"0.0308883274922702","0.231805988072637","3.3428209241388","5.12905044407024",0.961344006633621,1,-0.428105504837715
"LEPR",0.717540049946545,"1.6427162563881","1.33031730163744","15.4496176401762","15.8575590117092",0.955052261408782,1,-0.0260620410654625
"PDE4B",0.599092802258466,"1.94457846664646","1.48805448370853","80.0767282518189","92.5719977636623",0.90680553266991,1,-0.145001417783527
"GNG12-AS1",0.357738526547879,"4.36496476750043","4.69774502101488","17.8925572180126","16.6502188419551",0.787337193799699,1,0.0719614685013689
"WLS",0.491108617440248,"4.52574083735965","4.70996720499236","20.0283223047362","14.0467162081897",0.872874537685535,1,0.354758740419715
"SLC44A5",0.0361371473754193,"5.39425608665636","0.142129951846758","5.45722259206819","5.47701403240667",0.364262445544227,1,-0.00362009029659476
"ST6GALNAC5",0.0932350204669402,"5.29326041343727","6.03181480767013","6.8101131238174","11.86690853331",0.448187840798763,1,-0.555344999552286
"DNAJB4",0.366278730242968,"2.43121982843705","2.08708399575179","7.45320552492982","4.14823137988567",0.790020422561285,1,0.585962141770424
"ADGRL2",0.00219238592181157,"4.8521389333377","6.16386259881781","8.08491557124514","15.1057016344599",0.283821499025867,1,-0.625072213903912
"GBP2",0.501395117457827,"1.88313541099083","1.39469331348637","10.4126415015781","7.4960741489589",0.872874537685535,1,0.328641160297277
"DPYD",0.956012621421171,"0.837028824625968","0.912559550110408","219.01931673116","197.212864400241",0.99469064563074,1,0.104876254842461
"MIR137HG",0.376401492395971,"5.38140969655349","6.05995413954696","2.82585146187101","4.27071717700766",0.790020422561285,1,-0.41297204866393
"OLFM3",0.0423128843261556,"4.84072955811988","6.06247140319463","6.47387502971005","10.4301065713806",0.394920253710786,1,-0.47692163482863
"AMPD2",0.642017897282126,"1.841469269243","2.10808085684176","10.9484424858558","7.42560596487409",0.927086079683808,1,0.388262914621406
"C1orf162",0.49670987602887,"1.43691552907656","1.86185640237319","14.2131543601256","14.7856604608137",0.872874537685535,1,-0.0394899241254645
"OLFML3",0.164177538913931,"4.16441829114037","2.90531834143672","3.06078588233914","5.9159664148191",0.566749860360419,1,-0.658983160539761
"SRGAP2-AS1",0.674494597744375,"4.73687645634492","5.01746776329804","19.9201531604759","23.5600018580967",0.939353158466985,1,-0.167818496744162
"HIST2H3PS2",0.498894112254237,"2.34005338802124","1.66397005089069","5.21329964064375","3.53624562118166",0.872874537685535,1,0.388147378269234
"FP700111.1",0.680204796103103,"4.52691104991075","4.723437938991","7.45188312524937","9.90225998665493",0.941822025373527,1,-0.284296243627844
"TXNIP",0.386790942032206,"1.85383419674853","1.32326091115794","46.8227042980006","37.7965918590569",0.794002389361512,1,0.214149283754681
"FMO5",0.700087481154919,"5.16457920289921","5.3342497852555","8.02112603664685","6.29966938864619",0.944978045796598,1,0.24158166156689
"S100A11",0.0941345084871159,"1.85731668472287","2.5317662113387","24.0674700836433","13.8828716843697",0.448187840798763,1,0.550205312284651
"S100A9",0.340335483745722,"1.72017962974367","2.38093585856473","16.1053245783599","12.5595059520906",0.782010396931694,1,0.248672111225905
"S100A8",0.374004244675605,"1.77921340843815","1.9869325544673","21.3373613964013","9.52629685791897",0.790020422561285,1,0.806403527517342
"FCER1G",0.285109761555562,"1.81732364137248","2.33984098563346","13.1436744966139","16.4702505119249",0.717150783927009,1,-0.225615138249915
"FCGR2A",0.927269773177102,"1.60493056483369","1.73276036818887","39.3576014914943","41.6549877048836",0.977707041174183,1,-0.0567319816502146
"HSPA6",0.0619029372097911,"2.01308665894642","1.2838904098324","19.6151456234944","7.31874312194282",0.427384662379928,1,0.985863395144711
"FCGR3A",0.0460841902866121,"1.60872722523577","2.4349336785254","63.3239710742407","65.4614793766947",0.404361144285032,1,-0.0331979211011523
"IER5",0.265972315760485,"2.41911103247755","2.16972191811546","12.3462070280993","4.83504647434824",0.69097962444992,1,0.937458151744212
"NIBAN1",0.255655222863828,"1.0224108622367","1.76692043745115","61.8050615380709","66.2639955491201",0.678159117491417,1,-0.0696614331066629
"MIR181A1HG",0.840907195157843,"0.913786215281426","1.35453838245809","35.9883403429786","37.1783001000264",0.977707041174183,1,-0.0325302537969791
"IPO9-AS1",0.868509111251437,"4.74772048870087","4.73794032378732","9.53370995675025","7.93340930166945",0.977707041174183,1,0.183751066526023
"IKBKE",0.3690754280457,"1.88233958498603","1.78353321552454","11.5284747630001","5.91620440857081",0.790020422561285,1,0.66712494524328
"KCNH1",0.351966599676851,"5.37494621740813","5.83634639355475","9.68368909130654","11.4030517579096",0.785610667133117,1,-0.163438084477525
"PROX1",0.984886941872564,"1.4182533688179","1.49873218236918","4.93594250310563","4.99679376796577",0.996753049605968,1,-0.01225282228501
"DUSP10",0.446607805352994,"1.40161562325829","0.822807277470938","10.0294458147459","8.62621704546783",0.839889305589213,1,0.150719287996531
"AIDA",0.136010830961375,"1.31762534631223","1.99283576905932","34.4751128607038","35.5646190015636",0.535542646910414,1,-0.0311135980216442
"FAM177B",0.356193843953957,"5.56298224232322","5.24408400933398","35.7804534503728","70.384379945138",0.787337193799699,1,-0.676569611474785
"SLC35F3",0.231731909200017,"5.34549369680014","5.97500677499541","10.0744529544256","9.02471383271929",0.656647895870886,1,0.110036013600835
"RYR2",0.0286666360755564,"5.09476050851252","6.14562673345628","17.4359432301555","31.0457553220277",0.3520799664882,1,-0.576928315957533
"CHRM3",0.129882973646767,"5.34069522153936","6.00290816556469","15.4714535254767","18.6819413214593",0.535542646910414,1,-0.188560734670479
"RGS7",0.0179344316373898,"5.02591345342395","5.8586095125191","12.8287018428149","24.138725177673",0.3520799664882,1,-0.63213241261146
"KIF26B",0.387548785283595,"4.67550322617667","5.08666708360609","31.343649196656","33.7573638318534",0.794002389361512,1,-0.074186912031349
"NLRP3",0.0829550215220131,"4.59357172613787","4.62589569374141","14.3801234249373","7.0134368748874",0.441519824780958,1,0.718019072731244
"PDIA6",0.765784415006615,"2.21778590697969","2.49950074137175","15.0529501198118","18.8651026169595",0.961441533474725,1,-0.225739799708279
"OST4",0.728646310792435,"2.45987265760448","2.75478960524983","6.92052559815292","7.89920150126924",0.958845275820854,1,-0.132269958340206
"SLC8A1-AS1",0.283841441139705,"4.6984671640661","5.02243688162945","24.0456551303355","45.5124251025858",0.717150783927009,1,-0.638031047485781
"MXD1",0.996529426767105,"1.96295010852612","2.00705533004943","10.5138466194103","10.2170108876741",0.999094652298446,1,0.0286390488149266
"LRRTM4",0.0360539288665507,"5.24408188451398","6.14114684249353","34.0759926146031","49.6059950629496",0.364262445544227,1,-0.375518587184061
"TMSB10",0.362403776772792,"2.5954223273977","3.07523300392277","92.5930868433678","104.732786249358",0.790020422561285,1,-0.123197730803845
"VAMP8",0.918582676395623,"1.753289227311","1.95062313333975","5.48358152151804","5.68879311324874",0.977707041174183,1,-0.0367396692038878
"AFF3",0.458860714814318,"4.73182507970613","5.21509548364621","17.545543541513","17.9556148288365",0.850241912744177,1,-0.0231028814484074
"TBC1D8",0.715794652162145,"1.20109565169759","1.19405784769359","59.8816181683795","41.9544696612515",0.955052261408782,1,0.355784608120812
"RNF149",0.976116437814669,"1.39485599990856","1.32713338076144","80.9982225456899","90.2422054033418",0.99469064563074,1,-0.108070016209899
"CNTNAP5",0.0121708222957357,"5.17581399968079","6.21190433913387","11.1338297374516","15.6472630068639",0.30670472185254,1,-0.340307816434375
"ANKRD30BL",0.119811414471298,"5.07041446487294","6.05894199055368","5.22794829386538","6.32563156081928",0.512275937934702,1,-0.190590975660946
"TEX41",0.341353744692406,"5.17988956826131","5.17082983065829","10.0797976366398","3.74128635978025",0.782010396931694,1,0.991103687955802
"GALNT13",0.120954040901249,"5.35061044788734","6.07508713445581","2.27669960442711","6.31387529891456",0.512275937934702,1,-1.02002278765896
"KCNH7",0.0143994155705023,"4.98311694717422","5.93817598853307","12.3892247176753","11.7226079846708",0.329877520342416,1,0.0553078367695347
"DHRS9",0.997112321639124,"4.47528486161806","4.49655916843634","8.36435542145884","8.16482755036341",0.999094652298446,1,0.0241436692529231
"GPR155",0.870052570878283,"1.46653444855504","1.27101879752832","34.2623819051021","27.1589335586068",0.977707041174183,1,0.232341978082118
"ZNF385B",0.0356868213737302,"5.24917050301763","5.97745636959713","10.6540851224257","14.0896697774012",0.364262445544227,1,-0.279498490793644
"ZNF804A",0.969670003461535,"0.705758191977469","0.716738480688416","29.3840638739374","25.8755332561222",0.99469064563074,1,0.127154621975479
"HSPD1",0.0730131971236176,"2.30010681430042","1.69711336603862","41.3372388955216","8.04053776248299",0.441519824780958,1,1.63726779504578
"CFLAR-AS1",0.795346933062263,"4.71787222849358","5.00969369284844","6.77121419024943","6.73530234889587",0.961441533474725,1,0.00531771843259202
"DIRC3",0.782317724730985,"0.611172858236663","1.09631201249298","27.6127063893465","30.5215911261833",0.961441533474725,1,-0.100158295734772
"SLC11A1",0.536468184445095,"1.18923693937984","0.961591944096901","134.979851421825","63.163721609947",0.872874537685535,1,0.759395407394279
"PID1",0.432227499218336,"4.49669201504882","4.6782164052817","29.0188347271489","17.5597074376236",0.836774349725015,1,0.502338165179301
"CNTN4",0.379316726646026,"5.63139332902142","6.05149894346787","9.85533594297541","13.1223894533377",0.790020422561285,1,-0.28630686129572
"GRM7",0.0870169340518172,"5.40343800443506","5.95805980464305","7.93661482102021","17.4717038605103",0.441519824780958,1,-0.789095810654777
"HRH1",0.331504042805015,"4.39550762412942","5.04455176170948","7.93142068653254","7.08871424017723",0.782010396931694,1,0.112328197264161
"NEK10",0.722569815113035,"1.83478926497672","1.42912411801648","22.2294369965171","22.5979640380761",0.955052261408782,1,-0.0164424140465265
"CX3CR1",0.154740650988619,"4.47576039554446","4.2083588780188","155.207254995169","101.521154407915",0.565139768828,1,0.424494158181609
"ZKSCAN7-AS1",0.629237594299307,"4.82154373592019","5.17893269000179","7.37353803704582","7.42465841697869",0.921104363530191,1,-0.00690902887291428
"MANF",0.865714712662746,"1.9008683855862","2.17507662852663","7.04678756264191","6.8812620744325",0.977707041174183,1,0.023769771930668
"STAB1",0.190181722770365,"1.41859889970239","2.12715089170893","38.7312071826821","45.9604726506344",0.602011340471335,1,-0.171136074654329
"CACNA2D3",0.0299982906857048,"5.06665816400594","6.04161964529821","7.74414785215284","17.575374141354",0.3520799664882,1,-0.819561283470203
"ERC2",0.171982362933366,"0.96947623467682","1.59332617725833","91.2761260611017","54.9792631265386",0.573155509781686,1,0.506933184406908
"TAFA1",0.781813560279234,"5.54510826552498","5.7595677127906","9.21600857089001","11.1929440008373",0.961441533474725,1,-0.194341545888278
"ROBO2",0.162514853404189,"5.27005522775708","5.9286808707761","30.0520287467373","38.7509372334793",0.566749860360419,1,-0.254224771104312
"ZBTB20-AS5",0.112682731595439,"4.65984183989931","5.38917292718417","5.78476162733337","6.56336079888125",0.507072292179475,1,-0.12627563417351
"STXBP5L",0.00971912660765019,"5.15847386723147","6.04421162775319","24.1512279864878","40.0048278277979",0.30670472185254,1,-0.504664915418122
"EAF2",0.877287912482434,"1.15843321647319","1.27696807100491","17.7421794850113","15.6079372381905",0.977707041174183,1,0.128165244256421
"MGLL",0.0314357112935893,"4.59924166491346","4.98958975702596","39.98338988423","19.8290304678591",0.3520799664882,1,0.701317065832551
"CPNE4",0.67052870505389,"5.02376552971861","5.31436768836569","10.1447879479409","10.6474711197065",0.938740187075446,1,-0.0483623394759617
"ANAPC13",0.739942462482987,"3.61033920003916","3.74731089845264","4.4128351901599","3.56836166117227",0.961441533474725,1,0.212410811132816
"SLC35G2",0.763617474286739,"4.77780606013643","4.96007951680601","24.7753091083578","26.4862365986739",0.961441533474725,1,-0.0667776676738781
"NCK1-DT",0.788623453238234,"4.77345428483581","4.98643920127777","21.1636467242586","18.7188098345948",0.961441533474725,1,0.122756040790581
"CLSTN2",0.229064792325004,"5.81559273281226","6.09988900493966","5.9798214829579","13.6977904961362",0.655958268930693,1,-0.828843827004375
"PLSCR1",0.778724778439251,"1.56810418159958","1.84424477465853","54.8561709642051","43.2623026885916",0.961441533474725,1,0.237433038421402
"ANKUB1",0.120705658906721,"5.06710328606962","5.31955345981507","15.6375836526116","58.5443966999394",0.512275937934702,1,-1.32010815908661
"PFN2",0.506005863068348,"3.2735000931733","3.65896560588556","17.0746843998925","20.296588980583",0.872874537685535,1,-0.172855919298657
"MED12L",0.750834678254969,"4.70673404997115","4.89414173155713","54.4814355415719","51.6407398479871",0.961441533474725,1,0.0535491184672463
"P2RY13",0.105719704258062,"4.51980758343931","4.03400679682808","30.9653758423605","19.1166573077814",0.480024603117687,1,0.482309606626923
"P2RY12",0.48929978396256,"4.62983133503887","4.56003828055189","211.922501968784","138.497367702811",0.872874537685535,1,0.425369331397932
"IGSF10",0.221026388335128,"4.42955452909928","3.84736967022518","6.41605639036006","3.45886194545719",0.652158227590824,1,0.61786404208031
"IQCJ-SCHIP1",0.0227096962894034,"5.82944550622092","0.21079728052564","8.25776755025857","35.050184681824",0.3520799664882,1,-1.44562660392604
"NAALADL2",0.410571385442795,"4.60784319951921","4.87722163655655","111.237318164271","88.4786753566609",0.821267940345229,1,0.228904353962202
"DNAJB11",0.564856878580833,"1.47069223246012","2.0941846477117","7.7880065389495","7.7169503394677",0.88579160639233,1,0.0091656748855887
"BCL6",0.96957826195965,"1.43129643720073","1.46341345804225","43.507463127818","39.6474534870524",0.99469064563074,1,0.0929057683078351
"TPRG1",0.776386103146734,"0.921808201550692","0.642542598584877","35.9460981953232","21.8994884547835",0.961441533474725,1,0.495557265751013
"TBC1D14",0.535291385641554,"1.05763509580166","1.14099164422937","109.527141651771","65.6015243123044",0.872874537685535,1,0.512573455359928
"GRPEL1",0.811694695147874,"2.37529644004817","2.18599285542252","3.23309507378173","4.01968362413023",0.961441533474725,1,-0.217763293463788
"LDB2",0.0589237691007153,"5.08305870741208","5.95688330941166","11.8396148791074","17.9860700998982",0.427384662379928,1,-0.418146473130457
"LAP3",0.443504103026758,"1.26869075821771","1.935533886195","22.3099752976543","25.6015415780983",0.839889305589213,1,-0.137618666355119
"FAM184B",0.701233708587158,"5.15814216960161","5.59991199850706","3.92811011638897","3.95372755768551",0.944978045796598,1,-0.00650039560861815
"KCNIP4",0.00520499843587114,"5.16292236373786","6.22645933903724","117.84503087582","193.481859537545",0.30670472185254,1,-0.49581329524317
"C4orf19",0.374561470748471,"4.49608036582338","4.77411655978705","20.3585772552244","13.4200467047392",0.790020422561285,1,0.416752698059832
"SPP1",0.475190912938218,"1.98439931020402","2.46853031539995","396.934998435812","635.165186505967",0.867273177291125,1,-0.470112565911057
"HERC6",0.723707257365545,"4.42748823505714","4.86328470131924","7.7863898122292","6.40882283164148",0.955052261408782,1,0.194701705265601
"NAP1L5",0.465894883868976,"3.42113655808904","3.54340970979434","9.63204568361121","6.34266004076972",0.86011363175811,1,0.417797386208436
"CCSER1",0.0711526098731059,"5.43555714777179","6.1034775114638","23.727824588853","33.0654475956739",0.441519824780958,1,-0.331840465088915
"GRID2",0.00287270470018884,"4.46562894429423","5.70928347075117","708.220692900362","304.223137973595",0.289568633779035,1,0.844994319610086
"SNHG8",0.1625821771479,"2.21296747073269","2.92202966289989","10.1778012984975","18.2255771384406",0.566749860360419,1,-0.582616939468528
"IL15",0.994881403363607,"0.678172745854597","0.728718013916378","14.3218917973437","14.083434625062",0.999094652298446,1,0.0167900041386551
"RPS3A",0.135910636668766,"2.54318607932033","3.09503571078243","30.2524939046428","51.301212781195",0.535542646910414,1,-0.528135768648958
"TMEM154",0.760351612721467,"4.32153219113526","4.29201313761078","6.20672217578951","4.30341638469298",0.961441533474725,1,0.366223711295324
"FAM198B-AS1",0.88163767021336,"4.56765063895898","4.77327224752059","17.4724096761833","20.8838869068001",0.977707041174183,1,-0.178354853358711
"PPID",0.611997872359734,"2.11597314909366","2.16015949130224","9.67810182250187","6.3708247377805",0.912642059390945,1,0.418136855960731
"FSTL5",0.00827238891564905,"4.72117185728012","6.11414027794156","3.61273644070697","8.33706260384651",0.30670472185254,1,-0.836245446546356
"GALNTL6",0.566051625260178,"5.77812353126104","0.0925088764678639","9.18680873925202","11.5564505410993",0.88579160639233,1,-0.229475147034806
"SAP30",0.14662763156775,"1.25520444816952","1.30563607323591","9.63283177228614","3.27223172279565",0.551494972463776,1,1.07970500377602
"ACSL1",0.976928312673048,"1.55385693611991","1.44387091162345","143.315772260339","144.31650100744",0.99469064563074,1,-0.00695841793852914
"BASP1-AS1",0.176355734357835,"5.13508569908091","6.00359519873967","3.17556840015165","5.37907949929455",0.580936536708162,1,-0.527030622757927
"CDH18",0.0374768476510935,"5.33520790458395","6.24653493795714","14.4012906581832","21.1516774492461",0.370359435610806,1,-0.384401382762335
"CDH12",0.00135834938755451,"4.95536109207299","6.22014217314126","11.5659021602866","16.7005684627104",0.283821499025867,0.684608091327473,-0.367381458078796
"PLCXD3",0.636479169193357,"5.0200724425501","5.00817517125382","9.84900921529744","18.3762836637497",0.927086079683808,1,-0.623690039065231
"HCN1",0.0638174918004716,"5.75994720083604","6.20390674168921","6.46483459403032","15.4482544837534",0.428853544899169,1,-0.871118591503617
"SMIM15-AS1",0.22199992472037,"4.41783443030881","4.81841765856137","6.36639725315837","4.004281542519",0.652158227590824,1,0.463669554935865
"IQGAP2",0.812609221175139,"0.332363855994417","0.778091610874793","12.5491424082014","13.5831897462622",0.961441533474725,1,-0.0791806509005061
"MEF2C-AS2",0.922845974316118,"4.84066686346517","4.91275362955268","18.9646434642839","21.9106316042692",0.977707041174183,1,-0.144395605110868
"MAN2A1",0.959653624557797,"1.74941281821982","1.60256444472888","71.4623284285534","79.9220705203093",0.99469064563074,1,-0.111881605688621
"TICAM2",0.417151969699164,"1.89605483993546","1.24455594610134","8.77554466339153","7.19576709202057",0.821267940345229,1,0.198475888075116
"TNFAIP8",0.599139369799762,"1.30814876946503","0.991805812276379","23.7994068841624","21.4830164655386",0.90680553266991,1,0.102397968395738
"LMNB1",0.876551060082915,"1.46649779474074","1.4805459150474","4.71991515417996","7.33425561373581",0.977707041174183,1,-0.44076509866525
"ADAMTS19",0.476656091487384,"5.23536406445642","5.28468659274041","6.64072751116456","11.2563171452928",0.867273177291125,1,-0.527707972659868
"UQCRQ",0.31428375273643,"2.90297401504941","3.43586558163839","8.58639700413874","10.6476150852039",0.762124354504567,1,-0.215156724139099
"FSTL4",0.010279746613316,"4.70505076904232","6.18065876738472","5.20891435980506","5.62633537396237",0.30670472185254,1,-0.0770868619162408
"TGFBI",0.864237125313285,"1.56066239075411","1.70569732914108","11.2296876512915","9.34140875629906",0.977707041174183,1,0.184103883281328
"CD14",0.161145615767225,"2.0840697620121","2.52592588742837","18.329310644288","47.620537536573",0.566749860360419,1,-0.95476267595135
"ADRB2",0.590804259266019,"4.96874201998806","4.57071046728413","4.69883792772828","3.83614128288913",0.904761627343562,1,0.202848241597921
"SMIM3",0.0231347329490785,"1.85732496262319","0.755789062880198","4.99252490809117","4.92854809321739",0.3520799664882,1,0.0128973351359974
"TENM2",0.0873049392123897,"5.29348087987469","6.06641823856509","21.7459908003392","27.0572669088527",0.441519824780958,1,-0.218526206965881
"INSYN2B",0.166522910172159,"4.6597065737332","5.00199307822946","10.3698055835274","26.6283303701228",0.567078018424109,1,-0.943077426437653
"KCNMB1",0.239927617242922,"4.84108207662029","5.41659853913228","15.5452351730269","26.7660480925699",0.666972825855425,1,-0.543380050222854
"SH3PXD2B",0.621175722894972,"1.08011155066531","1.3891131810587","26.5066343584916","18.0872488979514",0.91810136169814,1,0.382187845577255
"CPEB4",0.695275009013468,"1.3541144928539","1.62226247701908","55.2094007140923","83.1924452083909",0.944978045796598,1,-0.410023299345875
"FAM153CP",0.228525062528309,"5.2995073904565","6.01123487349787","4.30496550070002","4.67801010720604",0.655958268930693,1,-0.0831037046694817
"LTC4S",0.71976710098727,"4.41863205249062","4.23523433166839","27.5303197516066","23.9583382726451",0.955052261408782,1,0.138971517135715
"NRN1",0.43332957396474,"3.32249828121246","3.75696381786729","10.5518357475833","12.4106346699276",0.836774349725015,1,-0.162253890428784
"TXNDC5",0.0630995827286294,"2.44486353085272","2.45833223971204","2.68073225446488","7.05269242543342",0.428853544899169,1,-0.967319461753698
"RNF144B",0.903693392003286,"1.41032992062709","1.41136353522648","56.8191731260812","44.9461709717456",0.977707041174183,1,0.234408250681448
"CASC15",0.13963028832357,"4.69648600622316","5.35388165713826","9.65491633228049","7.15622382493445",0.540146277110202,1,0.299484807006207
"HIST1H2AC",0.0797531213211557,"1.60566144414443","0.331939978019747","63.8110320509992","46.619851265292",0.441519824780958,1,0.313899648322485
"HIST1H2BD",0.0691678224333736,"1.65846804792521","0.545125620855705","13.566949580062","6.81842708232245",0.441519824780958,1,0.688007844965311
"HCG22",0.0535727136683031,"4.58474961384624","4.8692282519584","21.3500405865432","9.55536448246147",0.420064787705018,1,0.803950917985985
"CLIC1",0.607917958578107,"2.00836893817028","2.14823792391993","9.42975162738917","6.76201578520884",0.911876937867161,1,0.332548719057173
"HSPA1A",0.452835659409592,"1.83624810175673","1.53205031154589","177.815223322886","113.242136958453",0.84217406768426,1,0.451216608780977
"HSPA1B",0.416541808782211,"1.85696961432439","1.77984090895163","62.5802547009987","34.4329628938296",0.821267940345229,1,0.597435479004857
"HLA-DRB5",0.488163342870779,"2.22380487350262","2.63535467262615","5.26757599383838","13.6025762488585",0.872874537685535,1,-0.948688911346305
"HLA-DPA1",0.341224959896357,"2.82974440632285","2.86447096444595","17.8665871112601","34.1263011721775",0.782010396931694,1,-0.647136055695075
"RPS10",0.0819617568655899,"2.44724372949678","3.03230563236113","16.4514120756454","26.6883116370612",0.441519824780958,1,-0.483814389164252
"FKBP5",0.921535144034167,"0.556242250960243","0.439751260298965","280.667000004866","239.478862101144",0.977707041174183,1,0.15870375873368
"CDKN1A",0.867277725920355,"2.06219257034514","1.89470086571683","13.842430869071","18.4895874774304",0.977707041174183,1,-0.289469158977793
"PIM1",0.653486201462031,"1.40230028416283","1.86410063238902","14.8243329047746","18.6833302416714",0.933161402498725,1,-0.231361749493292
"TRERF1",0.899517749588654,"6.04981359547555","6.12485552639076","19.2098589357335","15.4919469115673",0.977707041174183,1,0.215103298663137
"VEGFA",0.289600688523727,"2.27903868466719","3.04394495722479","20.9292327761992","9.45023142241937",0.719008605989943,1,0.795107648779776
"PLA2G7",0.754187714653931,"1.10647345473597","0.873702755166634","13.3898593346136","9.4162345731876",0.961441533474725,1,0.352062372552892
"ELOVL5",0.995802642173648,"2.05109963709596","2.06163567651612","19.897295649407","20.6653457965877",0.999094652298446,1,-0.0378743557852305
"ZNF451-AS1",0.509225596411834,"4.452253649597","4.94218182899704","5.43157183844965","6.64914769673261",0.872874537685535,1,-0.20226011548134
"KHDRBS2",0.340770786067583,"5.70715611833519","6.23560340149806","17.9938094806409","23.8871942225646",0.782010396931694,1,-0.283314727753842
"KCNQ5",0.0293998811738317,"5.25335921734185","6.11179762707394","26.4544130889581","32.5567384743549",0.3520799664882,1,-0.207561375560045
"MEI4",0.489032023138957,"4.56367805183012","4.62681601361889","7.89598275916042","5.2667653190021",0.872874537685535,1,0.404937735993
"DSE",0.542307378548723,"1.29488810907559","1.66554341774617","59.7655758610257","45.6736131828444",0.872874537685535,1,0.26890910162115
"ENPP1",0.613860432804624,"4.6692398046799","5.23471915903451","8.89719737948254","7.85952612801386",0.912642059390945,1,0.124010010397673
"NHSL1",0.961745572672568,"0.150438672478709","0.149770275034872","83.8299066479475","99.6744748510743",0.99469064563074,1,-0.173119799579794
"GRM1",0.026589843546669,"4.82173099326788","5.97229866537525","3.29998812415755","5.3141310490216",0.3520799664882,1,-0.476450638395713
"TAGAP",0.695454694583823,"4.67089767986056","4.34177374494465","4.34479398797443","5.22915439669238",0.944978045796598,1,-0.185271237763289
"IGF2R",0.723868975909037,"1.21739954140954","1.4071803121631","29.1480214531932","24.4016673787319",0.955052261408782,1,0.17773557065852
"SCIN",0.531912374366808,"1.04556119171599","1.16568636176175","82.1907599922038","50.3588617091397",0.872874537685535,1,0.48986828104419
"CYCS",0.29809285223462,"3.03536327460718","3.61480993809233","14.6927102164733","15.0660741974488",0.732872183054871,1,-0.0250940070761808
"CPVL",0.779400086461091,"1.88989420978512","1.52017330359959","64.6009563274441","57.841109927722",0.961441533474725,1,0.110529447221244
"ELMO1-AS1",0.521693335401418,"5.20277896408675","5.19999206537018","16.840443316999","27.4861859359321",0.872874537685535,1,-0.489900215155126
"POU6F2",0.0108169791667684,"5.05249427214458","6.11175373383887","6.06197987639227","6.13478609836355",0.30670472185254,1,-0.0119387527642953
"HECW1",0.413487661887059,"5.54974116015502","6.05629189086624","8.66202981750362","11.1511684902885",0.821267940345229,1,-0.2525952046293
"SPDYE1",0.0555234234913821,"5.13696727127852","5.15925240463919","2.27325819934278","6.30064504539555",0.420064787705018,1,-1.01943788381558
"GALNT17",0.0154598631508123,"5.26638777450063","6.17843591581681","11.3940353520736","15.1940407697051",0.338772653391713,1,-0.287813292608585
"GTF2IRD2",0.00602496740422942,"5.12864333585458","4.7076395089459","8.80229472080428","3.03001810920841",0.30670472185254,1,1.06644385507911
"HSPB1",0.0772377798716946,"2.17560003315697","1.46530966455944","43.2398879646714","19.827474221448",0.441519824780958,1,0.779694838923177
"ZNF804B",0.0307983549562061,"4.6372135071282","5.82450177574781","4.15717864283018","5.19865606088881",0.3520799664882,1,-0.223563509028374
"GAL3ST4",0.323792793538588,"4.35415688887819","3.84437808615369","13.151612513679","10.9807072788375",0.778409073944395,1,0.180404526518876
"SPDYE3",0.139284994972263,"4.71248808620017","5.26563059817729","7.32390071556175","5.63772593541249",0.540146277110202,1,0.261662289419447
"ZCWPW1",0.804887057001117,"4.8441580588527","4.9965896447116","6.04858571115305","4.9733878501019",0.961441533474725,1,0.195723210099321
"VGF",0.667194345992045,"3.41464411472223","3.82365689476121","3.84222277408165","4.82866586493292",0.938740187075446,1,-0.228519164519564
"SH2B2",0.786581229471416,"1.50479465206633","1.44358757093593","4.64716699549939","6.56210614720148",0.961441533474725,1,-0.345053824799779
"SPDYE2",0.494368822513945,"5.16961853271838","4.73035698545881","6.81392081673531","11.6573060065423",0.872874537685535,1,-0.536965409977655
"FBXL13",0.961125546695498,"5.2574148234888","5.24789074154034","5.95722820232","5.32573599851568",0.99469064563074,1,0.112054388447079
"NAMPT",0.966601449906661,"1.61798778805836","1.58719939315171","65.6973647165727","78.8982453474071",0.99469064563074,1,-0.183100174834424
"DOCK4-AS1",0.132717105052952,"4.49834274157757","4.97894962802716","9.60536438442952","13.9902778225488",0.535542646910414,1,-0.376040914679222
"KCND2",0.204055247370183,"5.59158058958687","6.15333944692859","9.10927134022145","15.0441166658188",0.623296028330741,1,-0.501694272086388
"AGBL3",0.813463338193682,"4.63475545596215","4.63317386500617","8.08290363961968","9.74036610409557",0.961441533474725,1,-0.186527535320275
"ZC3HAV1",0.573432605147395,"1.99251453767738","1.59040961143924","27.6849193951223","38.016250770722",0.889261639982422,1,-0.317125881399811
"FMC1",0.760929539537091,"3.81022280628599","3.98934977841297","4.2665574923105","3.40395756181165",0.961441533474725,1,0.225868550709815
"MGAM",0.157075296704934,"3.84369873100608","4.68927840286438","6.35657173682606","18.4545030981362",0.566749860360419,1,-1.06581921413575
"CNTNAP2",0.0223106844066385,"5.14579729150573","5.96110912498681","55.3488721165112","84.5695723383435",0.3520799664882,1,-0.423918255237575
"PDIA4",0.815861965229617,"2.03071582907131","2.31657064562133","10.5453894898275","11.1281004349928",0.961441533474725,1,-0.0537847307902268
"DLGAP2",0.0730613193357145,"5.14581023753148","5.89164854403692","17.8398623177486","37.5213665249185",0.441519824780958,1,-0.743475135207525
"CSMD1",0.0110868675581945,"5.18877873990303","6.1645141274256","65.8202094102057","88.8246264496209",0.30670472185254,1,-0.299737011364789
"PPP1R3B",0.383924949879334,"2.0099438770039","1.78936528222562","2.11881058355309","7.37752957033754",0.793025306308133,1,-1.24758395026033
"SGCZ",0.630418000226571,"5.73975525722491","6.06242859632545","7.41868409220027","8.97364072530971",0.921104363530191,1,-0.190289776298512
"FGF20",0.567679938223656,"4.63148832090702","4.88500033350584","13.168789894461","9.90806059230177",0.88579160639233,1,0.284501000944365
"PEBP4",0.270431182400169,"4.60444139846142","5.20981644638966","6.09998861465414","3.72677730230712",0.695394469029006,1,0.492743038549156
"NRG1",0.0215753669259,"5.25114613438705","5.94678683004143","16.5130525354252","27.0441235371914",0.3520799664882,1,-0.493318606291021
"UNC5D",0.0481382314625038,"5.35437642150787","6.08126436686296","14.5857434183303","19.0683726488416",0.404361144285032,1,-0.267986506852311
"FGFR1",0.103536949328922,"2.1114760677536","2.00284749190395","12.225060988689","2.09689437021255",0.474387476925243,1,1.76303064540581
"ZMAT4",0.0330913886706162,"4.96608618158572","6.2458469590645","4.29633257524249","5.32499150774602",0.362566519347621,1,-0.214649347500878
"PLAT",0.253383905682361,"4.54235836550665","4.65802129643434","34.5639575823967","22.6192154083865",0.678159117491417,1,0.424011666420546
"SNTG1",0.0113724079390476,"5.23070485828028","6.12306358234258","23.6325495687993","36.4091125912467",0.30670472185254,1,-0.432194108425187
"FAM110B",0.872937144111877,"1.67753415172658","1.41739710856637","55.713094422211","50.0058457201592",0.977707041174183,1,0.10807529467696
"UBXN2B",0.960827584479801,"1.73622063659576","1.79487688387004","37.2216103250297","32.4170345789704",0.99469064563074,1,0.138205472078824
"SDCBP",0.592061514850645,"1.86452964003953","1.71320625752667","45.4735094587836","29.3570825528645",0.904761627343562,1,0.43759611599143
"CPA6",0.742957518152462,"5.04084386824734","5.36604459540367","30.8186823502388","19.5987105792059",0.961441533474725,1,0.452657298606148
"KCNB2",0.0446512796601921,"5.20963698053509","6.10460801876166","6.28986600759652","6.64785925121416",0.401861516941729,1,-0.0553551176941094
"TMEM70",0.607374432191837,"2.01992766125524","2.35515567146903","5.84763979832815","4.40524819383007",0.911876937867161,1,0.283241525094693
"LY96",0.686665842026307,"1.59377919566098","1.62714363214073","32.5263897056382","20.8269750029386",0.944978045796598,1,0.445802729159764
"RALYL",0.0942617284219621,"5.27349318628537","6.07205664783988","35.023645408462","40.0855276746088",0.448187840798763,1,-0.134991946815426
"POLR2K",0.245022723010516,"3.07691331559981","3.69338787343222","5.38301443221466","7.02033128888551",0.666972825855425,1,-0.265561888425154
"AZIN1-AS1",0.324337114143498,"4.76310416182724","5.00879842959074","35.3140223324358","26.7754658137482",0.778409073944395,1,0.276794104755155
"BAALC-AS1",0.915337931305052,"1.81011035868525","1.75102588074695","5.36077540592603","4.46848845691083",0.977707041174183,1,0.182058431281852
"RIMS2",0.0128861783794648,"5.3323431465177","6.17510780076099","24.0777127204275","38.5831990634037",0.309268281107155,1,-0.471530295058114
"DEPTOR",0.642690623132752,"5.03953846105273","5.35837784754161","38.7010404229331","30.8645896523791",0.927086079683808,1,0.226256923147644
"PVT1",0.348205306152583,"1.10193146540452","1.52583290567088","38.8937101973423","21.6228913531142",0.785610667133117,1,0.587080007584892
"CCDC26",0.523092999939462,"1.19023577695417","0.713352685925258","178.929581334474","100.442214870214",0.872874537685535,1,0.577409742351442
"ZNF7",0.263886050597374,"4.7734517705904","5.27488159746163","7.02460701542116","7.01681061185782",0.689111759072935,1,0.00111048678580595
"RFX3-AS1",0.21265701722068,"5.12046239990224","5.48511878677705","20.1842835970354","10.7605858974172",0.641791237600136,1,0.629014257142385
"INSL6",0.331582416368857,"4.7909408363962","5.27143788531173","3.4567798218471","5.72830033953927",0.782010396931694,1,-0.505081393478683
"MIR31HG",0.14352681492178,"4.17153838059173","3.80187778391559","32.8041051188726","14.7631187909744",0.547488366765029,1,0.79842156656882
"LINGO2",0.0268782267018057,"5.1807193321156","6.11456660265511","13.3546858131913","15.9280457376551",0.3520799664882,1,-0.176214117779149
"MAMDC2-AS1",0.91616184171412,"4.93893356099249","5.1005863153111","4.13603377862085","4.46393728173865",0.977707041174183,1,-0.0762938710398414
"MAMDC2",0.551276943557465,"4.24590666780636","4.54264536079699","15.467188811894","9.58967876992191",0.882043109691944,1,0.478033537408139
"TRPM3",0.140395163296501,"4.55421508330277","4.954096244227","20.2635726883983","15.361454181376",0.540146277110202,1,0.276963428743407
"CEMIP2",0.814680679763655,"1.90601664980515","1.61324574683488","31.1514537407651","27.2633751301727",0.961441533474725,1,0.13331668203349
"PCSK5",0.69619294482569,"1.3585252002586","1.63486906178841","19.1157519364669","22.81737362014",0.944978045796598,1,-0.177009542785701
"NFIL3",0.526880688844506,"1.95621372625469","1.56400828497059","8.31120557698897","5.77153666035244",0.872874537685535,1,0.36466630977956
"SUSD3",0.394501479511566,"4.6969698780216","4.5654083338521","19.2706676064452","13.4649506853246",0.804974678841414,1,0.358494062863055
"DEC1",0.0515285246009741,"4.73052310188597","4.75626987386399","16.7106193713429","8.72536826476229",0.420064787705018,1,0.649809732636152
"HSPA5",0.915436362784325,"1.98975377998992","2.16749684424191","37.1287758083647","38.6422342478574",0.977707041174183,1,-0.0399535325951503
"RPL12",0.588997817705724,"2.45313672853705","2.75365217510461","31.2338801584909","41.3253655545478",0.904761627343562,1,-0.279973081347528
"HMGA1P4",0.0770967710899126,"4.75369546280688","5.24967042688474","14.054722885648","9.54602348021382",0.441519824780958,1,0.386833809467172
"CACNA1B",0.0117814198088814,"5.32040446760579","6.23399561190541","9.03881912964795","14.9735403104597",0.30670472185254,1,-0.504756125535727
"PRKCQ",0.41587915753498,"4.89048532955291","5.20890049528845","16.0574139674322","11.6776639824688",0.821267940345229,1,0.318492716458341
"SFMBT2",0.258847208652584,"4.52639378362454","4.93367840297288","485.164439889809","439.37632017852",0.681202278515351,1,0.0991316175576221
"KIAA1217",0.191224394151655,"4.98991876680875","5.85039851466759","7.43550946934605","8.40883827520106",0.602011340471335,1,-0.12301622764201
"MAP3K8",0.793522726020436,"1.21601648272597","1.62389548392031","40.4970443545285","43.4895267785032",0.961441533474725,1,-0.0712911528449597
"MACORIS",0.8463057976374,"4.61891455507028","4.74335160116873","11.0093240011519","9.68524146000099",0.977707041174183,1,0.12813932234041
"TMEM72-AS1",0.865866220371404,"5.36313305909253","5.24927644893225","10.4310445485637","8.9077078441907",0.977707041174183,1,0.157869460627905
"P4HA1",0.426811360336598,"1.95474850007039","1.47578032141778","119.285839277099","70.4027795135196",0.83377102949475,1,0.527289879516216
"NRG3",0.0263354607710865,"5.17800212496765","6.00872012928249","41.9103404247018","67.2754697203205",0.3520799664882,1,-0.473263094021863
"FFAR4",0.48663466627139,"4.76683157985412","4.49621328035382","6.27497410784056","4.22586639842519",0.872874537685535,1,0.395345054266523
"ENTPD1-AS1",0.54381469212948,"4.81047249917772","4.98754591562235","73.9570359196082","102.304385927386",0.872874537685535,1,-0.32446821631677
"SORCS3",0.199026628038985,"5.52189734071733","0.0274130394908437","2.01177295231476","3.60672340418967",0.611642808119808,1,-0.583783316809756
"ENO4",0.374821406243685,"4.67575019113965","5.12597368290797","17.0327676520582","18.2121527538569",0.790020422561285,1,-0.0669501072370852
"IFITM2",0.64159674641046,"1.87833486169146","1.89385771828914","10.6860640397614","7.14925803973147",0.927086079683808,1,0.401931885728744
"IFITM3",0.561394594902948,"1.96921472660397","2.3491593016731","12.7623389025578","9.97546264167044",0.884196486972143,1,0.246370218875085
"KCNQ1OT1",0.668592084734283,"4.83204530995988","5.06044067051705","23.811641233697","32.0415970969066",0.938740187075446,1,-0.296860379367616
"LYVE1",0.254939354218825,"2.31759759527188","3.32437501313949","11.2596428555608","18.1004186656374",0.678159117491417,1,-0.474710164472564
"SPON1",0.819569037556867,"0.522494306833786","0.0648367621690743","10.1295972079929","9.454629628508",0.962850337829047,1,0.0689570258604835
"RPS13",0.0899640075541763,"2.47135526150362","2.93761593760248","14.0421231583078","32.1144969423227",0.448187840798763,1,-0.827245937061634
"NAV2",0.0981727975274479,"4.53817956032852","4.80650069079063","140.58470193208","81.5209665628958",0.462421401437698,1,0.544949922250845
"BDNF-AS",0.884435454646643,"4.48803385320294","4.39388248626276","4.17354394308587","5.15209154719391",0.977707041174183,1,-0.210637216571504
"LDLRAD3",0.847299168795172,"0.874339995615049","1.02370897404728","6.24184974293844","4.54009619786022",0.977707041174183,1,0.318328370832149
"LRRC4C",0.449444312851106,"5.40120733894503","5.54131646101456","19.0472108713137","36.8410687474626",0.842081537832555,1,-0.659692541584834
"PRDM11",0.0349601984713576,"4.62379564210656","4.78259928320577","78.0498670467163","42.7076239965895",0.364262445544227,1,0.602970491296368
"MPEG1",0.0479640741686668,"4.47464745063727","4.1860224119129","11.5948362656213","6.38076140173354",0.404361144285032,1,0.597272417287938
"MS4A6A",0.792776840258751,"1.23234265620924","1.37355204034788","83.1988979858773","64.7653410773505",0.961441533474725,1,0.250463502025182
"MS4A14",0.653760015068449,"1.57464189429475","1.18203025208297","13.3001823082966","12.5978030495838",0.933161402498725,1,0.0542553049138665
"FTH1",0.0876031398374917,"1.9276031976466","2.39036242331535","363.103357192405","201.865461460793",0.441519824780958,1,0.587086081163589
"AHNAK",0.523403943532244,"0.833310333766747","0.525003205336537","2.46114738686061","4.38056746317591",0.872874537685535,1,-0.576550615170699
"STIP1",0.654518609135561,"1.91594106159015","1.76758153613775","14.8778258420345","9.72969067104582",0.933161402498725,1,0.424689801529799
"PPP1R14B",0.172856423584953,"1.57895364747167","2.32854082229146","5.30531083594391","6.69217413664481",0.573155509781686,1,-0.23223044103629
"NEAT1",0.0802698860638214,"1.71401288425477","1.09029872212197","1116.84549526078","931.698155965674",0.441519824780958,1,0.181254573099082
"CDK2AP2",0.970983382094326,"2.41556474915955","2.4881894425722","4.9765782221274","4.80414793016253",0.99469064563074,1,0.0352628540153838
"ACY3",0.314527511382837,"4.59548156217601","4.3539427506553","10.7183941007268","7.1337697113678",0.762124354504567,1,0.407121534404805
"TCIRG1",0.815216752189878,"1.97735255749144","2.11369451180529","8.36064145871263","6.62790175897229",0.961441533474725,1,0.232246876332131
"CPT1A",0.514001984139186,"0.457936452571435","0.723756858552286","4.62004981304759","7.52957996036155",0.872874537685535,1,-0.488433771018965
"GRM5",0.0301594995737288,"5.20842127540698","6.043466337299","19.4202012974578","21.7674968520295",0.3520799664882,1,-0.114104058821683
"CHORDC1",0.535584557304617,"2.04854873618911","1.41905661868286","27.8510825600508","20.3609621780797",0.872874537685535,1,0.313252387893734
"CNTN5",0.0240717067021593,"5.25796246699035","6.16919474537522","16.4606676949479","22.5089116138782",0.3520799664882,1,-0.31293754339725
"CASP4",0.756276198683011,"1.75486159173521","1.44722936921934","18.0064455121901","15.8866839254394",0.961441533474725,1,0.125248508439646
"CASP1",0.799487657005251,"1.91726100004214","1.79977004841137","9.92100854157485","12.4391474604495",0.961441533474725,1,-0.226193969217937
"C11orf65",0.220025961147467,"4.77838060184864","5.28330749846532","9.65996006494491","13.7479005275321",0.652158227590824,1,-0.352896609395479
"TIMM8B",0.816462254617425,"3.76078171091675","3.49443574346237","3.85560467945395","4.28962082926249",0.961441533474725,1,-0.106670493642287
"BCO2",0.558537452850353,"4.7774897388514","5.11303730797757","24.819985696797","18.1225633238906",0.884196486972143,1,0.314491449098332
"ZBTB16",0.669375626093872,"6.14736805110633","6.20587645057352","49.1918365360129","79.9801328500193",0.938740187075446,1,-0.486050578791231
"HYOU1",0.133565858751835,"1.58856539007181","2.63515297502851","3.98644094406918","6.79381901456424",0.535542646910414,1,-0.533114391502502
"ST14",0.578179964397721,"0.784758711341499","1.30670712277907","4.84139317729601","4.81719679474921",0.893873319191569,1,0.00501034482978292
"OPCML",0.00501405812218147,"5.19830454516912","6.1877818631137","50.9796510071086","56.3133842505212",0.30670472185254,1,-0.0995056845651618
"CACNA1C",0.0193313289206045,"5.30262022008383","6.20551223991982","12.3788924362774","15.9443445851281",0.3520799664882,1,-0.253111395587638
"FKBP4",0.442957106849768,"2.36235496304063","2.09640622940619","13.5801014301827","7.95959913954905",0.839889305589213,1,0.534226951953193
"CD163L1",0.878194602564068,"1.30377218091009","1.4782703692236","40.7751345291393","35.3990728772782",0.977707041174183,1,0.141386817916722
"CD163",0.971591340645715,"1.11999547928465","1.16968945339761","90.1432420487025","101.256659085945",0.99469064563074,1,-0.116258489143359
"CLEC2B",0.0854712828036596,"2.0206976129042","1.42894228129228","17.7776621787812","3.65677214804936",0.441519824780958,1,1.58136190390832
"CLEC9A",0.44539747003388,"4.31476358280471","4.06653762412544","17.6879228501868","12.2695797953192",0.839889305589213,1,0.365759070215895
"CLEC1A",0.594247297369632,"1.70880390797135","1.40343632971368","4.21539294214468","5.77930949216582",0.904835763970678,1,-0.315541398707782
"OLR1",0.880020413227629,"3.51188262192946","3.93788464265669","46.647412511672","49.5320027097072",0.977707041174183,1,-0.060001520291725
"YBX3",0.81020373847269,"1.52022974078039","1.80447770463835","14.9361478665284","16.3479451839512",0.961441533474725,1,-0.0903179064236989
"PDZRN4",0.0795037156191605,"5.096614996981","5.95196339209072","3.38006065425574","6.19992475017655",0.441519824780958,1,-0.606643500529099
"CD63",0.216616409805736,"1.97766301484048","2.49020600024355","21.2974202587822","16.25590969973",0.649849229417208,1,0.270129434277262
"CPM",0.613614713451772,"0.661984030457083","0.376871211248158","40.0628289158257","63.6319142840997",0.912642059390945,1,-0.462666196693312
"PTPRB",0.132291142839734,"4.76102055416158","5.23852207727647","12.2509500222355","6.19632307857904",0.535542646910414,1,0.681647422535068
"KCNC2",0.0646805021208576,"4.96579225548015","5.86017138838957","6.9635091802845","14.2094790245964",0.428933856169898,1,-0.713225738993367
"TMTC2",0.52423968621688,"1.16870826637986","1.29988463158381","13.0770906162859","18.7129614886939",0.872874537685535,1,-0.358354520155812
"DRAM1",0.6554347946122,"1.36364730923246","1.25576582548765","8.88378967725666","5.59548197851663",0.933161402498725,1,0.462268748861775
"IGF1",0.853963728079748,"4.65003817843724","4.67758228259418","21.3345085676646","18.007294085364",0.977707041174183,1,0.169548979504932
"C12orf42",0.870863043886814,"5.07675402687006","5.0007767989154","11.252238134374","8.25893246073332",0.977707041174183,1,0.309271717002687
"HSP90B1",0.573422906113142,"2.00064906178808","2.36784136053087","39.0933415237365","52.9298409760131",0.889261639982422,1,-0.303015122465539
"OAS1",0.752644448362057,"4.37829849165364","4.72804915352062","11.4898432981016","10.2941357968977",0.961441533474725,1,0.109889060663454
"KSR2",0.0775750659072299,"5.2828742379385","6.20892302899187","6.03786731810408","9.17404368924622",0.441519824780958,1,-0.41832730188782
"SRRM4",0.0924199472360723,"5.50623979499278","0.0104708020206494","5.59954785217227","7.11240708788988",0.448187840798763,1,-0.239154882355172
"TMEM132D",0.00225255157957037,"5.14030547559939","0.00924255124809553","10.5424375806537","11.4318018347877",0.283821499025867,1,-0.0809903203352453
"ATP8A2",0.163208759464283,"5.44461632515107","6.06847203510034","12.1924923152811","15.3144182446235",0.566749860360419,1,-0.227974375257782
"MTUS2",0.117763999461957,"5.43797667735103","6.00865148699767","14.723125789815","16.9030886938899",0.512275937934702,1,-0.138076927572725
"HSPH1",0.0558419459845957,"2.1784598264597","1.1767273609749","123.636951312935","58.3245706136944",0.420064787705018,1,0.751326003266227
"STARD13",0.689578008560032,"0.63661204712662","0.779193576544272","40.382432732044","61.8425430484489",0.944978045796598,1,-0.42619666943365
"TPT1",0.286006562637557,"2.06982558948188","2.56983198079782","75.4335951948518","123.28241057523",0.717150783927009,1,-0.491225009085775
"DLEU7",0.352277799150961,"4.61255027979948","5.01528697536424","101.993647497831","135.21556050208",0.785610667133117,1,-0.281959717545442
"RNASEH2B-AS1",0.443580276440413,"4.61122878083926","5.04314162226186","27.6571055117013","31.4263523769382",0.839889305589213,1,-0.127764113129789
"MYCBP2-AS1",0.345748980845368,"5.08283425423517","5.27080709524025","8.2563538730493","18.2026480643919",0.785494607557716,1,-0.790584011191616
"EDNRB-AS1",0.25950562991061,"4.40144519916394","5.28462704491552","3.15103791822809","4.89947957780943",0.681202278515351,1,-0.441397094450493
"GPC6",0.629718960600571,"5.64723733311262","5.99051609152337","4.97658834543958","6.0498096785673",0.921104363530191,1,-0.195282228388695
"HS6ST3",0.237716468729131,"5.33572912073868","6.06068316713921","15.7642661285603","16.6574886191379",0.665606112441567,1,-0.0551141409913783
"FGF14",0.00870830424174071,"5.18781627510762","6.063997274075","30.809677435951","43.7022427032355",0.30670472185254,1,-0.349570578130655
"PRKD1",0.895707377716481,"5.69945737926635","5.88912061161111","3.74511084414935","3.22878721135485",0.977707041174183,1,0.148344624069933
"LRFN5",0.0836992253081077,"5.49789183090649","6.20209134756213","8.74332057200684","17.0434457509937",0.441519824780958,1,-0.667475670732031
"MDGA2",0.086879367371413,"5.26846924379518","5.96536249481016","19.5488072723015","26.5873276808613",0.441519824780958,1,-0.307520423815755
"RPS29",0.413427565645105,"2.61563620173628","2.90673454063302","37.2520226171111","53.7509319919187",0.821267940345229,1,-0.366654764444584
"PYGL",0.282244014019178,"0.989697641791074","1.55602383185302","32.3049906996605","23.1549524182049",0.717150783927009,1,0.333013044113132
"ATG14",0.345991672376613,"4.94464831615337","5.33574078052912","10.4977561540515","10.0760922936263",0.785494607557716,1,0.0409960165153642
"GPR135",0.984578872503655,"1.36337876422215","1.30453538867198","4.3997332266097","4.70465174003146",0.996753049605968,1,-0.0670078424057462
"HIF1A",0.778624113144299,"1.81610249504293","1.73431609700289","172.039030033916","120.253582920039",0.961441533474725,1,0.358118665738282
"SIPA1L1",0.528973510933447,"1.74092177325696","1.88625741252332","199.026944182393","111.556599038668",0.872874537685535,1,0.578908136656506
"RGS6",0.0263197377450065,"5.16811083572779","6.12784092542907","6.34726991861187","12.1207965090471",0.3520799664882,1,-0.646897910670465
"NRXN3",0.0410538457805417,"5.11143547333477","5.93748426080894","46.2201077767897","62.4998359734821",0.390398835347038,1,-0.30174899564961
"GPR65",0.340280471035475,"1.44072428771219","1.97216784596122","17.1476157933569","15.0029981067926",0.782010396931694,1,0.133609088235867
"SERPINA1",0.233214232858906,"1.73318909479352","2.29021406683393","11.4398562256306","11.6669279026203",0.656647895870886,1,-0.0196547460407384
"EML1",0.506893771499003,"4.82059811443719","5.09504810902467","25.4595092087388","17.1694072950233",0.872874537685535,1,0.393960161476033
"HSP90AA1",0.0386708352168065,"2.20618637897434","1.49913439412532","261.558498267685","91.913081809993",0.374809633639817,1,1.04581459368735
"TNFAIP2",0.658448437294205,"4.54898107026326","4.85523699810111","11.4965004023137","10.1362765063295",0.934811302524731,1,0.125921953937631
"PLD4",0.180236311559714,"4.10936406733893","3.55795325562619","14.5924048966838","10.6108002239257",0.583577724319051,1,0.318628809348409
"GABRG3",0.0613584510763087,"5.308299565019","6.15498959877145","6.82813974377819","8.89383578007543",0.427384662379928,1,-0.264306156787948
"FMN1",0.905613664204094,"0.865737635173627","1.03857142933432","184.323922660659","181.084830482312",0.977707041174183,1,0.0177290609081197
"NOP10",0.186119293820943,"2.50720594517673","3.20250166184664","7.73819080811611","5.35075058831376",0.593696987884527,1,0.368931066609109
"INAFM2",0.222932265942674,"1.56729327325647","2.3214229112682","7.53092081772595","5.97846296123752",0.652158227590824,1,0.230853815854698
"SERF2",0.233041379902369,"2.10756196183948","2.52644623118664","49.1502596553972","37.9790110650335",0.656647895870886,1,0.257848462760381
"DUOX1",0.0614678970356218,"5.14687922734782","5.69073846917882","7.02418876545685","3.55980451451092",0.427384662379928,1,0.6796540986229
"RAB27A",0.379076638636935,"1.15682760688711","1.82732199600069","9.48919852795531","13.765584867639",0.790020422561285,1,-0.372017472490422
"RORA-AS1",0.947524461749963,"4.23533771679496","4.39347243964857","6.45187425098363","6.23104828823333",0.99469064563074,1,0.0348260869364844
"RORA",0.13161634079213,"4.89226276046116","5.63954424489991","25.1027693194983","31.2537657297613",0.535542646910414,1,-0.21916170076904
"USP3-AS1",0.165403153357472,"5.20518842727564","4.93874664319343","5.99338492780602","14.3288858942018",0.567078018424109,1,-0.871621143443363
"PPIB",0.800118838212407,"2.40688840421843","2.55060959904803","9.24955370817164","11.0194015228075",0.961441533474725,1,-0.175082191379694
"IQCH",0.223855899550025,"4.79035148863522","5.2508429093473","6.73817565979279","7.36079717958127",0.652158227590824,1,-0.0883790246542713
"RPLP1",0.179393836319732,"2.16439446009951","2.69705080118741","82.3680664431672","135.863490267428",0.583577724319051,1,-0.500452814974308
"DNAJA4",0.114952059442523,"2.39704463596537","2.10356878387309","14.6812466454706","5.06657567524435",0.512275937934702,1,1.06390576074483
"CEMIP",0.37933520289649,"4.88015283968134","5.3646395481435","5.76562838243051","6.68195053067485",0.790020422561285,1,-0.147495793200843
"ARPIN",0.853498879190407,"4.73751081032421","4.57920142010448","3.18271176593243","3.9928520782838",0.977707041174183,1,-0.226772192152349
"CRTC3",0.755749962965778,"0.778396249190503","0.794189337888688","3.40867085389257","5.71020828642899",0.961441533474725,1,-0.515933064091074
"CHSY1",0.50605123554798,"1.72818274276633","2.05577912314027","64.7444152238261","41.3677506853344",0.872874537685535,1,0.447945837166274
"RPS2",0.541935841167031,"2.14118132461048","2.54494198164275","60.8262046110029","66.3559380791455",0.872874537685535,1,-0.0870125600571092
"RBFOX1",0.00385903546848382,"5.22579517329385","6.12452495792801","100.470064204113","163.85728774178",0.30670472185254,1,-0.489136037775125
"RPS15A",0.26860793048381,"2.7003840768114","3.08272044863985","16.3241321969642","30.406374162372",0.694248189558155,1,-0.622007746996904
"ACSM5",0.0932538735761268,"4.80784501769122","5.22825550752681","17.0031906192737","9.82850731434309",0.448187840798763,1,0.54811393731983
"IL21R",0.398424570032777,"1.24482921687045","1.73767357392111","13.1639095526026","7.01384545477222",0.809701545550482,1,0.629592842590145
"NUPR1",0.925469705021443,"1.44087349115384","1.38865336364143","2.88220753020063","3.98674321030666",0.977707041174183,1,-0.32441815550383
"ITGAX",0.905977350494852,"4.2875205392208","4.42645419158482","49.2589136861915","44.0729695096936",0.977707041174183,1,0.111243681551324
"HNRNPA1P48",0.63051786789269,"4.62116345384092","4.90938770195046","7.27671354383872","7.33194331981586",0.921104363530191,1,-0.00756127543134223
"NLRC5",0.879425911901571,"1.10831546839016","1.32015248049356","16.6434754606669","16.4778867451948",0.977707041174183,1,0.00999899062532523
"BEAN1",0.253105364321391,"4.45250459662979","5.00231320711054","6.21035528433567","5.59818579800855",0.678159117491417,1,0.103775525345227
"DPEP2",0.157988987493018,"4.86746800996973","5.67906537501114","7.48821549848636","7.48913718940968",0.566749860360419,1,-0.000123077948912624
"SLC7A5",0.774919341487828,"1.91396412954271","1.42177372656299","18.3257963134488","17.3411482341405",0.961441533474725,1,0.0552275138912939
"FAM157C",0.889410098806365,"1.42592326334777","1.59645244886352","10.9591702117856","7.86128158456787",0.977707041174183,1,0.332226923428765
"SPNS3",0.6438097775582,"4.90683822631744","4.86662022728995","6.90126493358617","4.81365237484033",0.927086079683808,1,0.360248593048094
"PFN1",0.705297518712261,"2.10391239546654","2.38919654607409","13.4562114995724","13.186617032153",0.947919865149279,1,0.020238366883777
"NLRP1",0.0467832816445995,"4.55570347233912","5.04465412703405","49.9173284303529","20.5789150701684",0.404361144285032,1,0.886101194271525
"CD68",0.197451204014471,"2.12974965220061","2.82517202450411","8.76417213318046","12.3792928292377",0.611642808119808,1,-0.345353081114109
"ALOX15B",0.500870037061905,"0.888285628131793","0.232294450453006","7.76859761645373","7.92759883854223",0.872874537685535,1,-0.0202605340129893
"RPL26",0.246144733351407,"2.80464881853707","3.1232661567222","36.1171562354852","70.191684263705",0.666972825855425,1,-0.664461851805778
"PIGL",0.874642924918052,"5.00448443447646","4.98522203416502","14.2262818566516","12.1835032657392",0.977707041174183,1,0.155008243527402
"ASIC2",0.0830648897379414,"5.27859803987881","6.10508869885006","9.8031780291085","12.6588825456319",0.441519824780958,1,-0.255652524491689
"PLXDC1",0.886355735916684,"4.64606409710632","4.70793512363504","9.93281625042235","11.518454881113",0.977707041174183,1,-0.148106473207096
"ABCC3",0.813527153373758,"4.92578106270335","4.61347330762792","5.24221716992757","5.51901151337757",0.961441533474725,1,-0.0514542377167175
"PPM1E",0.198465243441032,"5.18120417977111","5.93872189692701","4.56661718808408","5.88793866535448",0.611642808119808,1,-0.254133255101635
"GNA13",0.893675826948529,"2.19180013394827","2.07143412982628","55.3852144930132","41.0935402637605",0.977707041174183,1,0.298461733773559
"FAM20A",0.925099550288046,"1.22357205325666","0.983602926406975","13.6977789141089","12.7758330279143",0.977707041174183,1,0.0696783550046059
"MAP2K6",0.171077081472771,"4.52597873567002","5.39483082865944","12.3171113375108","9.03446923708205",0.573155509781686,1,0.309942284140601
"KCNJ2",0.69089907940843,"0.900659280428683","1.35496213151546","4.66181199089621","3.97317672115201",0.944978045796598,1,0.159838255432456
"CD300LF",0.144476096785216,"5.50431746858206","4.62552076116613","3.04399023088969","5.12595641966419",0.547488366765029,1,-0.521147895390548
"SLC25A19",0.153707662615926,"0.981391937292991","1.77100589956894","10.0008742314218","5.39783860921391",0.565139768828,1,0.616673896422232
"RNF213-AS1",0.153826949882912,"4.86569100930134","5.52936017063082","10.0147179524605","10.5881044384137",0.565139768828,1,-0.0556753419523386
"RAB40B",0.74424569083249,"3.60194706211709","3.29676767440829","6.60234983282834","6.63962966703203",0.961441533474725,1,-0.00563056795174229
"MYOM1",0.492387122896051,"1.43154715548594","1.29460298624018","2.65463925845352","5.01021428349991",0.872874537685535,1,-0.6351699123996
"DLGAP1",0.011307851055904,"5.2115947735974","6.07647845070368","35.6031859199667","56.4064167891141",0.30670472185254,1,-0.460147798901307
"EPB41L3",0.67899491394467,"1.77780118066862","1.85296097086685","136.550028667944","84.1307656389584",0.941822025373527,1,0.484318735677903
"PTPN2",0.537421474689687,"1.35679055241621","1.68328009766104","109.034481024805","73.7449158897843",0.872874537685535,1,0.391052116125419
"ABHD3",0.371280530574692,"1.75279296029696","1.18107442267318","39.7082561293205","40.1000842888741",0.790020422561285,1,-0.00981930725022616
"LIPG",0.555342531115055,"3.98714883659984","4.27043183081116","10.4593118250523","5.93055489273945",0.882942068397438,1,0.567374882918801
"CBLN2",0.171037938349277,"5.40533253330108","0.0113851581701315","2.94294146320634","7.28768877827196",0.573155509781686,1,-0.906776876859602
"NETO1",0.0531323330861038,"5.05547428420245","6.06629539868852","1.34385011588507","6.23803701371421",0.420064787705018,1,-1.53512683679158
"ABCA7",0.536145135684917,"1.07586669684088","0.477545710895649","3.23411848383943","3.6826061771259",0.872874537685535,1,-0.129864304415076
"SBNO2",0.966674145352674,"1.54758846132575","1.61165006013623","7.12655444857364","8.25020953719643",0.99469064563074,1,-0.146410727891756
"MKNK2",0.192309178206121,"2.19427479635778","1.36036154627917","4.68097875068653","4.95795625734334",0.602011340471335,1,-0.0574863881065495
"ARRDC5",0.0554275280500188,"4.88630030836268","5.86725152873725","5.97420754441443","4.00590510724767",0.420064787705018,1,0.399681911165272
"JUNB",0.670182013599111,"2.4997165114743","2.64342596055294","14.3198616776151","8.30699102255349",0.938740187075446,1,0.544550049953697
"CALR",0.47179240140086,"2.02710276393845","2.44803054685023","28.6052773714358","30.5209403033017",0.864666801112849,1,-0.0648217910749907
"SAMD1",0.181789092694625,"2.49793293273367","1.84265230573248","5.57321504376866","4.45652076547505",0.583577724319051,1,0.223603730388501
"DNAJB1",0.0246424627368648,"2.22437685901151","1.45116988651886","30.9232376263487","10.4132729562952",0.3520799664882,1,1.08842668978042
"ADGRE2",0.920992062346772,"1.33271714698304","1.41541790065905","27.0499324587671","21.9519114399776",0.977707041174183,1,0.208830291108367
"BST2",0.592403446474951,"1.87430331294702","2.19595445388439","16.7861545298329","15.88818999497",0.904761627343562,1,0.054978345868463
"JAK3",0.809324058504815,"1.18450992240152","1.42555749394315","27.4584388261576","26.205527807666",0.961441533474725,1,0.046703172532718
"RPL18A",0.277506163512231,"2.30336893958995","2.72933350415144","35.2412651020874","50.5385490253631",0.709965007158195,1,-0.360518692088233
"IFI30",0.530766020357506,"1.9163137304458","2.42090027678367","6.20768752836114","6.63970348780834",0.872874537685535,1,-0.0672788591312862
"TSHZ3",0.870676692467314,"1.20737626200112","1.03496757183866","6.46191236080384","7.6818035446004",0.977707041174183,1,-0.172929051056168
"HAMP",0.381396354641478,"1.25978707014041","2.17600780510129","43.1797600841342","46.7338958013718",0.791044291108251,1,-0.0790978526617281
"HCST",0.0441482078627064,"2.02382794579702","2.97615343333144","6.07634542380366","7.75953036668304",0.401861516941729,1,-0.244518378961532
"COX7A1",0.419136371297275,"3.63087562836332","3.46400687650529","5.0663599358166","8.94320687861014",0.821963934372866,1,-0.568271637749856
"ZFP36",0.479462198319431,"2.30670164876792","2.71594739831909","31.3563455623838","18.7210645972743",0.869240819974796,1,0.515767317935154
"RPS16",0.452000949392377,"2.55864494366121","2.80334419263411","30.006310506725","46.4650071814297",0.84217406768426,1,-0.437291785799156
"FCGBP",0.994196817607076,"1.37801816157913","1.37544063330437","100.283538827374","94.9568525132372",0.999094652298446,1,0.0545789577741497
"RPS19",0.293020707303111,"2.22195028897919","2.67506952111425","90.4309474427908","95.5607792775906",0.723933512160627,1,-0.0551759294932212
"APOE",0.51458579420835,"1.75977585007226","2.15805176263918","84.3534490937461","89.4995457412788",0.872874537685535,1,-0.0592178513317624
"APOC1",0.336119885815836,"1.59279232476118","2.09273170882878","35.7658966056037","24.2728906052855",0.782010396931694,1,0.387634715968586
"APOC2",0.432446082016066,"2.15205681206272","2.40940001394107","26.6047555941021","17.6126458453809",0.836774349725015,1,0.412472823562625
"C5AR1",0.979056580318373,"2.17041869905308","2.14856668763812","12.3330438146193","14.0001329955876",0.994847815484798,1,-0.126784680044708
"FTL",0.20946975573803,"1.84962855007713","2.34517734437819","679.365372266444","302.956183823313",0.635980463204621,1,0.807570899109326
"MYADM",0.241490858369843,"3.27378853546878","2.6580054605992","4.20200785915989","4.24765023938565",0.666972825855425,1,-0.0108034724297346
"LILRB3",0.976571569598376,"1.33378155092862","1.31111087603421","8.93516572672075","7.99501975956606",0.99469064563074,1,0.111175878704213
"RPL28",0.350475983632425,"2.09227227172004","2.58628469415599","63.1388264667038","51.8867405731953",0.785610667133117,1,0.196272619501229
"UBOX5-AS1",0.540186036112589,"4.4694941528479","4.92441876317144","3.28469846265469","4.53092326588392",0.872874537685535,1,-0.321650874648554
"PAK5",0.119564753746114,"5.21896668157387","6.01614844006256","2.49189832454709","4.71945504246084",0.512275937934702,1,-0.638648536476735
"OVOL2",0.414593883784199,"4.99920086953894","5.40311654779359","6.14483768720969","7.59246018825701",0.821267940345229,1,-0.211543345491329
"CD93",0.674694133660811,"1.50712181928015","1.90826655200366","12.3193456726555","13.9605539510216",0.939353158466985,1,-0.125064932143036
"SYNDIG1",0.0685694608117731,"4.45413666703802","4.9000935340341","425.436486127038","236.879249813362",0.441519824780958,1,0.585565151234774
"ZNF337-AS1",0.118838774358477,"4.41885111383178","4.95627823357713","4.21964301759575","7.44082649077989",0.512275937934702,1,-0.567231398662717
"PTPRT",0.0118499803926917,"5.15819689901257","6.2544052996058","10.1219169272915","17.581842473156",0.30670472185254,1,-0.552163626222297
"PLTP",0.699116430165086,"1.55744652629915","1.46229759367185","8.22356898845178","17.9581278440095",0.944978045796598,1,-0.781038518781728
"CEBPB",0.601363704217638,"2.34511096438602","2.37952142984433","28.8341641885947","44.0631366038671",0.907447026723621,1,-0.42406258757149
"PTPN1",0.788085405379499,"1.18732004696706","1.61163670759648","24.113721071279","21.6093462398012",0.961441533474725,1,0.109655100150669
"TSHZ2",0.0805067028132596,"5.12463554874025","5.98310155905821","5.89910598806453","6.15768346262275",0.441519824780958,1,-0.0428998335705779
"CDH26",0.865616904705367,"1.0212351926349","1.21824323065836","4.64492933959879","3.73129009441663",0.977707041174183,1,0.219022116334409
"SLC17A9",0.904033996002516,"0.845122465837625","1.07090047560662","4.17377590093507","4.58439061438265",0.977707041174183,1,-0.0938360704124727
"AF127577.2",0.0252913225234128,"4.07449475516215","5.34845604456859","4.11806639919555","4.89189066683658",0.3520799664882,1,-0.172195135583443
"MAP3K7CL",0.446428432980659,"4.24971384705535","4.77872422610681","4.32823971252886","4.67399630051843",0.839889305589213,1,-0.076853518159862
"PAXBP1-AS1",0.907879353580319,"4.86613168245488","4.80320305812109","4.78196871347602","4.04046347807289",0.977707041174183,1,0.16849291876607
"IFNAR2",0.936478232478251,"1.24227178564194","1.32202966568824","34.1369699825755","31.8958818857982",0.985354966949976,1,0.0679040537520163
"MRPS6",0.4393989244768,"1.75805465051998","1.25378408959069","14.6528838928499","8.80460471041864",0.839889305589213,1,0.50936232166675
"SLC5A3",0.357695618057561,"1.94653400111604","1.34169319214455","15.1970346739291","12.8561430173127",0.787337193799699,1,0.167278568647784
"CBR3-AS1",0.561232257632891,"4.95185207767339","5.12403858000253","7.75326550808774","5.78108547054729",0.884196486972143,1,0.293522647777031
"PCP4",0.832952915188009,"3.5835777918855","3.78381096895159","10.7187547144427","10.031313244145",0.976298300592457,1,0.0662834591748165
"ADA2",0.337187290697969,"4.56241636646546","4.76487760527311","16.1196969124187","11.1463398644955",0.782010396931694,1,0.368930754200586
"SDF2L1",0.367182335688531,"1.75287151234249","2.39766297706652","6.3094975002122","7.37615455551872",0.790020422561285,1,-0.156196401957599
"XBP1",0.902787437510636,"2.09915260683447","2.14501054073117","8.88213237589999","12.0888675455336",0.977707041174183,1,-0.308243330951086
"SEC14L2",0.868275105207007,"4.62684656117269","4.70825238558505","5.71850020786104","4.86699596227617",0.977707041174183,1,0.161229668349493
"LIMK2",0.788117241421959,"0.939010463948904","1.40079263891455","28.7499816153192","22.0127348617086",0.961441533474725,1,0.26701598454058
"SYN3",0.0867180413889783,"5.47204559255051","6.0606608531444","10.8015879193163","17.4417290823375",0.441519824780958,1,-0.479172405307063
"HMOX1",0.537266046863001,"1.90450580107299","1.51126222981283","20.7334268597165","15.9198288913787",0.872874537685535,1,0.264181789656152
"TNFRSF13C",0.0991377009006816,"4.47406726692533","4.07484578800191","9.76410260272703","4.2202057667905",0.462642604203181,1,0.838828773981169
"TSPO",0.712538439390078,"1.79428515173224","1.98221973979612","8.8856257001931","10.8949964002366",0.955052261408782,1,-0.203868756782963
"SCO2",0.528895376698967,"1.90768899220754","2.326007849049","10.301800894274","5.94697606989493",0.872874537685535,1,0.549435857235305
"TYMP",0.892046782928754,"1.70810941595887","1.88652332153819","32.6224313596786","26.3989894534999",0.977707041174183,1,0.211674399129802
"CSF2RA",0.151609267248332,"4.45767175267455","5.09100740489705","72.6988481314176","62.7505077894929",0.565139768828,1,0.14715887003741
"IL3RA",0.0610248821092258,"4.67367102074318","5.18655366439639","14.5146801989645","9.41881815305016",0.427384662379928,1,0.432450945524558
"FRMPD4",0.0569203030093921,"5.12270678748019","6.07119911841731","16.2341494855256","21.5696801491469",0.421879892893141,1,-0.284171615313742
"TMSB4X",0.242641416424343,"2.33356208520072","2.97465768991215","271.305980988475","261.255039209012",0.666972825855425,1,0.037750173153947
"GK",0.958113277837375,"1.63597847247852","1.73514818380693","26.4087662531879","32.1916895149721",0.99469064563074,1,-0.19801231956318
"GPR34",0.751008244249154,"4.64227373683399","4.38219643873691","36.2401053669632","38.0154781971379",0.961441533474725,1,-0.0478270091235677
"VSIG4",0.0312866820797976,"0.892352242565074","2.09693928074389","46.23997906069","60.770053556977",0.3520799664882,1,-0.273252355928792
"TSIX",0.0206868747745727,"4.10422743495263","5.58251256577772","2.14735552280468","23.0614514779601",0.3520799664882,1,-2.37392536070832
"CYSLTR1",0.124978269877358,"4.41904206152924","4.62970496074185","18.0066265794133","7.51585136615359",0.524908733484904,1,0.873725527751225
"ZNF711",0.413652600413223,"4.52997499836235","4.06256675926054","6.64385978723909","4.69999856779162",0.821267940345229,1,0.346130883870981
"DIAPH2-AS1",0.470538052119272,"4.30734381702828","4.68977390247214","16.7195697446407","26.7720619458886",0.864666801112849,1,-0.470779004717486
"RPL36A",0.688633418678389,"2.32743399524735","2.60787884131674","39.0049650998054","47.9942399478906",0.944978045796598,1,-0.207392054343767
"TCEAL7",0.228918236302591,"3.12884037350324","3.81686054351486","5.75679286118318","6.50185299645032",0.655958268930693,1,-0.121706687945553
"DANT2",0.0803722201255538,"5.33741199000823","0.0394116748075239","7.24284070207024","11.4043876291967",0.441519824780958,1,-0.453984669499215
"RPL39",0.288732629876127,"2.36889067869959","2.8423707388263","38.0285587795373","60.1862739494956",0.719008605989943,1,-0.459106894547242
"RAP2C-AS1",0.811831270452276,"4.77173381551481","4.94238444875136","14.365437734563","13.3174053294486",0.961441533474725,1,0.0757533132143624
"MPP1",0.742003286856194,"2.35623938804935","2.67264617754729","9.11884927401849","7.28119746251643",0.961441533474725,1,0.225048284739348
"MTCP1",0.782748052727319,"4.87597228631715","4.9999879824976","3.07820839134345","4.54828374701319",0.961441533474725,1,-0.390402226731677
"CLIC2",0.313509043029838,"1.85177276091751","1.11599239529028","11.1835897260637","6.14957817081658",0.762124354504567,1,0.598064011456508
"TMLHE-AS1",0.134426605077025,"4.81552456205386","5.33857764715151","10.4372632457686","17.3309986051552",0.535542646910414,1,-0.50711431810501
