"Symbol","Uniprot","p_val","acrophase_AD","acrophase_CTL","amplitude_AD","amplitude_CTL","BHQ","Bonf","Log_AD_CTL_ampRatio"
"MAP2","P11137",0.838389975262384,"3.79999251159507","3.82768156175437","12218.6567927718","18853.6726527503",0.914836330295084,1,-0.433743701662188
"TPR","P12270",0.0559411738362215,"2.45674864619831","0.917430400823717","1617.23125744681","895.402543152845",0.232622047868954,1,0.591197479661714
"RANBP2","P49792",0.0336974378084803,"2.50902778271263","1.34456455063187","1304.47291815184","764.51289436856",0.186833571849241,1,0.534315452398652
"HSPA1B","P0DMV9",0.252924529225703,"2.04666765180108","1.34699956264667","9889.07662930487","8042.55381548276",0.498389010010956,1,0.206684105705587
"KALRN","O60229",0.00471455497253506,"5.51215623853379","4.60092085315586","914.512947199755","377.600863448043",0.142537177987099,1,0.884553904469653
"CIT","O14578",0.797564894677806,"1.47226158928817","1.21105839935904","1336.56355064671","1978.24464914199",0.89838573915175,1,-0.392108105139298
"IQGAP1","P46940",0.210139756455296,"2.00848062276643","1.1589188478813","1717.14843846049","1858.96652512172",0.457902788083811,1,-0.0793556712518166
"DCLK1","O15075",0.107126923442671,"5.17373834684308","3.44124615121437","1551.79775311258","2123.46423027228",0.318192469035076,1,-0.313634726372556
"PRPF8","Q6P2Q9",0.0533696843748828,"2.79094552845152","0.404839418815637","1556.78366295537","902.426530829769",0.232166747218118,1,0.545289936775477
"MSN","P26038",0.372689009097906,"2.06586016199021","1.42116077311933","2810.81767750878","2439.14020931021",0.615800713708129,1,0.141829825480465
"ARFGEF3","Q5TH69",0.233811373356151,"5.63078330012042","4.40218650251578","306.693085100538","684.732421008706",0.483439287185988,1,-0.803180610951746
"ARHGAP35","Q9NRY4",0.335734118227101,"5.25643109860885","4.64063861755268","917.570327905247","729.676298441759",0.589899031673674,1,0.229128219651388
"ARHGEF2","Q92974",0.00080302778593215,"5.44421044558687","4.00399724855646","1607.4310866255","1262.13377642001",0.130044305183937,0.400710865180143,0.241833544300888
"OGT","O15294",0.245535558559678,"5.24649401377158","4.97325534566966","2735.34674611038","1532.91020964535",0.491595032676433,1,0.579090182351095
"PRKCG","P05129",0.588186518483175,"5.00443369178037","4.52380920750129","1578.51184522457","2410.35067842659",0.762657949891835,1,-0.423289713548151
"SIPA1L1","O43166",0.0988615903457216,"5.51023103319145","4.26310230034159","725.667169860785","564.819752062319",0.306409525357237,1,0.25058480864016
"RELCH","Q9P260",0.202004432472873,"5.35539734343134","4.49971280136887","588.73273378875","504.230142465664",0.446018636300724,1,0.154939522279419
"LMNB2","Q03252",0.0220639838539628,"2.55032819973648","0.589379311830507","8724.33614835239","2742.44753450432",0.157284684901821,1,1.15726559659707
"KIAA1107","Q9UPP5",0.269046293230374,"4.94528650007711","3.48130752233772","782.218870419137","1303.51946436105",0.505183451736556,1,-0.51068857881377
"HNRNPA2B1","P22626",0.150028466095525,"2.46235028900129","0.945809119768358","7523.7981472952","2944.67641282953",0.39195918629145,1,0.938072148965511
"RAB3GAP2","Q9H2M9",0.625640824841665,"3.49619967178568","4.41285840316673","487.932612475149","609.577839624735",0.789737687799603,1,-0.222589344262357
"SOGA3","Q5TF21",0.0354089782647094,"2.3241656404724","1.21389080802689","1928.10046339674","1054.31506952779",0.192055219066196,1,0.60364396950674
"NCDN","Q9UBB6",0.496717329906176,"0.850381657846555","1.66382673258984","999.999776119789","2212.07296829251",0.70415326029313,1,-0.79393029447026
"KIF5A","Q12840",0.157374896856788,"5.07136668016686","4.51980473274447","1009.26892232151","983.486229264702",0.398179722439814,1,0.0258778724848528
"UPF1","Q92900",0.159591071118162,"2.2195696848712","1.32656590227357","726.031299792707","767.09762525257",0.398179722439814,1,-0.055020948655978
"ILF3","Q12906",0.0252990464659033,"2.75571351100656","0.908128431740961","2550.24389911119","1144.02350925056",0.172934577897065,1,0.801637558516098
"SORL1","Q92673",0.492974864678485,"5.09689762256135","4.72924635626752","984.146651617847","1025.55898728338",0.702636441049872,1,-0.0412181742240981
"DLG3","Q92796",0.0215334862139161,"5.5246069538269","4.71223448210744","1466.09552691307","567.267912766878",0.157284684901821,1,0.94952634050935
"SLC4A10","Q6U841",0.610359254827294,"4.71243673150094","4.1759885819489","3188.29211848159","2790.49896439435",0.778949534933043,1,0.133264967242566
"LRP1B","Q9NZR2",0.00286670813030722,"5.47789479208874","4.11341883420466","412.578663016569","227.292585246681",0.130044305183937,1,0.596188776489789
"ESYT1","Q9BSJ8",0.2436550245074,"0.915533518477397","2.26872176445395","423.173711775642","690.474049570514",0.49025748882739,1,-0.489595629176133
"NBAS","A2RRP1",0.829350107092527,"4.30971344350859","4.14910326757104","216.417705549898","306.632398367477",0.90961247244552,1,-0.348439268429406
"DOCK4","Q8N1I0",0.489296044251159,"5.20084677896659","4.84218062702017","957.812288926662","691.497733051029",0.702636441049872,1,0.325791945401499
"TTC37","Q6PGP7",0.131023938534343,"5.35775478655267","4.29144550868545","755.583789192703","661.156035593992",0.365847518322244,1,0.133500809284905
"CAST","P20810",0.995008776373085,"1.68941351053743","1.68711222255297","1309.18611607408","1384.29139225107",0.997006785964196,1,-0.0557827198726559
"FGB","P02675",0.0275468813056208,"2.14325550385838","1.00612292181152","13090.2140652518","7253.67085477426",0.175107384116592,1,0.590357267606593
"LRRC7","Q96NW7",0.0129672683430038,"5.61364548396442","4.47438579152002","660.202257415132","403.317631906074",0.151707928645185,1,0.492821818696633
"MPRIP","Q6WCQ1",0.138841362603728,"5.4460326054965","4.31589406148987","400.050085117079","356.732229524588",0.373312876575264,1,0.114604309070422
"CHGA","P10645",0.0829430666695917,"1.89134467662408","1.02082245277673","3884.64056689729","2688.27049418013",0.286821050251462,1,0.368132413493022
"VGF","O15240",0.147116834964108,"5.28050649295207","4.34727556114428","5928.24017659611","4008.08235923514",0.388419580143333,1,0.391414490510373
"LUZP1","Q86V48",0.913869533182279,"1.49989267425932","1.70811315003096","488.739963898681","599.532577063799",0.964103376443884,1,-0.204319736515075
"GLG1","Q92896",0.72743568811005,"4.95740187702452","4.76927986714785","1387.90652140438","1115.04808112208",0.860490497487551,1,0.218898986060352
"HERC2","O95714",0.973008055813267,"6.00511685617303","5.84815834508026","125.826919294364","126.793637468052",0.990869720788088,1,-0.00765355682072457
"PRRC2C","Q9Y520",0.824938340056822,"2.0147751479665","2.22493583091297","135.501638997884","196.998981856713",0.90961247244552,1,-0.374214824312654
"HERC4","Q5GLZ8",0.214733694764505,"5.55156494686983","5.0143944441764","945.999985415355","492.389329937423",0.460226683836419,1,0.652972829060772
"SERPINA1","P01009",0.266517266539379,"1.84181681949564","1.06684127111391","16288.4935079741","16183.4179702943",0.505183451736556,1,0.00647180283800357
"FGA","P02671",0.0154321989032092,"2.05608385327706","1.04773131653386","17904.5977621281","10059.2172129551",0.151707928645185,1,0.576568188273125
"KLC2","Q9H0B6",0.907472129778924,"3.77658999117147","4.0494242665801","1043.42349265026","1086.25480910718",0.95938261177899,1,-0.0402286980128077
"PPFIA1","Q13136",0.414295809756575,"0.213005519923863","1.4272814491934","223.065661708369","151.558395963247",0.642073534317658,1,0.38649517265726
"KNDC1","Q76NI1",0.0483658637694976,"5.08960028955475","4.43282720348469","847.921882344282","501.973684549277",0.227684585103578,1,0.524240814570471
"HOOK3","Q86VS8",0.0643239382473848,"6.09538136359495","3.75187217603615","128.699300651606","233.644762002675",0.252737363664921,1,-0.596323170114931
"SAFB","Q15424",0.0158092430652297,"2.45157083490045","1.22304794885268","1892.06796083283","638.931324504386",0.151707928645185,1,1.08562869385584
"SRGAP2","O75044",0.114155525718478,"2.95713419632707","4.38936114169408","1260.60500399621","604.549621946217",0.333120510722342,1,0.7348632923338
"DHX30","Q7L2E3",0.749053227865521,"4.79029268995387","5.22712169145511","550.064507315457","508.562650993533",0.866665161668797,1,0.0784471420177111
"OSBPL8","Q9BZF1",0.0179501065708647,"5.35558471897849","4.44493011425396","1169.35766877124","490.501562671684",0.152377583765691,1,0.868781411109988
"DLGAP4","Q9Y2H0",0.234850919454614,"5.29747147634503","4.55789981343663","706.169131096094","482.98390384761",0.483439287185988,1,0.379871443531792
"LMNB1","P20700",0.0321917459679767,"2.66869566190344","0.400374264089896","2897.00981377996","753.016597483024",0.184640014230119,1,1.34734711596295
"RASGRF1","Q13972",0.173150615735649,"4.91491578187546","4.2915783323029","910.616708624054","576.174093505063",0.410280393426942,1,0.457712211062032
"FGG","P02679",0.0458645505828812,"2.10488078443137","0.960953596079726","8490.56392090188","5702.95210924729",0.222198162532599,1,0.39797146522379
"MAGI1","Q96QZ7",0.0425942418326764,"5.43477746232428","3.87973418088618","190.507498507806","220.39796862097",0.214692188631369,1,-0.145743304415243
"KIF3B","O15066",0.00610694253426026,"0.072475127288399","4.18170852628689","400.025941862472","328.251795790719",0.145112586885518,1,0.197748415691363
"TBC1D4","O60343",0.677065675252425,"1.53533610766367","1.63329606527752","124.912179031682","253.192146613156",0.826053232153937,1,-0.706537750613899
"SKIV2L","Q15477",0.15859642182543,"5.2860868463532","4.37874199874215","432.670444381788","324.733879535552",0.398179722439814,1,0.286970325089373
"CLUH","O75153",0.0877940799351612,"5.50324070115242","4.92430075482554","524.722073327258","299.646557264556",0.29206163925097,1,0.560265100630486
"DHX15","O43143",0.0040145065692694,"2.45094516617282","0.602013467516671","2197.76346288874","563.181559026524",0.142537177987099,1,1.36159345337037
"HP","P00738",0.106544362933145,"2.02460929159875","1.11598425935608","23067.8098373777","14160.9389055962",0.318192469035076,1,0.487950739191619
"RASAL2","Q9UJF2",0.0150304775356874,"5.25763685470662","3.99791258273734","575.367557631848","426.259960290899",0.151707928645185,1,0.299959671664445
"ERBIN","Q96RT1",0.53293025073325,"0.408295418113377","1.00868523782402","131.400856285382","288.491923934108",0.727204086996746,1,-0.78641446959955
"LCP1","P13796",0.258781916619601,"1.65336089559188","0.955579724844897","972.991078919821","1022.52317755383",0.504422564035863,1,-0.0496536416836648
"MECP2","P51608",0.00793772690167311,"2.69844868510129","0.907105118498274","3674.24746739402","1153.34700863436",0.151707928645185,1,1.15868018339062
"QARS1","P47897",0.227495429730977,"5.25517580243681","4.7285330544914","629.109231010839","347.560955581149",0.474979997639153,1,0.593364838462112
"NAV1","Q8NEY1",0.0144458049149567,"5.52441820071866","4.03073674996876","231.270985772904","172.402008731931",0.151707928645185,1,0.293761111824261
"MAP3K5","Q99683",0.299509159334545,"1.91656399971407","0.952668106746535","386.11138629119","304.946229606285",0.542871548112142,1,0.235990428666483
"KIF3A","Q9Y496",0.0710268261883759,"5.42321984629719","3.94961237432413","589.078288132853","547.423091569131",0.262536194577775,1,0.0733371120489213
"PSMC1","P62191",0.170918336597773,"3.04039852832923","4.90457417123909","387.751089915433","596.818600611743",0.409235304062058,1,-0.43124960272452
"ACIN1","Q9UKV3",0.00759372560553735,"2.58331660263898","0.848980539526098","1422.74475995575","431.387085637785",0.151570763086526,1,1.19333741686479
"SAMHD1","Q9Y3Z3",0.965029149154193,"0.72174211415155","0.678454295238007","605.130864229042","689.98179941074",0.986781855385128,1,-0.131220480426607
"ZNF638","Q14966",0.0113538327902299,"2.21553675486976","0.962591205964295","465.572076587491","191.610208748745",0.151707928645185,1,0.887803775966769
"GPD1L","Q8N335",0.0391759096972765,"3.20536882019995","1.37008956831729","1976.19094374005","1893.08994882027",0.203633113947302,1,0.0429608384609326
"AMPD2","Q01433",0.0199027861958723,"2.19707219903134","1.26739110388333","2190.14260245461","997.163975343752",0.154613685752044,1,0.786806710778378
"SAFB2","Q14151",0.00225404824088651,"2.32850608787241","1.23942444354012","804.237039930698","240.563327023859",0.130044305183937,1,1.20691068259755
"GBF1","Q92538",0.0665015227034487,"5.20179443696585","4.07184747843233","203.087875953963","133.119097475612",0.257242324255976,1,0.422394574576836
"GRK2","P25098",0.124546365337314,"4.88835048505235","3.91924748300537","651.545667626209","397.126157599709",0.351122239001806,1,0.495093482698555
"HSPB1","P04792",0.826017872453816,"1.66885046248172","1.39028397998195","3516.2503851261","3707.25387822107",0.90961247244552,1,-0.0528962176410935
"KCNAB2","Q13303",0.804604691915005,"1.44057642156416","1.79230390244823","708.475552163815","1047.53646658278",0.901607964118271,1,-0.391080912094908
"DGKZ","Q13574",0.0197833957429486,"5.13074673961276","4.40438967537628","887.293705521094","595.269137144465",0.154613685752044,1,0.399162415237005
"GCC2","Q8IWJ2",0.0305352691116702,"5.67503303518713","4.24422162418946","162.87297225223","172.884036064607",0.180410958478336,1,-0.059650472323312
"NEDD4L","Q96PU5",0.361807371052609,"5.16571895824308","4.50332573635148","387.072297590668","294.914282070236",0.60592030041345,1,0.271926746198747
"ANKRD24","Q8TF21",0.00201900017790878,"5.62015278535532","4.63752451910266","895.392468041795","282.993005844933",0.130044305183937,1,1.15183995092623
"NUCB1","Q02818",0.42181050473657,"4.99228911395249","4.54643115781388","844.187809250083","719.173045929044",0.643458683824975,1,0.160272988046205
"TIAM2","Q8IVF5",0.781858057559818,"0.878177238217428","1.29916699361356","281.602922411693","481.105634961837",0.88468746195544,1,-0.535588859186655
"G3BP2","Q9UN86",0.301353544743614,"5.51544630421596","4.15894393308419","697.061503704922","910.044462095474",0.542871548112142,1,-0.266619810285693
"ACADSB","P45954",0.352802479124827,"4.11670608877746","4.75259151388085","1178.07764885479","1229.07896134002",0.600156804923004,1,-0.0423810780729357
"AGO1","Q9UL18",0.0565638244529303,"2.25757410322499","0.714406522717964","352.492522845629","201.876692344337",0.232814750030856,1,0.557372333170275
"MMS19","Q96T76",0.0412141836267258,"5.35724452672436","4.09621436465019","186.740441487072","189.577500605193",0.209855894180981,1,-0.0150782758517095
"IRGQ","Q8WZA9",0.421333097135371,"4.2853395109585","4.61959116289596","216.313357467766","537.41513367537",0.643458683824975,1,-0.910042771288332
"PIK3R1","P27986",0.929997986973127,"1.1650947010526","1.40639988611967","205.943801861328","230.558460342243",0.972890975890126,1,-0.112901129251289
"CLU","P10909",0.941033874668544,"1.60595560810174","1.52276924136875","2483.44640856899","2809.48604710116",0.97757165749113,1,-0.123354288890993
"ADGRB1","O14514",0.378895882646056,"4.62289719551771","3.89858528302144","347.395959775964","326.042822425137",0.623103190535393,1,0.0634364939762202
"NGEF","Q8N5V2",0.132230469207932,"5.21101310525717","4.48896330461942","1468.27786906048","881.586338706092",0.365847518322244,1,0.51012253310808
"MTCL1","Q9Y4B5",0.109753331179578,"0.114624457805841","2.17883348022554","217.084776631131","190.093834895103",0.322158307403585,1,0.132770134849218
"ITGB1","P05556",0.165698093878468,"2.39573808972684","1.3509405138248","982.032961730846","1050.70597169823",0.409235304062058,1,-0.0675926975126961
"ROBO2","Q9HCK4",0.63475714053526,"4.96023844837112","4.55254143560869","216.921367772781","166.943701014976",0.797843358002758,1,0.261878291469593
"CELSR2","Q9HCU4",0.0375636494152437,"5.59822871906633","4.42502853238446","237.691824378012","187.345328843858",0.199407032534113,1,0.238021386917184
"NAMPT","P43490",0.309814546985762,"1.21183933922036","2.0365450279667","1877.90938920065","1799.28804840789",0.552133781949626,1,0.0427680730623752
"RAPH1","Q70E73",0.0899287328244124,"5.71197641180297","4.13502885050597","191.748139640212","258.198849304688",0.293296978296613,1,-0.297547283604411
"FKBP5","Q13451",0.0677040159202367,"2.02415365322794","1.263411820182","1599.38036310376","1593.269597982",0.258469034809695,1,0.00382802540735148
"MACROH2A1","O75367",0.0216285400469937,"2.62983197246847","0.914831627418257","5250.20369302706","1109.401995963",0.157284684901821,1,1.55444574674795
"NOP56","O00567",0.303687729337918,"2.1412663123332","0.872832068716394","299.071975812087","452.606124115494",0.545108550142522,1,-0.414337997873115
"KCNQ2","O43526",0.0791014407201203,"5.27213792629638","4.48976990355963","722.076528770327","447.156076235661",0.277969147319296,1,0.479223431294237
"THOP1","P52888",0.773456683559275,"4.76130367340325","5.15446134551763","676.220432136792","703.837082754783",0.88368987092229,1,-0.0400278069035661
"NUP98","P52948",0.0169463445447789,"2.67679628166966","1.06110335039532","203.606085750377","150.004080832954",0.152377583765691,1,0.305524675669375
"SERBP1","Q8NC51",0.422954806201587,"2.59482421589882","1.85184373961318","707.729836536678","611.355015660998",0.643458683824975,1,0.146384603263642
"USP32","Q8NFA0",0.0590022016536444,"5.18008552858213","4.4290161038512","253.534345536275","163.29480183634",0.239366655489175,1,0.439942131722473
"USP11","P51784",0.651434285853543,"5.20471611513712","5.03076526120042","609.538089938569","440.312077368642",0.805885987102979,1,0.325217698466868
"ARHGEF6","Q15052",0.586139454197713,"1.96095245062226","1.46419055640707","172.625453567381","209.968859173339",0.762657949891835,1,-0.195834990872544
"SORCS2","Q96PQ0",0.183392665950665,"2.8261256254823","4.00251631417967","373.328718138247","351.166816773986",0.421718618937243,1,0.0611979413856694
"KCTD12","Q96CX2",0.153549044191306,"1.95871305799457","0.840909082269931","628.724882765558","341.281703591406",0.394953469337431,1,0.610985526247238
"TMPO","P42166",0.0196577930630123,"2.55045831817479","1.01337544329034","1233.0174964244","391.953090588526",0.154613685752044,1,1.14607752742508
"PNP","P00491",0.0282509934982612,"2.50874249052126","1.06050739975632","1394.42192342225","359.006590967215",0.175107384116592,1,1.35689446899954
"HTATSF1","O43719",0.0131344690999856,"2.44792298692065","0.870384117846656","1583.53902080694","374.31836111003",0.151707928645185,1,1.44231083956556
"TRIM32","Q13049",0.529401746900692,"5.37072432178986","4.83699373956635","380.45242002737","290.853181965495",0.725745801383092,1,0.268542513037114
"PHACTR1","Q9C0D0",0.0110803963341042,"5.75115883775219","4.43730314969152","962.800803824075","781.090383901825",0.151707928645185,1,0.209155669219141
"TECPR2","O15040",0.664171377786799,"4.81793519689662","4.27280146541194","138.538551372867","169.290534878388",0.814303482839343,1,-0.200467744025346
"RGS12","O14924",0.132982775306432,"5.82652120574013","4.70516152986853","236.410251035521","234.053314014713",0.365847518322244,1,0.0100197206098569
"PNN","Q9H307",0.0817554861921922,"2.4346355922264","1.29759466937639","707.653635955734","244.230128928996",0.285286626642685,1,1.06384382708358
"PDS5B","Q9NTI5",0.0276805673086765,"2.40737372087003","0.863190694990908","1095.94687116088","262.310020380206",0.175107384116592,1,1.42984690298843
"ITIH4","Q14624",0.0533764967040557,"2.1753543755901","1.08606182444291","1829.54602002975","1906.67405236062",0.232166747218118,1,-0.0412925307410116
"OAT","P04181",0.343301481421004,"4.78171059366765","4.08432202529572","866.605418406667","778.290632579925",0.596606097199618,1,0.107483743626671
"TRIM25","Q14258",0.0549011546527815,"2.25345659999293","0.979816289819095","386.22964556996","309.84157798427",0.232166747218118,1,0.220371001175928
"APC2","O95996",0.0382108067488761,"5.33792154280253","4.19508741268743","97.9940281870017","87.8513351536652",0.200707290186202,1,0.109260527322295
"PRKAA1","Q13131",0.81568880818675,"0.801485200761649","1.26790864948352","271.598453630861","379.727551726948",0.906522751191956,1,-0.335129324320728
"BSG","P35613",0.031627772746715,"2.40235417222477","1.62056702215789","1523.26644332507","625.34369407813",0.183514634890823,1,0.890310874850142
"LDHD","Q86WU2",0.655952456072354,"4.87200409216247","4.40763911906991","354.376918615213","380.255959201433",0.8081982113089,1,-0.070483514266151
"UPF2","Q9HAU5",0.132035915415062,"1.87101100922571","0.96471472127282","244.44466398109","198.937120871637",0.365847518322244,1,0.206000160839946
"PRKCD","Q05655",0.279694627778003,"5.88030212576951","4.76709358227517","178.384946526832","603.786346769238",0.514873878205685,1,-1.21927656871221
"CPNE9","Q8IYJ1",0.218378273693771,"5.05940339829021","4.74773041896175","405.818674662987","210.541396252106",0.463705355630603,1,0.656224155141736
"HP1BP3","Q5SSJ5",0.0539525089043394,"2.71605682141775","0.91223884919177","1363.10676019424","1092.89926748433",0.232166747218118,1,0.220932433558072
"C2CD2","Q9Y426",0.864307462371692,"1.36387003629313","1.53234367532277","160.213958265542","241.825318086933",0.929798843574698,1,-0.411705478342281
"HDGF","P51858",0.00492828351964618,"2.50869569185559","0.999743585750991","4139.40105776252","1022.22104065891",0.142537177987099,1,1.39857335449222
"AARS2","Q5JTZ9",0.345827436308013,"4.29654099976898","4.99606315979112","324.859323924432","288.877511169194",0.596606097199618,1,0.117389477676642
"CPNE7","Q9UBL6",0.0953576231812301,"5.56978401951526","4.2708021872261","473.696619703586","417.769803066025",0.302086368282497,1,0.125636503501048
"EIF2A","Q9BY44",0.523503665328754,"5.40798764919079","6.17809840837248","202.91262056274","230.730018422479",0.722369100024812,1,-0.128472829783371
"TCEAL3","Q969E4",0.39383406245025,"2.01547661370021","0.860451497037689","302.583448242003","284.097048186397",0.633945797298951,1,0.0630412026302531
"DMWD","Q09019",0.0620439410229538,"5.68007187320848","4.96321754429391","635.280766688254","232.048828485902",0.247679412563632,1,1.00711923630439
"NRDC","O43847",0.647433020476931,"5.17296013153097","4.94666011785023","302.178692154658","230.746786795044",0.805885987102979,1,0.269697590030793
"USP10","Q14694",0.0854541143722431,"2.80184858473599","4.95433214586368","37.928269811046","234.419331743322",0.291645915110412,1,-1.82141478826589
"CNTN3","Q9P232",0.122471566280475,"6.00680424835975","4.89469523419168","183.508174487244","153.891167372007",0.349218923279754,1,0.176013566913724
"NT5E","P21589",0.493791209279214,"4.01802768105757","3.9290922982999","346.365933806279","723.961698584556",0.702636441049872,1,-0.737242660141931
"CBARP","Q8N350",0.404511865522866,"4.93953287091828","4.15702535072494","207.245000953623","210.952749618434",0.638770319290855,1,-0.0177325000676624
"POLR2B","P30876",0.989118636527663,"5.49291506306613","5.54824656894566","328.724238237287","301.627986870913",0.997006785964196,1,0.0860247911516649
"FBXL16","Q8N461",0.00970107606222027,"5.23508424602916","4.27436072246354","734.058109222269","486.82360773308",0.151707928645185,1,0.410686337667097
"DGKG","P49619",0.544411489663627,"1.91001773475732","1.16541090697195","408.02759343153","324.710190965583",0.736209575452981,1,0.228401738671971
"EIF4A3","P38919",0.00886994330235074,"2.62745840668012","0.645991997684315","901.01063094082","208.013549634661",0.151707928645185,1,1.46591383653117
"PON2","Q15165",0.453443848295762,"1.23049354449348","0.54559339424033","290.190728367791","555.115500767878",0.675428299401747,1,-0.648637810758305
"HMGCS1","Q01581",0.0118878573247261,"5.38528092308059","4.2583606873909","1907.51776702294","1799.27477223218",0.151707928645185,1,0.0584191190319259
"MARK4","Q96L34",0.395304258898721,"5.29010876442301","4.80343578455152","262.977256091004","169.932147958525",0.634266318940392,1,0.436668321975748
"GRSF1","Q12849",0.0930494114675251,"5.58280202781942","4.31778167576183","393.174610900018","224.207340896789",0.299559073047065,1,0.561682563012478
"AKT3","Q9Y243",0.729433828531531,"2.53713732021014","2.13827189355358","354.18269654169","576.949531011676",0.860490497487551,1,-0.487941922835368
"LMTK2","Q8IWU2",0.0748004823734994,"4.90043056626817","3.54983108044753","111.082771360989","137.025059162105",0.274451769885119,1,-0.209888211331422
"STRN4","Q9NRL3",0.0104070106278663,"5.71724583070113","4.46074034596886","305.875795365002","150.672791803997",0.151707928645185,1,0.70806857814956
"UCHL5","Q9Y5K5",0.574292799047535,"4.72924367186739","4.6331330461397","279.715570602635","490.633328012289",0.752157760432336,1,-0.5619237950863
"RECQL","P46063",0.000191557378320232,"2.69184309644167","0.377439054514076","553.758502719655","249.615796669956",0.0955871317817958,0.0955871317817958,0.796805753606731
"DNAJB2","P25686",0.64963505690344,"1.7992606950499","1.42705999485973","1044.91570219673","1118.30224910378",0.805885987102979,1,-0.0678754718224129
"GUF1","Q8N442",0.437514056094058,"4.85976827528804","4.30169104473711","339.709495368402","302.092890006023",0.661574284821015,1,0.117356274111349
"NACAD","O15069",0.748045338305615,"4.19962186627691","3.9090868556439","95.8580108450108","155.645120858548",0.866665161668797,1,-0.484710506628604
"DGKQ","P52824",0.285047899141218,"5.3221913984827","4.92624252725212","423.650226179977","233.876463619309",0.519120079092948,1,0.594115133827319
"EVI5L","Q96CN4",0.347920589749677,"2.93757859776133","3.63569818295168","49.2613562567304","224.924953294212",0.596606097199618,1,-1.51862688072194
"LINGO1","Q96FE5",0.0106528088871986,"5.80477751589469","4.3805207220058","967.33651958397","491.135412027237",0.151707928645185,1,0.677826560605548
"ITGA7","Q13683",0.724932440175812,"1.53110926416918","1.1592792300162","297.623524896657","220.229181247137",0.860490497487551,1,0.301160611479966
"RAE1","P78406",0.0762217213053588,"2.41252354980563","0.696120431999883","181.236845274293","257.400110225531",0.277625101688862,1,-0.350827010084667
"SPECC1L","Q69YQ0",0.339934014142109,"2.60040036389929","3.52072067488569","91.3899060842122","98.1251326336873",0.595182712480394,1,-0.0711084921364301
"SLC32A1","Q9H598",0.727985679443875,"3.78009101092666","4.07590077918403","952.546587238608","714.635628330448",0.860490497487551,1,0.287366214219822
"PPIP5K1","Q6PFW1",0.181364534184657,"4.94760698983565","4.54900419459127","188.907758696104","88.822723300828",0.420934430502995,1,0.754616336407461
"PI4K2A","Q9BTU6",0.533380151985589,"0.750541248181113","1.64313616456009","106.672196348323","170.898743988333",0.727204086996746,1,-0.471310694151674
"RNMT","O43148",0.617359309822008,"4.768251486545","4.80918989987714","497.46834677532","302.797282616251",0.783873525702753,1,0.496468382666026
"PECAM1","P16284",0.699727430712271,"1.29532413287518","0.872953551637315","148.86028577931","188.207244577025",0.846649270038757,1,-0.234535533727786
"RHOT2","Q8IXI1",0.561485821366512,"4.64516971315544","4.16163502547685","225.938095076735","441.393313218215",0.745832227655953,1,-0.669675298517127
"PDE4DIP","Q5VU43",0.269834839167514,"2.15763452326745","1.24018346442568","158.78147274459","106.948697929181",0.505183451736556,1,0.395179610753308
"CAPRIN1","Q14444",0.814931452243209,"3.8831301618891","3.73924136368662","597.243265263591","449.774860663253",0.906522751191956,1,0.283577361968354
"AARSD1","Q9BTE6",0.878246069027419,"5.14572272053406","5.09938291544782","260.105209624493","349.867991574239",0.940439460181721,1,-0.296469714839657
"ECHDC1","Q9NTX5",0.733929890691905,"2.14677811505887","2.11876857785512","349.263578052996","610.954956751463",0.861316005410632,1,-0.55919636078846
"PPM1E","Q8WY54",0.410668853205533,"4.51156772808626","3.77260242289645","161.330750082426","187.787477528156",0.640386742967378,1,-0.151854278687647
"MTMR7","Q9Y216",0.752039435169137,"5.2278808367149","4.87526066292255","153.544096591053","144.361179848465",0.866669002654502,1,0.0616694472798233
"SERPINA3","P01011",0.0178609601366682,"1.90111959996892","0.888735865451696","4531.27376930047","3388.61878665961",0.152377583765691,1,0.290580684442228
"JPT1","Q9UK76",0.621725447399136,"4.39340229159641","4.02338509929777","258.757146369651","440.870830842028",0.787413701147637,1,-0.532861968940028
"NOP58","Q9Y2X3",0.175129707013905,"2.45888870850129","1.25494650991335","385.841200784771","321.33493080778",0.410280393426942,1,0.182941910563667
"DDX23","Q9BUQ8",0.0144459592434428,"2.58203455813239","0.471235339900918","377.814493053727","149.75045405939",0.151707928645185,1,0.925433046933706
"ERLEC1","Q96DZ1",0.137223790932971,"5.54710529130516","5.04284512608641","772.028208038108","390.330154596335",0.373312876575264,1,0.682028157017571
"ASNS","P08243",0.0875059091534202,"5.07138616103061","4.33194263237977","1131.45041459274","679.937783130608",0.29206163925097,1,0.509254342805691
"UBXN1","Q04323",0.027017929061695,"3.14813587072807","4.5890816402142","195.208881404758","154.998747917964",0.175107384116592,1,0.230653133005728
"STAU2","Q9NUL3",0.149878294115693,"3.45630527716379","4.86931606606429","299.076484707373","311.53637124973",0.39195918629145,1,-0.0408167506718605
"LRRC4B","Q9NT99",0.0569206402881051,"5.06988713086276","3.91683085318675","125.031308988568","355.464542252665",0.232814750030856,1,-1.04486132592206
"CSK","P41240",0.17140316342479,"2.35711792959476","1.56383899817153","286.983087617555","166.967284839544",0.409235304062058,1,0.541625391799859
"TRMT10C","Q7L0Y3",0.924767312291501,"4.97685952174646","4.75116229418167","385.777678794056","358.503901659319",0.969451447129116,1,0.073321698591715
"SLIT1","O75093",0.00736694861080657,"5.58804626734703","4.1427486218337","184.07730941305","97.987018085984",0.151570763086526,1,0.630520827834607
"PTCD3","Q96EY7",0.0452768299303624,"5.56574604185966","4.42218421085766","587.265941576735","417.194219686409",0.221501354267165,1,0.341925901308383
"HNRNPF","P52597",0.0770074760741344,"2.13308669320194","1.08797088029514","515.999036804826","287.642574721416",0.277847704422728,1,0.584386249434366
"RPS6KA5","O75582",0.0271123902683445,"2.1682189621068","1.12080393174324","1343.86531803298","721.374318543574",0.175107384116592,1,0.622147137897398
"PLPPR4","Q7Z2D5",0.140629330310349,"5.44179152090273","4.25343192233827","288.429583175776","202.815665436995",0.375262223662375,1,0.352153462564291
"CHMP4B","Q9H444",0.972914656549449,"1.31122591798654","1.39856416099771","612.053939418508","682.305526892656",0.990869720788088,1,-0.108657129240225
"SPR","P35270",0.89292126637837,"1.76826308967031","1.54281732071044","475.351061519701","510.618656890657",0.952067760518818,1,-0.0715694353557537
"JAKMIP1","Q96N16",0.01507981906212,"5.23651597638421","4.10034604928082","203.954789576401","146.982601022471",0.151707928645185,1,0.327584130177173
"MRPS22","P82650",0.520168925683293,"5.0191420140427","4.53141678272241","637.395336684589","727.516011869235",0.722369100024812,1,-0.132245922441416
"BPHL","Q86WA6",0.482887255263736,"4.32990102812494","3.95532799781045","252.338401449934","694.294980151687",0.702509447162112,1,-1.01212586407368
"MRPS27","Q92552",0.604731199890809,"5.11398304992013","4.75963036588787","786.497741349265","693.472674840145",0.775734881093866,1,0.125878013557641
"EXOC6","Q8TAG9",0.00235332883030102,"5.74721867890409","4.44393897224411","311.483231766756","173.91563257171",0.130044305183937,1,0.582775194824878
"MRPL37","Q9BZE1",0.0697053668827218,"4.98418002950317","4.131858686733","368.059989459995","210.684148512807",0.260080176573084,1,0.557885854237718
"PTBP1","P26599",0.00173206103861528,"2.36197958092775","0.883110897514243","432.985039529424","273.194447445355",0.130044305183937,0.864298458269025,0.460519373313667
"MOCS3","O95396",0.542242355420565,"5.90920827984023","5.30603657363709","80.8859181522897","96.6380624368217",0.735268846072994,1,-0.17793294065089
"SIPA1L2","Q9P2F8",0.0617077418006997,"5.41350303137326","4.36016200200319","74.4027947907532","64.947552862517",0.247679412563632,1,0.135913440370034
"MAP2K6","P52564",0.193993858657158,"2.0879129020884","1.43066549070256","588.322036850986","441.030078036101",0.43409388103104,1,0.288161402410553
"LUC7L2","Q9Y383",0.00114868426902055,"2.47761447972543","0.800143955413803","2016.22008748638","486.262757873405",0.130044305183937,0.573193450241254,1.42223066175251
"SDK2","Q58EX2",0.284112341578571,"5.47317000994602","4.80865687809699","86.4944702533835","110.951700911614",0.519120079092948,1,-0.249014495506926
"AK2","P54819",0.360625262200468,"2.41433335530508","1.73217680897911","351.222608820708","327.843430257593",0.60592030041345,1,0.0688840879598276
"RAD21","O60216",0.277097861339825,"2.21100862772889","0.715414455102358","164.989289695165","86.6664178549941",0.51211789929101,1,0.643814089415998
"SERPINE2","P07093",0.249099286634345,"4.9460843904894","4.19696493572871","1067.91204281806","1191.59670174186",0.49325612710531,1,-0.109588793694684
"ALDH3A2","P51648",0.0545659628698107,"2.0863929706593","1.32875677766984","908.371752426643","772.332716695297",0.232166747218118,1,0.162238276429538
"BUB3","O43684",0.00445749664888146,"2.57982560414884","0.186377368591135","781.309280984965","224.682920919069",0.142537177987099,1,1.246280909901
"FBL","P22087",0.0558907092995554,"2.10235122216782","0.4285861839841","328.458836169906","256.174931895398",0.232622047868954,1,0.248550982776029
"PPP2R2C","Q9Y2T4",0.139150691468936,"5.32319049306609","4.66105873305929","183.12240629384","99.0907101807372",0.373312876575264,1,0.614119121015455
"MRPS9","P82933",0.0859157305034681,"5.38941270156657","4.49605127050438","386.805372623555","317.288375890157",0.291645915110412,1,0.198110589937445
"PAPSS1","O43252",0.58842346835342,"4.7279242260864","4.78677645390873","51.1459613698129","111.222721558814",0.762657949891835,1,-0.776851158830209
"ANKRD34A","Q69YU3",0.0144219412439618,"5.40309487595102","4.29283025352358","199.911531936093","110.722971489853",0.151707928645185,1,0.590843598979925
"PMM1","Q92871",0.350004125376853,"5.32770386482377","4.63958880049344","168.706761030334","398.716076942336",0.598123488229622,1,-0.860087510992724
"RPS8","P62241",0.222268357305177,"4.78120668591898","2.97027427806943","208.832818117582","763.88946288478",0.466016429812115,1,-1.29688907806063
"NDUFAF7","Q7L592",0.0111149359677313,"5.53418970288118","4.23615772830584","333.599058850978","338.885195237347",0.151707928645185,1,-0.0157215436157101
"EIF1","P41567",0.269546272043945,"2.49850473125391","2.53669721974135","376.618918541516","168.051306040468",0.505183451736556,1,0.806964524190592
"CDKN1B","P46527",0.0156929297668867,"2.47052374383653","1.28655034827329","978.607841508065","253.914726018635",0.151707928645185,1,1.34913250549446
"PCDHGC5","Q9Y5F6",0.124217156345921,"5.4964860330769","4.62059804670867","59.3376441394993","47.9379705221056",0.351122239001806,1,0.213336018617762
"AHCTF1","Q8WYP5",0.0344701591245891,"2.25126517334546","1.35478068553952","133.911657245495","61.4946597340297",0.18901768574912,1,0.7782299707975
"DTX3","Q8N9I9",0.944051883364913,"5.44852776397098","5.30159067685942","231.961028021686","234.1045769157",0.97757165749113,1,-0.00919855052887593
"OSTF1","Q92882",0.90060625701974,"1.54196755248703","1.5318273882444","212.123079646177","156.526762506093",0.956580714076902,1,0.303939668789493
"HDGFL3","Q9Y3E1",0.0151698593399221,"2.7673275245908","0.290489872687003","1912.38201247059","637.493924625719",0.151707928645185,1,1.09856012398348
"ACTL6B","O94805",0.802553363322424,"5.32688519126648","5.63204085547443","180.167448479463","280.085175436926",0.901607964118271,1,-0.441207067111232
"DKC1","O60832",0.00344378262713254,"2.91016394186782","0.731879994739128","246.422461932824","185.069046702692",0.142537177987099,1,0.286318407079161
"DFFA","O00273",0.749325072207462,"2.62258983183765","2.54605890359291","426.796963869455","294.975205733136",0.866665161668797,1,0.369417101249057
"DHTKD1","Q96HY7",0.0442490063269276,"6.24809624480153","4.36330715674695","172.16121631059","216.410388861211",0.219269516570772,1,-0.228745211547004
"NLGN3","Q9NZ94",0.235422338248888,"5.67657568872694","4.45713535237447","134.176112546635","98.7305977908272",0.483439287185988,1,0.306758303377242
"ARL6","Q9H0F7",0.521670101733472,"2.29316431008454","1.77700508097007","278.093623514828","222.415040485375",0.722369100024812,1,0.223412644056307
"PDCD4","Q53EL6",0.00547100036422237,"1.93028102089459","0.780525894720546","219.101344525486","147.748102019802",0.143685746407735,1,0.394025572852247
"INPP5D","Q92835",0.864582491820962,"1.06711824030904","0.780600750682714","73.2017260715057","59.6235954227682",0.929798843574698,1,0.205167608820893
"SEH1L","Q96EE3",0.305363830820612,"1.02895001031106","0.850272058002738","43.782758190474","128.889905092438",0.546152514621811,1,-1.07971849980786
"SPHKAP","Q2M3C7",0.55375556804261,"3.20033451375757","4.28076166288291","69.1349582087692","89.7557868380176",0.744712290792245,1,-0.261031992240554
"NSDHL","Q15738",0.280652695134161,"5.28228201428238","4.71379107441307","396.661834041056","347.745112480934",0.514873878205685,1,0.131614338260471
"TMEM43","Q9BTV4",0.645655332235739,"0.451233886587265","1.17687870277369","242.630765798703","242.799543092846",0.805885987102979,1,-0.000695371911693259
"WDR82","Q6UXN9",0.0201400592662983,"2.52210736070399","0.874191373273072","327.001446907992","155.773732886623",0.154613685752044,1,0.741560071539088
"SERPINH1","P50454",0.403307782073559,"1.89953294068345","1.33852229404459","340.330193006119","312.269916010712",0.638770319290855,1,0.086048373011985
"CD163","Q86VB7",0.993467710200635,"1.23451457558292","1.25615385439896","507.968354077444","539.749362733382",0.997006785964196,1,-0.0606857382093282
"HSD17B11","Q8NBQ5",0.182670870099282,"1.82434633021819","0.90788625637111","741.289167104131","554.962943743545",0.421718618937243,1,0.289489444691872
"UPF3B","Q9BZI7",0.0788768993351176,"2.1256332839934","1.22463946406847","180.309398943876","140.37925605359",0.277969147319296,1,0.250326526553279
"ARMC6","Q6NXE6",0.414324004108789,"5.6020532984994","4.90659864884572","249.683592274165","232.088302095204",0.642073534317658,1,0.073076573640619
"MRPS5","P82675",0.345562894113451,"5.03015430153622","4.33997893001117","256.695680664081","198.385852142274",0.596606097199618,1,0.257677378797927
"HID1","Q8IV36",0.209369888644548,"2.28862211325686","4.20720998429936","44.9913854306164","118.934668861888",0.457902788083811,1,-0.972103304625474
"DPP8","Q6V1X1",0.241657519539363,"5.1719712518016","4.37948146718163","95.7715709023925","119.888538953131",0.48820689170098,1,-0.224596582819594
"PGRMC2","O15173",0.105320448125581,"2.47244624015958","1.23376513730089","362.318307540732","209.504162526043",0.31659580490762,1,0.547779520040214
"MRPL1","Q9BYD6",0.12142767924273,"5.40457217946434","4.4677112203474","515.104137574658","392.663008130637",0.348232252540933,1,0.271417330759664
"MRPL15","Q9P015",0.407026589226144,"4.77290519389008","4.24822382419227","305.705915351325","355.451743275179",0.639343932895206,1,-0.15076591788708
"PTPRG","P23470",0.161459881064824,"6.17147818312063","5.14932684494323","186.700387976088","176.08272556099",0.400838212195757,1,0.0585512124133245
"PRPF4B","Q13523",0.00959118416840107,"2.41279835921427","1.22689607580968","270.849242970408","104.155528488223",0.151707928645185,1,0.955677118807577
"C1R","P00736",0.667671910252772,"1.56260756026385","1.20403170866126","235.184768414751","184.783970776845",0.816588929451307,1,0.241184036561008
"CHML","P26374",0.0235980499358028,"5.47350879876431","4.40742836434976","270.884015826322","100.081424742597",0.163547596082856,1,0.995706641292409
"ZFYVE21","Q9BQ24",0.174337972810503,"3.01441986615406","5.06006453464502","133.401182679753","268.633773319024",0.410280393426942,1,-0.699988015420547
"DAP3","P51398",0.36919001918266,"5.13714179672388","4.60190580277527","474.752281833658","400.828818006799",0.612045912199825,1,0.169258707670401
"HCLS1","P14317",0.736548967926126,"1.40297266679869","1.03621765170292","311.02476575439","266.956376270556",0.861316005410632,1,0.15278728136246
"SERPINI1","Q99574",0.168956185605989,"5.42604554250601","4.33219272800703","378.896749237728","239.804651309535",0.409235304062058,1,0.457439099489329
"C1S","P09871",0.827517511293684,"1.26031054820109","1.12238791635055","192.160926462941","259.83465494053",0.90961247244552,1,-0.301712306551769
"DCPS","Q96C86",0.00514162165083724,"2.62788648474921","0.408718209304003","534.492034010776","185.227320039852",0.142537177987099,1,1.05973299897944
"ORM1","P02763",0.188612456520692,"1.6316358275621","0.710713926994705","2980.78911650868","3644.53341866277",0.429760802757193,1,-0.201040281752924
"TTC21B","Q7Z4L5",0.096861360571542,"5.6017946198378","4.46782056137924","118.099978362306","64.6991942883165",0.302086368282497,1,0.601782791598894
"TSPYL4","Q9UJ04",0.757131216514838,"2.27545316624589","2.27154340222681","207.596993782173","137.592554679017",0.87052644479471,1,0.411301854770884
"IP6K1","Q92551",0.525409435153082,"0.252753855378931","1.44580956548841","57.427243977325","63.832054614596",0.722369100024812,1,-0.105736663130767
"STK25","O00506",0.556668706343702,"5.28602879061841","4.87979735125832","44.4608204098887","108.84681602363",0.744712290792245,1,-0.895333175076789
"SLC16A1","P53985",0.49917079647241,"2.0397871054741","1.42613740579421","754.974199354988","782.709372132313",0.705626706628138,1,-0.0360778792191623
"SPP1","P10451",0.999381399021063,"1.82342664327322","1.81451925421123","485.62957038641","478.726051466928",0.999381399021063,1,0.014317616228652
"SHISA7","A6NL88",0.695186160790396,"4.96440687250411","4.38240708890243","280.391324077384","267.875164731839",0.844033805923133,1,0.0456651446941764
"FGFR3","P22607",0.494239260137285,"4.96841368948231","4.55787404030139","145.120617987836","101.73228428768",0.702636441049872,1,0.355220545849618
"NUDT9","Q9BW91",0.221964144243845,"3.42471593332006","5.0666417978187","58.4907280287272","214.422267048935",0.466016429812115,1,-1.29907903486751
"CCSAP","Q6IQ19",0.944267613047544,"1.48884723536752","1.69089339933234","242.325135990308","263.878019466093",0.97757165749113,1,-0.0852065873242966
"LGI4","Q8N135",0.493270050848629,"1.92033471944153","1.36740660558369","384.502546042052","263.067514933877",0.702636441049872,1,0.37953970061123
"R3HDM2","Q9Y2K5",0.154942713470909,"5.10969712044218","4.26235649521852","131.325547745568","127.608479529112",0.396494430881967,1,0.0287125150548851
"C20orf194","Q5TEA3",0.0463781761540458,"5.41306036806206","4.60671898252273","138.211234523374","63.4436303092862",0.222526056739124,1,0.778631399820547
"LPIN1","Q14693",0.095804685503071,"2.04263206503708","1.24944166076721","156.971770885093","173.964965087652",0.302086368282497,1,-0.102787942967818
"BEGAIN","Q9BUH8",0.473972414518761,"4.96056728826774","4.41861734702504","62.154076341732","90.7389118173245",0.693584266407219,1,-0.378369877278107
"POLRMT","O00411",0.0688626801137687,"5.22022929141047","4.43858309790721","213.06422113348","100.691229880325",0.260080176573084,1,0.749534923558075
"MRPL44","Q9H9J2",0.193573765356281,"4.78204544739456","3.94481899215294","271.669945758509","205.607652598093",0.43409388103104,1,0.27861814108045
"FOXRED1","Q96CU9",0.193676978871938,"5.50090333386722","4.75844359860943","1004.83056479213","366.20172103066",0.43409388103104,1,1.00938988210248
"PPP1R37","O75864",0.00718732848323814,"5.46440261193839","3.85852517101357","83.6267504434219","71.4462485459682",0.151570763086526,1,0.157418051895779
"VARS2","Q5ST30",0.362780091952036,"3.76700572283488","4.11898318494608","44.3304858011084","109.492260416803",0.60592030041345,1,-0.904181258192821
"PSMF1","Q92530",0.720681776207806,"2.03649919174092","2.15353412968506","88.3042827304665","160.832532288628",0.860490497487551,1,-0.59957504303217
"KCNQ5","Q9NR82",0.215549210200952,"4.91056433845529","3.89521440673192","111.816607311646","72.9757828798377",0.460226683836419,1,0.426732449778233
"PPP4R3A","Q6IN85",0.573631553152962,"1.84693445576291","1.24849074829779","96.2276116197927","80.075634115742",0.752157760432336,1,0.183744725076629
"TFCP2","Q12800",0.466850258602582,"3.20198070428681","4.48060388626477","22.2274197587349","64.3804777956048",0.687192563547753,1,-1.06348379632726
"MRPS31","Q92665",0.169898735568874,"5.12552028107659","4.31220493650422","481.341982980123","305.124702633846",0.409235304062058,1,0.455857446662444
"CBX1","P83916",0.0149785434281337,"2.55354821288824","0.782726542816353","780.206806749977","190.252274624051",0.151707928645185,1,1.41120806875571
"BCKDK","O14874",0.0195618019200302,"5.32504424550602","4.09979508899461","362.122779053807","121.693267988863",0.154613685752044,1,1.09047964095774
"PSMB6","P28072",0.00705914752921516,"2.38852428961546","5.11207733527196","210.384679268182","204.791716120607",0.151570763086526,1,0.0269442173283848
"DCAF8","Q5TAQ9",0.0503352885713036,"5.55832508570662","5.13507352509636","267.828867943838","95.4308999414893",0.230434027496151,1,1.03194579933293
"NCKAP1L","P55160",0.841502756724336,"1.06117906190608","0.684556534000134","85.5579075782221","81.3410024666735",0.914836330295084,1,0.0505432035048023
"PHLPP2","Q6ZVD8",0.0890390974928793,"6.26350205392899","4.19172843020839","151.292420908908","34.0194709586332",0.292305984532545,1,1.49228149045197
"ADCK1","Q86TW2",0.379605951749017,"4.79064022263822","4.22146225321481","59.4469546844957","105.074494322051",0.623103190535393,1,-0.569585171331157
"ABCC1","P33527",0.650959793073542,"3.08995376899383","3.89447227174754","21.3071815584544","30.693713678418",0.805885987102979,1,-0.365013689192715
"PGAP1","Q75T13",0.902904842345132,"4.58453695864876","4.37421225073891","325.977437882976","313.732500001917",0.956580714076902,1,0.0382874580196466
"ARL1","P40616",0.555559527771126,"3.64493803255833","4.40093719111243","158.20921006875","177.454889049593",0.744712290792245,1,-0.114798158895571
"MRPL38","Q96DV4",0.0219635833900476,"5.46207699651529","4.26270648613363","211.306142187902","130.106210536014",0.157284684901821,1,0.484956871752515
"DOP1A","Q5JWR5",0.778656282143234,"4.15031711575208","4.6358667825494","31.7077801716072","34.2851985477532",0.88468746195544,1,-0.0781516497654527
"COG6","Q9Y2V7",0.960375888549696,"4.29457680674998","4.45080746254515","62.907321841132","67.6200156129357",0.984499350755612,1,-0.0722414667705618
"SORCS3","Q9UPU3",0.537621986704348,"4.84024929370739","4.4241241512352","116.481884241814","84.331916982182",0.730990112712451,1,0.322975355603405
"MRPL39","Q9NYK5",0.471508039843342,"4.83488990823641","4.19697614351925","410.948934184314","354.490000599034",0.692007387887728,1,0.147788820530672
"NUDT14","O95848",0.00274386772642218,"5.716315235428","3.88769364102301","521.401072749102","203.557563880919",0.130044305183937,1,0.940570724860659
"SERPING1","P05155",0.00507895178592863,"2.29602851538254","0.855998862771549","816.038320011805","917.937226887936",0.142537177987099,1,-0.117667693325822
"MRPS7","Q9Y2R9",0.0473559719127651,"5.50503939572535","4.56284603775535","471.718353320735","306.612483823701",0.225053618899712,1,0.430797415836528
"DEK","P35659",0.0157680296949392,"2.5446758851223","0.955391709229625","2178.23290109009","423.709070603311",0.151707928645185,1,1.63722216575953
"RINT1","Q6NUQ1",0.246370613249189,"3.29656925037001","4.38179028757906","191.017357010692","144.051127550733",0.491595032676433,1,0.282196009323884
"LARP4B","Q92615",0.514517008336238,"3.86446364545565","3.51849189365469","65.6829134515353","130.036952431138",0.721190975167929,1,-0.682979837098767
"ZPR1","O75312",0.583510281392629,"4.44988096800102","4.26115819459078","44.6971982487694","97.7277484414648",0.762229398991942,1,-0.782274714868008
"AAMP","Q13685",0.486692118062962,"1.73817158036288","0.876281787567987","42.6991986514711","72.0949959778232",0.702636441049872,1,-0.523804484854647
"MRPS35","P82673",0.0789608319803653,"5.53016946729398","4.54347802011796","452.801079893724","394.587902984923",0.277969147319296,1,0.137610975090914
"TMEM63C","Q9P1W3",0.444825263433722,"1.69391960024247","0.991547989891353","122.385132306898","99.8803177115731",0.668577730281407,1,0.203200248280119
"YOD1","Q5VVQ6",0.442452894594366,"1.89042900711815","1.60048920730372","141.875229521801","79.6666800501557",0.667021131125645,1,0.577096574752194
"CPLX3","Q8WVH0",0.230752143338942,"5.32523414893549","4.32832916494429","143.477734312606","243.596211750049",0.479772164692217,1,-0.529332123030404
"PTPN12","Q05209",0.215090702116669,"5.62009568532779","1.1956987638545","9.93884230954722","55.5216020165431",0.460226683836419,1,-1.7203216245139
"AZGP1","P25311",0.092956132459219,"2.10102135225681","1.03166173993374","317.792682517541","260.42308232509",0.299559073047065,1,0.199091680197611
"GATB","O75879",0.142498814139247,"5.29705313673112","4.59838173030945","169.501586216099","103.574870150795",0.378228235401512,1,0.492567550694343
"FDFT1","P37268",0.0183219539598025,"5.57159386636998","4.01483075062604","145.015803069152","109.062542535514",0.152377583765691,1,0.284921220758651
"MRPS18B","Q9Y676",0.0499070639110597,"5.44479055048534","4.70858429815491","295.669603781651","132.058002127665",0.230434027496151,1,0.80600139133257
"ANP32B","Q92688",0.176112725718121,"2.19104736393031","1.35870943079685","337.839529029525","219.33715853246",0.410655374454871,1,0.431960933938303
"EDF1","O60869",0.453362000108321,"1.80771447066884","1.64103119613577","1026.88314709079","464.16337005768",0.675428299401747,1,0.794046841729702
"RPE","Q96AT9",0.572973367872296,"2.18290782835876","1.63166022038653","179.502953512505","199.356732398341",0.752157760432336,1,-0.104904183105374
"USP48","Q86UV5",0.563484468589768,"0.663891704754973","5.50565096714313","12.3235429119551","44.2132386145546",0.745832227655953,1,-1.27751276961781
"FAM102B","Q5T8I3",0.960824015667301,"5.37173911489629","5.26759806327339","78.5191703492064","74.290755215001",0.984499350755612,1,0.0553562843631824
"PSME3","P61289",0.839775441044755,"5.02452452047144","4.84304615460063","136.829508511845","102.66770120813",0.914836330295084,1,0.287238116466048
"CIRBP","Q14011",0.959485704125857,"4.69941070685458","4.79573667916205","902.404764742016","1030.36559214032",0.984499350755612,1,-0.132605801264133
"DSTYK","Q6XUX3",0.169113409738565,"5.85667534886115","1.94289791634252","48.0881656930081","68.0322577935339",0.409235304062058,1,-0.346945860658863
"GTPBP10","A4D1E9",0.368774408549644,"5.09886903471528","4.73699158664911","29.1293217429092","122.354029943959",0.612045912199825,1,-1.43517344027961
"TMX1","Q9H3N1",0.238361166387098,"2.24855243334753","1.60551348140268","296.913434426423","276.590165338392",0.487468123062139,1,0.0709037666790829
"TMEM106B","Q9NUM4",0.400446076814331,"5.54251519869746","6.198505062813","1234.10295879759","913.687282841852",0.637865629491984,1,0.300611264391403
"REEP1","Q9H902",0.823470695211644,"4.42440801502778","4.19488084596018","145.507417302804","182.205194025146",0.90961247244552,1,-0.224906428354207
"FAIM2","Q9BWQ8",0.901597207175278,"0.798908914426982","0.842279988653149","492.027136060897","386.767789806372",0.956580714076902,1,0.240709382964857
"UBLCP1","Q8WVY7",0.725252802307058,"5.16546952250093","5.01114359087696","446.428500432875","318.337987945355",0.860490497487551,1,0.338165580561224
"MRPL46","Q9H2W6",0.920774467328712,"4.4924422514952","4.59912897268161","150.932619753441","196.695144222995",0.967297808835847,1,-0.264821528455141
"CDC73","Q6P1J9",0.0304140874096526,"2.62188280063219","0.845089443325258","139.305759586818","58.2838377779237",0.180410958478336,1,0.871346396726074
"ORM2","P19652",0.155805875215529,"1.81461313524392","0.800355364267223","1982.48738458587","1701.826231418",0.396669039451781,1,0.152650382880139
"SESN1","Q9Y6P5",0.192480333859075,"1.63688559380773","0.786797074795546","137.02181350305","162.592127064452",0.43409388103104,1,-0.171104641100116
"LPIN2","Q92539",0.789648448404745,"4.74840469947263","4.85108365194574","33.1205432404052","50.607716920256",0.891480940619837,1,-0.423950341401973
"C18orf25","Q96B23",0.86285789509689,"2.32913335444391","2.37294262998167","58.0086818472243","44.8314903123374",0.929798843574698,1,0.25768188511173
"PNMA1","Q8ND90",0.51216835999294,"4.51217634107388","5.06085080245373","205.020931929968","222.178071616227",0.719921159539372,1,-0.080367103838551
"DTYMK","P23919",0.329919693577973,"2.40172568722899","1.84672938260431","29.8189099076656","196.344125460759",0.581731191149853,1,-1.88472610894094
"NPTX2","P47972",0.159418271506711,"5.67815207716965","4.17733127395181","173.742876547243","515.535775382187",0.398179722439814,1,-1.08763021511727
"TXNDC9","O14530",0.980681756494716,"4.03083126005262","3.88990359649754","97.9270737848164","90.6927013920253",0.994208270804074,1,0.0767461724892774
"LRRC4C","Q9HCJ2",0.829406162249923,"4.78921940158735","4.51725267288974","49.6479423078472","39.2241488814254",0.90961247244552,1,0.235664345668253
"MTPAP","Q9NVV4",0.938603997174254,"4.72602192860807","4.6322794626412","123.757536937926","101.555579719432",0.97757165749113,1,0.197718072087673
"FHL2","Q14192",0.608065028721461,"5.12292871195662","4.83903646589251","180.843976511259","117.631556555219",0.778011408543613,1,0.430077313775108
"ZBTB16","Q05516",0.0545129474578845,"4.25762756157253","0.690621481525861","25.1341376603781","63.4371898592307",0.232166747218118,1,-0.925823292069578
"SMAD4","Q13485",0.00600062484148997,"2.07514270350632","0.902025909922216","368.422491975082","204.155192128281",0.145112586885518,1,0.59034990530216
"PYCR2","Q96C36",0.0128587499584614,"5.45646560577818","4.38485793452172","120.10575314208","128.09850964326",0.151707928645185,1,-0.0644269436421066
"FKBP9","O95302",0.358567459088358,"5.38375687450149","5.17413605501569","238.578575441024","126.854058883929",0.60592030041345,1,0.631661429803521
"BMERB1","Q96MC5",0.715327638870417,"1.06528365469545","1.15955970746201","103.955053583392","187.325087335463",0.860490497487551,1,-0.588886913831372
"LRG1","P02750",0.480601484755822,"1.60797297324296","1.18911922848327","788.482209777957","912.675900761495",0.701228482143729,1,-0.146270990796383
"ART3","Q13508",0.525442433073214,"0.135026447455864","6.27538032355278","204.455133496414","102.851020046779",0.722369100024812,1,0.687067021446471
"CRHBP","P24387",0.363066472592428,"4.47319538691049","3.78475902317742","27.0574287822043","73.3278052792227",0.60592030041345,1,-0.996978273193848
"PAPSS2","O95340",0.188197959679588,"1.64776234202537","0.839500747289625","64.7177666432701","56.0803342147924",0.429760802757193,1,0.143250561854594
"CD14","P08571",0.732080621163823,"1.11157680971012","1.06533254893452","492.725704589935","340.241701597452",0.861316005410632,1,0.37029638696268
"MRPL19","P49406",0.595765499647537,"4.64464977538984","4.2362452114319","254.896576265553","194.623721251565",0.768183422026152,1,0.269789819801878
"FBXO44","Q9H4M3",0.982253862738294,"4.92268274060068","4.83727004874034","188.360842040032","190.629947288263",0.994208270804074,1,-0.0119746042711047
"ARHGAP17","Q68EM7",0.267325232733435,"1.89343015106","1.17611527488733","25.0777202416692","54.0209582746223",0.505183451736556,1,-0.767392275285237
"HIF1AN","Q9NWT6",0.590763000824507,"1.81979368603143","1.62583462812088","95.1403745966679","182.380241771488",0.763706573604738,1,-0.650740319834738
"MRPL9","Q9BYD2",0.390548609945409,"4.63609923799942","4.56553631514018","44.327175480197","177.034662224826",0.630691768164269,1,-1.3847476142166
"PNMA2","Q9UL42",0.524535499212166,"4.75704497769837","5.30780825473062","315.536474887173","283.8560666785",0.722369100024812,1,0.105806982863168
"SULT1A1","P50225",0.409429538223685,"0.396041284301639","5.97997239366824","648.190998982255","529.449048669094",0.640386742967378,1,0.202348469391164
"AFAP1","Q8N556",0.421191833073318,"4.86999799957184","4.40079370129894","64.3132012538125","45.2762274764747",0.643458683824975,1,0.350982802409068
"MRPS23","Q9Y3D9",0.215016616395602,"5.39159510984373","4.52310139642138","259.460645352916","249.259944062749",0.460226683836419,1,0.04010873144735
"NECTIN3","Q9NQS3",0.115561212909245,"6.05342836186654","3.86236870878579","13.9109717862994","55.8245589606937",0.335261890940193,1,-1.38953603138663
"TTYH3","Q9C0H2",0.0232722164819137,"5.42143961212693","4.18630586248597","332.549145842802","199.542681074791",0.163547596082856,1,0.510759502547056
"HSPB8","Q9UJY1",0.459155733638523,"1.98847607075169","1.22802251409408","396.617124405835","586.319135886288",0.67987748096624,1,-0.390892848643156
"PNKP","Q96T60",0.270308580388097,"5.4087868148253","4.90204140756173","69.1435343296332","45.1505992397946",0.505183451736556,1,0.426180999662842
"NUDT16L1","Q9BRJ7",0.264547830234098,"3.18094073049806","5.2098725097122","48.648556136102","56.5740693896717",0.505183451736556,1,-0.150928612648766
"MRPL45","Q9BRJ2",0.170439722991459,"5.21301861989191","4.36236534890686","246.080070772868","196.782669923487",0.409235304062058,1,0.223557052509467
"MRPL3","P09001",0.0174078533148029,"5.32295897869361","4.25556196769692","412.631891039396","215.15631276154",0.152377583765691,1,0.651191090458069
"MRPS2","Q9Y399",0.276697343643942,"5.20984021580062","4.3592987946842","237.734310172286","242.762674536983",0.51211789929101,1,-0.0209306118315214
"MOAP1","Q96BY2",0.683060690212936,"5.15964789868301","5.007423694256","139.210466200842","97.2076377654873",0.831334840039647,1,0.359137647084717
"CFDP1","Q9UEE9",0.433466729004623,"2.2018879313405","2.04956717191847","166.849634430633","88.6898980905838",0.657446497791206,1,0.631947019853123
"MRPS26","Q9BYN8",0.0329352104731797,"5.43268189191648","4.37543583757025","310.862402871068","180.703816586157",0.186248064427233,1,0.542491061284161
"DZIP3","Q86Y13",0.0174382645412298,"5.42064946287788","4.38155473821703","68.5110498851902","46.1089020905375",0.152377583765691,1,0.395989009174668
"LMF2","Q9BU23",0.448439452792268,"5.29388465168144","5.09397836182811","188.600984246502","115.951352907312",0.671985846676702,1,0.486462857227195
"SEC14L1","Q92503",0.0652647564781148,"5.07310747780632","3.69759496924693","22.8814808412941","26.3980445717438",0.254430574082651,1,-0.142962051655133
"TMEM63B","Q5T3F8",0.974984033881666,"4.24772871877397","4.1543481415431","126.723540116576","140.866779469672",0.990869720788088,1,-0.105806753090169
"ACVR1B","P36896",0.955437585006533,"0.857809085033241","0.748778143097812","35.2713320512762","40.9742530406902",0.984499350755612,1,-0.1498733840331
"TRAPPC1","Q9Y5R8",0.133435367404105,"2.12139312819899","3.76274405989503","57.6407237607516","93.8253049546951",0.365847518322244,1,-0.48720526764221
"KLHL42","Q9P2K6",0.0951931324932071,"5.81225657905768","5.11179198727928","101.402165503131","49.323795564183",0.302086368282497,1,0.720687813729414
"MRPL13","Q9BYD1",0.0220371178594852,"5.15596528596276","3.85563435367992","141.921248070949","87.7594181194559",0.157284684901821,1,0.480673127125828
"MRPL2","Q5T653",0.0181594118408182,"5.16248100749331","3.73579843041829","116.484519677329","116.974020484762",0.152377583765691,1,-0.0041934771323917
"SDF4","Q9BRK5",0.0889442349699908,"0.684261294749575","4.87072027109439","13.2067109503184","51.3115083102662",0.292305984532545,1,-1.3571899548259
"MRPS34","P82930",0.466159879874313,"5.0590926786438","4.40049428626666","212.271716447883","219.069333420311",0.687192563547753,1,-0.0315211352949473
"MRPL24","Q96A35",0.347496096208756,"4.84695477875381","4.17219338955091","184.751652903906","131.3072611052",0.596606097199618,1,0.341472425075475
"ABI3","Q9P2A4",0.240880936151194,"1.65377571308399","0.934286425654184","57.1779920267476","38.2074241997457",0.48820689170098,1,0.403139222063955
"CHCHD2","Q9Y6H1",0.814458610808417,"4.59279477816546","4.50185954615592","530.002482165168","375.515880753772",0.906522751191956,1,0.344580927268801
"XPR1","Q9UBH6",0.257845587922513,"4.55468540634112","2.29904856354479","4.28740765401038","17.7462487433179",0.504422564035863,1,-1.42049188134482
"LRFN4","Q6PJG9",0.422632275681112,"5.13581411145537","4.37224253320622","31.1861321804843","31.5000613184655",0.643458683824975,1,-0.0100159778380785
"GABRD","O14764",0.267450804969168,"3.12085438347116","4.02903859344619","185.797460824616","84.3060667211904",0.505183451736556,1,0.790203331842172
"CELF5","Q8N6W0",0.343792573547872,"5.49999340402137","4.78743624243017","54.4419839459154","53.9893547755139",0.596606097199618,1,0.00834872657302523
"C9orf78","Q9NZ63",0.0284242447163205,"2.15550882927924","1.88789226241931","113.572876712946","38.4071362819701",0.175107384116592,1,1.08420143344558
"OXA1L","Q15070",0.662856425879893,"4.33305568736613","4.53978634959278","155.182451449646","102.43455261914",0.814303482839343,1,0.415377447189058
"CELF6","Q96J87",0.103593238606644,"5.56837182233739","4.70516293389379","84.9710684626627","72.6072472361713",0.316176475025486,1,0.157246086485118
"NHP2","Q9NX24",0.416533336506661,"5.77694220147749","0.541844916783153","32.59575746139","41.2409221778006",0.643458683824975,1,-0.235248879462474
"BCL2L2","Q92843",0.857758581681285,"4.39657427384539","4.30346014008715","54.6031297427023","74.5598920222266",0.928463193620306,1,-0.311511519773566
"MRPL40","Q9NQ50",0.240646935435961,"4.90758918418135","3.91249440079338","46.4776181762547","104.735711714348",0.48820689170098,1,-0.812469278642625
"RNF114","Q9Y508",0.750299298278397,"2.09031031956425","1.80660222028838","73.0310659670553","91.373329541321",0.866665161668797,1,-0.224068724733857
"FAM107A","O95990",0.012243409874573,"2.24228230066552","0.741974722684753","554.259950489387","465.519625506725",0.151707928645185,1,0.174479545520056
"DDX28","Q9NUL7",0.602160700643279,"5.5105722948592","4.94808075727633","47.3757419994061","44.626092204633",0.774428323765454,1,0.059791610562392
"SST","P61278",0.737037944509699,"4.24960838343054","4.22001355233693","331.736594783942","492.946685420418",0.861316005410632,1,-0.396059760219635
"LRP8","Q14114",0.120926931188645,"5.08494455245787","4.38226529885067","8.47870539163718","26.5680690963034",0.348232252540933,1,-1.14215231273652
"RPL27A","P46776",0.0773964547389965,"5.00268976115933","3.82992510074104","182.770162942805","266.229767321157",0.277847704422728,1,-0.376130299569829
"VSTM2A","Q8TAG5",0.40743761655446,"0.273779467548981","1.16989919415112","217.9852435906","121.99694958352",0.639343932895206,1,0.580431329539749
"TPGS1","Q6ZTW0",0.353599400094916,"4.64289441255465","4.31089474594582","22.2030623563722","43.0968786270111",0.600156804923004,1,-0.663220349494486
"TMEM109","Q9BVC6",0.0496228917387409,"2.09942563451315","0.874306611640941","324.555167237494","213.632360966561",0.230434027496151,1,0.418198930326704
"MT1E","P04732",0.401382380081128,"1.53611416871902","0.638655861420259","938.940050670485","1615.07936106029",0.637865629491984,1,-0.542387741056079
"S100A11","P31949",0.492827488692272,"1.75084741533157","1.13936151739929","369.728932992842","574.942751832721",0.702636441049872,1,-0.441500350197698
"MT1X","P80297",0.195872798578849,"1.93368502781849","0.906757370106118","45.6072650273409","31.0015906783664",0.436341636119847,1,0.386028509231066
"TFB1M","Q8WVM0",0.096293329928497,"5.14993973559889","4.51626406750784","79.4691619931288","56.0918144853584",0.302086368282497,1,0.348379154419386
"CARTPT","Q16568",0.562619279628154,"0.454987296454933","0.700204958474284","206.345665463777","471.482196182768",0.745832227655953,1,-0.826328591179506
"MRPS10","P82664",0.275052226774799,"5.64435400650835","4.71912785652046","134.032267041936","163.687537337772",0.51211789929101,1,-0.199878780587949
"MRPS16","Q9Y3D3",0.0396715807176592,"5.27872071010461","4.57903375031871","325.195416925169","164.677103183054",0.204083698743422,1,0.680439678312729
"NRIP3","Q9NQ35",0.488303789470714,"3.17410583972935","3.90310338115298","24.2553805021904","43.3820060404074",0.702636441049872,1,-0.581406278617523
"RCAN2","Q14206",0.0282886921406156,"5.30028361925756","3.65641137918229","174.73255991147","118.263251555463",0.175107384116592,1,0.390343490925728
"MTO1","Q9Y2Z2",0.0833447941612465,"5.45404428673686","4.39619426453441","68.6926735302402","46.1317145171384",0.286821050251462,1,0.398141885195587
"SEC11C","Q9BY50",0.700733764581176,"4.74860499780701","4.74210024068776","219.381778516662","162.95431349326",0.846649270038757,1,0.297343616761942
"PANK1","Q8TE04",0.385815926772203,"5.72135383103213","4.53297850756317","11.0067932858826","22.2445658868443",0.625358266039227,1,-0.703585095355068
"RPL34","P49207",0.0262129685168846,"5.12043373984567","3.68723770672905","763.846298376729","455.20601198735",0.175107384116592,1,0.517616498713425
"MRPL53","Q96EL3",0.525490948515044,"4.49993787746228","3.93579323259292","142.144191343575","158.965708050964",0.722369100024812,1,-0.111846531928161
"CELF3","Q5SZQ8",0.0332185926533541,"6.00168948496817","4.0439061122499","24.3938693853292","69.2280517217187",0.186248064427233,1,-1.04307430615407
"PBX1","P40424",0.0361139096406431,"2.57309559056233","4.21963485178413","29.6181422171057","18.0015373285357",0.193772482910547,1,0.497929924925718
"BTBD10","Q9BSF8",0.0514171739060484,"5.94581010742875","2.42495762335033","12.1460875237355","24.3866223476847",0.231145673685749,1,-0.697027614086713
"TBPL1","P62380",0.848015022296098,"4.66765910629876","4.87056006819657","9.79294953048994","24.944347252422",0.919911948099463,1,-0.934984542404863
"CDK5R2","Q13319",0.916239797107765,"4.50218326869612","4.5241521234309","25.3602279916381","20.5533649014731",0.964564680921466,1,0.210157450033063
"SERPINF2","P08697",0.836485250903592,"1.72921823688746","1.42598011579723","99.8037117949417","99.0693818861189",0.914836330295084,1,0.00738494315743776
"MRPL28","Q13084",0.0443812047568096,"5.25548420593628","4.03241745498983","116.799005560127","85.0958814406829",0.219269516570772,1,0.316675918611432
"POLB","P06746",0.724306775272638,"1.26229963185212","5.04655865999905","26.075270793082","38.0349092711937",0.860490497487551,1,-0.377517017049082
"GRASP","Q7Z6J2",0.000911741578436547,"6.2801165633584","4.26116159545191","42.9322954282288","43.8406410307969",0.130044305183937,0.454959047639837,-0.0209369146841152
"APOA2","P02652",0.773892732651384,"3.85650130653114","3.64439691448509","760.771113951413","1138.27309791189",0.88368987092229,1,-0.402935023967935
"HMGN4","O00479",0.0643089247588173,"2.36787629067374","1.27138244908361","454.792084749406","242.5821311124",0.252737363664921,1,0.62850001988345
"CWC15","Q9P013",0.993680856114516,"1.04204565216386","1.1740822373516","32.0987810640909","33.2212284623822",0.997006785964196,1,-0.0343710267698392
"RHOF","Q9HBH0",0.552997693888399,"4.11445755812899","4.64277166392231","31.1768354302808","63.2721096849585",0.744712290792245,1,-0.70776926186
"GSTA4","O15217",0.31500856499206,"5.03850739584627","4.75865261288399","457.708320822914","252.276571382125",0.559392433918284,1,0.595706135960838
"ERAL1","O75616",0.152401912353795,"5.46986020397659","4.98740135877041","110.887349075369","59.072614330332",0.394033959919916,1,0.62974737427129
"CTSZ","Q9UBR2",0.0161534790537002,"2.02911946417537","0.369948248550429","413.329796570949","314.950447696359",0.152086529203706,1,0.271830495660334
"SEC61A1","P61619",0.263492473657562,"2.26221284273855","1.36753249108547","65.3020530699028","45.8814717123209",0.505183451736556,1,0.352962107195532
"LYRM7","Q5U5X0",0.746571962743673,"4.39257921573523","4.11186621600976","96.1235839575292","137.90115651623",0.866665161668797,1,-0.36090247493752
"DMAC2","Q9NW81",0.151626516876048,"5.05109570123317","4.3003110803525","111.822866455331","105.64962250536",0.394033959919916,1,0.0567878988318653
"RAB27A","P51159",0.260234126991932,"1.92360580827949","1.22790736799758","56.3424424499737","33.8065726474094",0.505183451736556,1,0.510792872869668
"RHBDD2","Q6NTF9",0.317555599841465,"5.18871025327136","4.94306700877421","212.432356497253","102.852284917628",0.56191576000316,1,0.725329783451373
"ANKRD54","Q6NXT1",0.383094469445721,"1.01685354719709","2.34631581098872","20.8691641049293","33.3838134308112",0.625358266039227,1,-0.469798486876671
"IL1RAP","Q9NPH3",0.0869901825620858,"4.87755568673834","1.01329222956378","15.3097175794911","43.5338269428479",0.29206163925097,1,-1.04505050406709
"C1QA","P02745",0.614204843795311,"1.26910522872499","0.811810501820236","352.010114583339","269.736705979319",0.78185769656597,1,0.26621358961902
"TUSC3","Q13454",0.253688995075717,"4.66381660889208","4.38914590818203","155.079652765277","77.604645809953",0.498389010010956,1,0.692311579649774
"PVR","P15151",0.805845995985469,"4.73888012505068","4.54124661835329","43.6369242308009","62.943196894446",0.901607964118271,1,-0.36632900509977
"MT1F","P04733",0.264813027755538,"1.30498360328179","0.363058144982685","141.202716205067","210.150770613839",0.505183451736556,1,-0.397628666960932
"CXorf56","Q9H5V9",0.652460799177562,"1.50433521125276","1.84994517591816","46.4158995897687","38.036501325202",0.805885987102979,1,0.199095804236827
"MRPL41","Q8IXM3",0.722306453434328,"4.12384640197257","4.26651867490188","86.0983783713787","145.505297598117",0.860490497487551,1,-0.524721918547939
"KCNIP3","Q9Y2W7",0.993623260606507,"4.22092659043742","4.14991072144376","16.4834060376591","16.5401592011542",0.997006785964196,1,-0.00343713460116504
"DNASE2","O00115",0.0996075469516707,"2.10381633777736","0.136735630725901","63.8738693139032","115.131722553757",0.306815839067183,1,-0.589166539565007
"SCD","O00767",0.0519484799051763,"5.78269275781984","4.34283943664872","129.916034812552","135.499223039793",0.231449031006098,1,-0.0420775505556157
"C1orf122","Q6ZSJ8",0.383801986444972,"2.8095471674857","2.02186623856785","19.2898248488438","46.5277334475899",0.625358266039227,1,-0.880470806052019
"N6AMT1","Q9Y5N5",0.174674426698135,"4.32565383720244","5.48221632955323","26.2380178211699","35.9242656057482",0.410280393426942,1,-0.314203568456603
"RPL36A","P83881",0.219938664790255,"4.81080512468796","3.41348245779469","154.202116860898","175.869111501531",0.465039803942107,1,-0.131475844660763
"ZMAT2","Q96NC0",0.0698411696609083,"2.5554379402384","1.65295244568563","178.500185392641","85.6378221759373",0.260080176573084,1,0.734462606421975
"TLCD4","Q96MV1",0.643218498429674,"0.675896028037935","1.10242006139835","98.475573447807","79.4293818710643",0.805885987102979,1,0.214940183567258
"DPH1","Q9BZG8",0.247275256917404,"5.88331446192856","5.39356154451401","102.51722463105","29.4642834800452",0.491595032676433,1,1.24685202931072
"CDC34","P49427",0.00843313611698227,"6.01748880109198","3.7102055056483","158.405699533876","121.823250202804",0.151707928645185,1,0.262588235215279
"CRP","P02741",0.104547331421253,"1.78103660411543","0.937882795939546","1418.81794277808","983.111693136493",0.316176475025486,1,0.366856630816119
"AMD1","P17707",0.781303777188666,"1.72943304612481","1.77196818800608","82.6339572575739","60.3837608621328",0.88468746195544,1,0.313700491966741
"GPATCH11","Q8N954",0.0307313255925021,"2.36368022994023","1.33974537068086","64.3326361084894","30.2850847795053",0.180410958478336,1,0.753411722667869
"BIN2","Q9UBW5",0.891927181245617,"1.23840064537223","1.3784927424906","17.032750762274","22.691033237067",0.952067760518818,1,-0.28683182873357
"ENY2","Q9NPA8",0.107902228856824,"2.51416197515633","4.79004108022385","52.9789261739131","48.9773439076793",0.318598888754764,1,0.0785363931664747
"TMEM63A","O94886",0.13805036971321,"5.59064138743335","3.47072823854814","3.52863533726176","45.947873088151",0.373312876575264,1,-2.56659635401457
"DAP","P51397",0.954590541349137,"0.432831451911078","0.792640234522137","115.617406342125","106.682171741858",0.984499350755612,1,0.0804324621551525
"DDA1","Q9BW61",0.76602030179857,"5.53163798771063","4.9535498385506","62.4158937151947","61.152373649939",0.878722139304566,1,0.0204512716946852
"SNX10","Q9Y5X0",0.0678545963127656,"5.55208833706528","4.34913318858368","61.7542602766706","47.2796172305717",0.258469034809695,1,0.267083688197991
"VPS37C","A5D8V6",0.0153749411071905,"2.3390126943992","4.24405457627946","35.9569527061739","22.0683208383375",0.151707928645185,1,0.488179330877326
"NMNAT2","Q9BZQ4",0.300752094151202,"5.76055836053457","4.68963012146946","32.0077923387844","18.8762492579025",0.542871548112142,1,0.528074904948807
"TMEM240","Q5SV17",0.200390326613456,"4.86841824937768","3.65618486580005","40.1510434976107","42.7207781109556",0.444421213244953,1,-0.0620369786609373
"CLDN5","O00501",0.203056953385947,"2.22378766209191","1.15384571904575","69.1571071735227","67.744818580868",0.446367487839593,1,0.0206328535873877
"TIMM8B","Q9Y5J9",0.215817723482409,"3.43388754863567","4.71589591246726","78.5889585894996","130.522845848897",0.460226683836419,1,-0.507317061810136
"CHKA","P35790",0.170780037316302,"2.13154642822714","1.26463701398573","41.9635489474404","31.5845239393784",0.409235304062058,1,0.284134107378838
"LYRM2","Q9NU23",0.871206527585454,"4.08510183387567","4.19911944496001","44.7637482233028","59.6487136946094",0.934907650032562,1,-0.287073963692302
"C11orf96","Q7Z7L8",0.104255809645851,"0.190760885350865","2.26145729373673","40.9560561025884","47.5093195969715",0.316176475025486,1,-0.148426204299494
"ZFP36L1","Q07352",0.400027345725433,"0.743917101452235","1.65502904176476","33.5135041170778","46.560332853688",0.637865629491984,1,-0.328800486739743
"PTRH1","Q86Y79",0.0301534587861339,"5.4668128334268","4.01636521653591","82.5783161633673","13.1506549873501",0.180410958478336,1,1.83727556357422
"MYD88","Q99836",0.571065586278634,"2.17489138311404","1.62193286674267","26.4451111365617","25.4352426963811",0.752157760432336,1,0.0389355870072612
"MRPL57","Q9BQC6",0.385992677234633,"4.16798052974679","3.99838024402006","30.0826735557806","89.1431750563383",0.625358266039227,1,-1.08629440900431
"DNAL4","O96015",0.00158608652539039,"5.67849467365041","4.47478443358909","75.7413246649891","42.5140375780788",0.130044305183937,0.791457176169805,0.577489594606692
"SPRED3","Q2MJR0",0.78143766850274,"4.7981852127604","4.36322919747493","21.127090440613","16.2759556473277",0.88468746195544,1,0.260867219015533
"PNMA8C","A0A1B0GUJ8",0.720390660939425,"4.05228976182464","4.7727298095155","12.2098755537417","23.9301775716744",0.860490497487551,1,-0.672895226443607
"TAFA5","Q7Z5A7",0.626725700137561,"5.15671415317272","4.68221373118475","56.9718481962181","53.7240897971906",0.789737687799603,1,0.0586957540362967
"ZNF706","Q9Y5V0",0.560795349069794,"2.34351309718194","2.18014463057606","84.3989346214588","48.5592907138691",0.745832227655953,1,0.552769238295726
"RNF5","Q99942",0.940577164126811,"4.60526116683128","4.77386823241756","24.6474451045834","22.1419367338473",0.97757165749113,1,0.107199848102608
"MGST2","Q99735",0.454908127633534,"1.68919887734119","0.91405751917973","26.3800199934496","28.2181684764939",0.675592725265278,1,-0.0673591375152336
"LRIG3","Q6UXM1",0.05091034030652,"5.36886603998206","1.0897699151951","112.873151984756","46.4821440357914",0.230947816481395,1,0.887196399758614
"ANKRD20A3","Q5VUR7",0.501386290402809,"4.88675067416123","4.97894638425746","199.875762346236","578.184499244467",0.706756381104525,1,-1.06219703532124
