"CHEM_ID","SUPER_PATHWAY","SUB_PATHWAY","CHEMICAL_NAME","SHORT_NAME","CHEMSPIDER","HMDB","PUBCHEM","KEGG","p_val","acrophase_AD","acrophase_CTL","amplitude_AD","amplitude_CTL","BHQ","Bonf","Log_AD_CTL_ampRatio"
"100000007","Lipid","Carnitine Metabolism","carnitine","carnitine",10455,"HMDB0000062",288,"C00487,C00308",0.824204081688094,"1.54428340119424","1.36416611978266","0.164430395442272","0.129952745788984",0.99148727567608,1,0.235316462206248
"100000042","Amino Acid","Histidine Metabolism","3-methylhistidine","3-methylhistidine",58494,"HMDB0000479",64969,"C01152",0.0124449505460133,"3.66781429476748","4.61750109471194","0.661444803588765","0.106351814754049",0.655281249632698,1,1.82767393330822
"100000125","Nucleotide","Pyrimidine Metabolism, Cytidine containing","2'-deoxycytidine","2'-deoxycytidine",13117,"HMDB0000014",13711,"C00881",0.290030833426651,"4.16792750359169","4.46929733735296","0.33445782511049","0.194113364313821",0.96669731103086,1,0.544068447713193
"100000265","Amino Acid","Tryptophan Metabolism","kynurenine","kynurenine",141580,"HMDB0000684",161166,"C00328",0.0943895369046669,"1.48992755738814","1.01784016535115","0.380864590924347","0.247441353342973",0.918544659239966,1,0.431270309817367
"100000269","Lipid","Phospholipid Metabolism","glycerophosphorylcholine (GPC)","glycerophosphorylcholine (GPC)",571409,"HMDB0000086",71920,"C00670",0.498884214081344,"1.59760365066986","1.71729170692243","0.220431996696169","0.150823263278201",0.96669731103086,1,0.379480532867581
"100000272","Amino Acid","Glycine, Serine and Threonine Metabolism","allo-threonine","allo-threonine",89699,"HMDB0004041",99289,"C05519",0.279823715014612,"1.3242896566889","1.09494004040529","0.0727736738045264","0.178198097607857",0.96669731103086,1,-0.895541573141599
"100000467","Amino Acid","Tryptophan Metabolism","3-indoxyl sulfate","3-indoxyl sulfate",9840,"HMDB0000682",10258,NA,0.571581340095593,"1.67236663892845","1.94951337243045","0.468221933551487","0.308486486556768",0.96669731103086,1,0.417264361822406
"100000776","Lipid","Fatty Acid Metabolism (Acyl Carnitine, Long Chain Saturated)","palmitoylcarnitine (C16)","palmitoylcarnitine (C16)",448,"HMDB0000222",461,"C02990",0.9331776318337,"1.484828006598","1.36451866748889","0.187285019963393","0.197567375135141",0.99148727567608,1,-0.0534480386787149
"100000802","Lipid","Fatty Acid Metabolism (Acyl Carnitine, Short Chain)","acetylcarnitine (C2)","acetylcarnitine (C2)",5406074,"HMDB0000201",7045767,"C02571",0.44980280562969,"1.36327767020732","0.849321345986176","0.100218285175301","0.128894465890075",0.96669731103086,1,-0.251643316883339
"100000961","Amino Acid","Urea cycle; Arginine and Proline Metabolism","homoarginine","homoarginine",8732,"HMDB0000670",9085,"C01924",0.763601025446163,"4.45028035770325","4.70143548528109","0.174577225938412","0.260039918414024",0.99148727567608,1,-0.398467952327616
"100001051","Amino Acid","Histidine Metabolism","1-methylhistidine","1-methylhistidine",83153,"HMDB0000001",92105,"C01152",0.776412778902985,"1.50825143081444","1.26724985368998","0.267012387050039","0.331161059297975",0.99148727567608,1,-0.215309790245317
"100001054","Lipid","Fatty Acid Metabolism (also BCAA Metabolism)","butyrylcarnitine (C4)","butyrylcarnitine (C4)",184820,"HMDB0002013",439829,"C02862",0.977148204528173,"1.14536856809485","1.08108366317627","0.169703680598444","0.153356193449003",0.99148727567608,1,0.101290583445059
"100001055","Amino Acid","Leucine, Isoleucine and Valine Metabolism","isobutyrylcarnitine (C4)","isobutyrylcarnitine (C4)",NA,"HMDB0000736",168379,NA,0.651176586641682,"1.47302467870898","1.09946416963476","0.26595191137929","0.268492134895014",0.96669731103086,1,-0.00950611261401193
"100001092","Cofactors and Vitamins","Nicotinate and Nicotinamide Metabolism","trigonelline (N'-methylnicotinate)","trigonelline (N'-methylnicotinate)",5369,"HMDB0000875",5570,"C01004",0.595496935019934,"4.41685004755887","4.86348026608835","0.562124730911474","0.524666562965082",0.96669731103086,1,0.0689608237351247
"100001112","Lipid","Fatty Acid, Monohydroxy","3-hydroxylaurate","3-hydroxylaurate",85026,"HMDB0000387",94216,NA,0.396709242962341,"1.33098696842405","1.20815400758042","0.0464315334306157","0.118946822687093",0.96669731103086,1,-0.94069769685391
"100001162","Lipid","Fatty Acid Metabolism (also BCAA Metabolism)","propionylcarnitine (C3)","propionylcarnitine (C3)",96904,"HMDB0000824",107738,"C03017",0.85727486563999,"1.5986690646005","1.34159669887884","0.107825491942061","0.123583742729551",0.99148727567608,1,-0.136404900122897
"100001170","Amino Acid","Leucine, Isoleucine and Valine Metabolism","3-hydroxy-2-ethylpropionate","3-hydroxy-2-ethylpropionate",164207,"HMDB0000396",188979,NA,0.473797857748996,"1.22055462192002","1.63400334760678","0.17873668791475","0.112923411598725",0.96669731103086,1,0.459203890139195
"100001208","Amino Acid","Histidine Metabolism","1-methyl-4-imidazoleacetate","1-methyl-4-imidazoleacetate",68319,"HMDB0002820",75810,"C05828",0.633694070964218,"4.41645707891039","4.56230848531062","0.320696642488267","0.259639897863286",0.96669731103086,1,0.211199974534785
"100001253","Amino Acid","Glutamate Metabolism","N-acetylglutamine","N-acetylglutamine",158492,"HMDB0006029",182230,"C02716",0.344017177601464,"1.66604634789147","0.865122804883068","0.119799101680161","0.079813919011128",0.96669731103086,1,0.406118274213019
"100001256","Amino Acid","Phenylalanine Metabolism","N-acetylphenylalanine","N-acetylphenylalanine",67404,"HMDB0000512",74839,"C03519",0.129303837748612,"1.67227936502906","0.847065620161662","0.140607164647115","0.0544383729278037",0.918544659239966,1,0.948900645841801
"100001270","Lipid","Fatty Acid Metabolism (Acyl Carnitine, Long Chain Saturated)","myristoylcarnitine (C14)","myristoylcarnitine (C14)",4932274,"HMDB000506",6426854,NA,0.719163062635476,"1.48403717860073","1.17958360945802","0.220355195001794","0.222919321282648",0.990972724104002,1,-0.0115691508817628
"100001293","Amino Acid","Histidine Metabolism","N-acetylhistidine","N-acetylhistidine",68142,"HMDB0032055",75619,"C02997",0.476594166776003,"5.19214403217497","4.72844088783127","0.306773458468269","0.277973845076054",0.96669731103086,1,0.0985825280868347
"100001300","Amino Acid","Leucine, Isoleucine and Valine Metabolism","alpha-hydroxyisovalerate","alpha-hydroxyisovalerate",90190,"HMDB0000407",99823,NA,0.329656513187733,"1.67024340304272","1.10303843411753","0.333394068244127","0.23420243191344",0.96669731103086,1,0.353139343422102
"100001310","Cofactors and Vitamins","Nicotinate and Nicotinamide Metabolism","nicotinamide riboside","nicotinamide riboside",NA,"HMDB0000855",439924,"C03150",0.889743684016963,"4.58898487151198","4.58499961784632","0.170937160717639","0.136901282161117",0.99148727567608,1,0.22203590985443
"100001311","Amino Acid","Glutathione Metabolism","ophthalmate","ophthalmate",7993181,"HMDB0005765",7018721,NA,0.673926125404371,"1.43443125813319","1.1071646822763","0.247191173844333","0.290328446254407",0.96669731103086,1,-0.160850834961398
"100001315","Xenobiotics","Benzoate Metabolism","p-cresol sulfate","p-cresol sulfate",3806480,"HMDB0011635",4615423,NA,0.824914201233728,"1.48764669239746","1.7231158278772","0.292868143862124","0.24038753826522",0.99148727567608,1,0.197470122960511
"100001320","Carbohydrate","Aminosugar Metabolism","erythronate*","erythronate*",2061231,"HMDB0000613",2781043,NA,0.39303340944622,"2.27328965999713","1.57361186969204","0.0457855727365839","0.0663785132716358",0.96669731103086,1,-0.371404373063477
"100001391","Lipid","Fatty Acid Metabolism (Acyl Carnitine, Long Chain Saturated)","stearoylcarnitine (C18)","stearoylcarnitine (C18)",21233653,"HMDB0000848",3006797,NA,0.920001925622125,"1.41473618945047","1.38538559993787","0.150878348426351","0.175407169922801",0.99148727567608,1,-0.150636084103268
"100001392","Lipid","Fatty Acid Metabolism (Acyl Carnitine, Medium Chain)","laurylcarnitine (C12)","laurylcarnitine (C12)",8602997,"HMDB000225",168381,NA,0.823833340144368,"1.43397551454686","1.17750954408017","0.221106266339651","0.215549948960892",0.99148727567608,1,0.0254507647079189
"100001409","Nucleotide","Purine Metabolism, (Hypo)Xanthine/Inosine containing","N1-methylinosine","N1-methylinosine",513976,"HMDB0002721",650095,NA,0.934440163715613,"1.8179563416944","1.73955214190988","0.195282669028779","0.172411313162249",0.99148727567608,1,0.124565116025595
"100001412","Nucleotide","Purine Metabolism, Guanine containing","N2,N2-dimethylguanosine","N2,N2-dimethylguanosine",83878,"HMDB0004824",135501639,NA,0.878295842552681,"1.69624048357134","1.56363048166658","0.230531264747485","0.196421924424734",0.99148727567608,1,0.16012147087578
"100001417","Peptide","Acetylated Peptides","phenylacetylglutamine","phenylacetylglutamine",270643,"HMDB0006344",92258,"C04148",0.827366817111165,"1.52151128742892","1.62093099200011","0.532453841194543","0.425403384211295",0.99148727567608,1,0.224458352526439
"100001425","Nucleotide","Pyrimidine Metabolism, Uracil containing","5,6-dihydrouridine","5,6-dihydrouridine",85115,"HMDB0000497",94312,NA,0.965542603071888,"1.55876306855611","1.48481793331475","0.221443966007949","0.234892266075767",0.99148727567608,1,-0.0589573844484422
"100001437","Amino Acid","Glutathione Metabolism","cysteine-glutathione disulfide","cysteine-glutathione disulfide",3455404,"HMDB0000656",3080690,"R00900",0.62198216296516,"0.147583840305297","0.660097655884332","0.112448021493771","0.14869064515567",0.96669731103086,1,-0.279376856922143
"100001468","Cofactors and Vitamins","Nicotinate and Nicotinamide Metabolism","N1-Methyl-2-pyridone-5-carboxamide","N1-Methyl-2-pyridone-5-carboxamide",62899,"HMDB0004193",69698,"C05842",0.9826211922587,"1.4141316990074","1.34064723621332","0.328137586973961","0.34296254671427",0.99148727567608,1,-0.0441882550393195
"100001501","Lipid","Fatty Acid Metabolism (Acyl Carnitine, Monounsaturated)","oleoylcarnitine (C18:1)","oleoylcarnitine (C18:1)",21403150,"HMDB0005065",6441392,NA,0.524125220298491,"1.59989646985426","1.18342202325827","0.233901359957595","0.223462345919713",0.96669731103086,1,0.0456565626145331
"100001509","Amino Acid","Leucine, Isoleucine and Valine Metabolism","2-methylbutyrylcarnitine (C5)","2-methylbutyrylcarnitine (C5)",4932320,"HMDB0000378",6426901,NA,0.74709998199825,"1.48045957718183","1.21788310703423","0.209741436427805","0.250638467043813",0.99148727567608,1,-0.178136013463427
"100001540","Partially Characterized Molecules","Partially Characterized Molecules","glutamine_degradant*","glutamine_degradant*",NA,NA,NA,NA,0.132667463851886,"1.31167099239593","1.33460276380719","0.190602012139263","0.0872936725369293",0.918544659239966,1,0.780909567345921
"100001593","Amino Acid","Lysine Metabolism","glutarylcarnitine (C5-DC)","glutarylcarnitine (C5-DC)",21403175,"HMDB0013130",71317118,NA,0.813268400412389,"1.39796414711395","1.41960971179698","0.133520476416741","0.182536612094724",0.99148727567608,1,-0.312695919642481
"100001594","Amino Acid","Leucine, Isoleucine and Valine Metabolism","beta-hydroxyisovaleroylcarnitine","beta-hydroxyisovaleroylcarnitine",21403176,NA,NA,NA,0.485978120438833,"1.06384488830617","1.2534816019116","0.180100334365259","0.127386753877659",0.96669731103086,1,0.346286343703847
"100001597","Amino Acid","Leucine, Isoleucine and Valine Metabolism","tiglylcarnitine (C5:1-DC)","tiglyl carnitine (C5)",17216200,"HMDB0002366",22833596,NA,0.471486163059687,"1.14071256633356","0.580208403947638","0.138170610645321","0.198156907941072",0.96669731103086,1,-0.360569950628734
"100001620","Lipid","Phospholipid Metabolism","glycerophosphoethanolamine","glycerophosphoethanolamine",110410,"HMDB0000114",123874,"C01233",0.893524327078966,"1.40284580099144","1.57026394810168","0.110104115289877","0.107282255227634",0.99148727567608,1,0.0259631601407822
"100001734","Amino Acid","Lysine Metabolism","N6-acetyllysine","N6-acetyllysine",83801,"HMDB0000206",92832,"C02727",0.0780817913025137,"0.917497655066167","1.05991926235342","0.174406202813381","0.0423702231736629",0.918544659239966,1,1.41494124555168
"100001740","Carbohydrate","Fructose, Mannose and Galactose Metabolism","mannitol/sorbitol","mannitol/sorbitol",440,"HMDB0000247,HMDB0000765",57806251,"C00392,C00794",0.170045699607223,"0.904013894638124","1.51184924064544","0.146734575263046","0.127451688378224",0.96669731103086,1,0.140887966132235
"100001810","Amino Acid","Urea cycle; Arginine and Proline Metabolism","dimethylarginine (SDMA + ADMA)","dimethylarginine (ADMA + SDMA)",110375,"HMDB0003334,HMDB0001539",123831169148,"C21189,C03626",0.894270856342288,"1.23586723525725","1.42510435976484","0.186220561922375","0.176645879817667",0.99148727567608,1,0.052784738428781
"100002102","Nucleotide","Pyrimidine Metabolism, Uracil containing","N-acetyl-beta-alanine","N-acetyl-beta-alanine",68881,"HMDB0061880",76406,"C01073",0.358261976863342,"1.18642553290908","1.31297490025996","0.0713469878504701","0.162075422303143",0.96669731103086,1,-0.820506670160792
"100002204","Amino Acid","Histidine Metabolism","N-acetyl-3-methylhistidine*","N-acetyl-3-methylhistidine*",19993498,NA,193270,NA,0.0940397903980087,"4.25524922444653","4.69088146633826","0.737190508139217","0.343850025945705",0.918544659239966,1,0.762640758933251
"100002284","Lipid","Fatty Acid, Dihydroxy","2S,3R-dihydroxybutyrate","2S,3R-dihydroxybutyrate",9139682,"HMDB0002453",10964471,NA,0.78118596975435,"1.37860585317648","1.18015754237837","0.312068778832437","0.298146255221442",0.99148727567608,1,0.0456394530494095
"100002285","Lipid","Fatty Acid, Dihydroxy","2,4-dihydroxybutyrate","2,4-dihydroxybutyrate",167259,"HMDB0000360",192742,NA,0.829358717710472,"1.70576043419305","1.4326616823118","0.160249537681779","0.141347241644448",0.99148727567608,1,0.125512641231747
"100002458","Amino Acid","Leucine, Isoleucine and Valine Metabolism","3-methylglutaconate","3-methylglutaconate",1267861,"HMDB0000522",1551553,NA,0.432465221356388,"1.79044445856182","1.48956849512871","0.14891517482473","0.184914357027074",0.96669731103086,1,-0.216515935545684
"100002528","Xenobiotics","Chemical","sulfate*","sulfate*",1086,"HMDB01448",5152822,"C00059",0.673429039146725,"1.65311758756891","1.40862133597838","0.164171029473462","0.129717219714641",0.96669731103086,1,0.235551898828131
"100002668","Xenobiotics","Drug - Other","N-carbamoylglutamate","N-carbamoylglutamate",108351,"HMDB0062795",3679006,"C05829",0.516611525840815,"0.809782308810016","1.04885601841966","0.0774487146809913","0.157144331995365",0.96669731103086,1,-0.707548723855141
"100003001","Lipid","Lysoplasmalogen","1-(1-enyl-stearoyl)-GPE (P-18:0)*","1-(1-enyl-stearoyl)-GPE (P-18:0)*",NA,NA,NA,NA,0.0383080252639072,"0.242992405851918","1.70073444723839","0.0720331147405457","0.0535566057161652",0.733241002352975,1,0.296386794903902
"100003151","Lipid","Fatty Acid Metabolism (Acyl Carnitine, Polyunsaturated)","linoleoylcarnitine (C18:2)*","linoleoylcarnitine (C18:2)*",4952667,"HMDB0006469",6450015,NA,0.564188452099284,"1.55393314668027","1.10267755921891","0.273516114998792","0.2506113330123",0.96669731103086,1,0.0874572765590342
"100003588","Peptide","Dipeptide","phenylalanylglycine","phenylalanylglycine",88678,"HMDB0028995",6992304,NA,0.99148727567608,"1.00687499764511","0.933452972675444","0.258133939516158","0.250386512129794",0.99148727567608,1,0.0304728231449174
"100003598","Peptide","Dipeptide","tyrosylglycine","tyrosylglycine",227627,"HMDB0029105",7021854,NA,0.980462410929893,"1.10693783905913","1.18660883152543","0.183269137571623","0.172019432030618",0.99148727567608,1,0.0633483221840572
"100003695","Xenobiotics","Food Component/Plant","mannonate*","mannonate*",2496757,NA,3246006,NA,0.0118976724128121,"0.784005729879884","2.06193490510472","0.202679754522575","0.167798576452407",0.655281249632698,1,0.18886285904934
"100003823","Xenobiotics","Food Component/Plant","3-hydroxyindolin-2-one","3-hydroxyindolin-2-one",5872,NA,6097,"C11130",0.542629868828322,"1.30786795061707","1.83100319188593","0.243356703497009","0.229446316933642",0.96669731103086,1,0.0588591936356604
"100003892","Amino Acid","Methionine, Cysteine, SAM and Taurine Metabolism","lanthionine","lanthionine",88959,NA,98504,NA,0.909259718630021,"1.3200871790321","1.10909514499656","0.106908553735328","0.0949156592265674",0.99148727567608,1,0.118985131403308
"100003926","Lipid","Fatty Acid Metabolism (Acyl Carnitine, Hydroxy)","(R)-3-hydroxybutyrylcarnitine","(R)-3-hydroxybutyrylcarnitine",NA,"HMDB0013127",53481617,NA,0.716863085909655,"0.616597151636652","1.02320955521567","0.189829450401929","0.191470806464554",0.990972724104002,1,-0.00860931075285472
"100004054","Lipid","Fatty Acid Metabolism (Acyl Carnitine, Long Chain Saturated)","margaroylcarnitine (C17)*","margaroylcarnitine (C17)*",35015987,"HMDB0006210",53477803,NA,0.967210400653063,"1.26744331752868","1.36101148874249","0.207740349749889","0.226908730785062",0.99148727567608,1,-0.088258888212033
"100004290","Amino Acid","Tyrosine Metabolism","o-Tyrosine","o-Tyrosine",82607,"HMDB0006050",91482,NA,0.658020147802187,"1.28523273861101","1.03864374070013","0.0988465457565016","0.0648640974026348",0.96669731103086,1,0.421274332799254
"100004396","Lipid","Fatty Acid, Dicarboxylate","3-hydroxyadipate","3-hydroxyadipate",133894,"HMDB0000345",151913,NA,0.617103443366839,"1.15265672518738","1.62875247012676","0.298962792141724","0.333808580331413",0.96669731103086,1,-0.110248591254911
"100004541","Amino Acid","Polyamine Metabolism","acisoga","acisoga",114601,"HMDB0061384",129397,NA,0.38117242059272,"1.63677277047281","1.33481429357177","0.449091018447266","0.346324090139839",0.96669731103086,1,0.259850567535046
"100006051","Lipid","Fatty Acid Metabolism (Acyl Carnitine, Monounsaturated)","myristoleoylcarnitine (C14:1)*","myristoleoylcarnitine (C14:1)*",34999520,"HMDB0240588",129691961,NA,0.206111330582073,"1.64598567454916","0.937450027874344","0.286476010589588","0.233580285895528",0.96669731103086,1,0.204128945155118
"100006292","Lipid","Sphingomyelins","sphingomyelin (d18:1/20:1, d18:2/20:0)*","sphingomyelin (d18:1/20:1, d18:2/20:0)*",NA,NA,NA,NA,0.0208386835589251,"4.79502728836637","2.66148584312807","0.0450508990299891","0.0576312743229198",0.655281249632698,1,-0.246272437223373
"100006435","Carbohydrate","Aminosugar Metabolism","N-acetylglucosamine/N-acetylgalactosamine","N-acetylglucosamine/N-acetylgalactosamine",NA,"HMDB0000212,HMDB0000215",43917484265,"C01074",0.820410551423201,"5.01839620968166","4.80103136450566","0.137522080685919","0.138611835631536",0.99148727567608,1,-0.00789298625622628
"100008919","Lipid","Plasmalogen","1-(1-enyl-stearoyl)-2-oleoyl-GPE (P-18:0/18:1)","1-(1-enyl-stearoyl)-2-oleoyl-GPE (P-18:0/18:1)",24769260,"HMDB0011375",42607457,NA,0.108793258593075,"1.05307448864666","2.27638247895577","0.144067508205127","0.160024088402741",0.918544659239966,1,-0.105042359718675
"100008928","Amino Acid","Glutathione Metabolism","2-hydroxybutyrate/2-hydroxyisobutyrate","2-hydroxybutyrate/2-hydroxyisobutyrate",NA,"HMDB0000729,HMDB00008",4408644277439,"C21297,C05984",0.567627734020567,"1.41376496722708","1.04434637113784","0.240914120145659","0.21621424397954",0.96669731103086,1,0.108170735658796
"100008929","Energy","TCA Cycle","2-methylcitrate/homocitrate","2-methylcitrate/homocitrate",NA,"HMDB0003518,HMDB0000379",439459515,"C01251",0.454108429276224,"1.48459723821502","1.63487875905651","0.0555134185979766","0.129231783447454",0.96669731103086,1,-0.844982794941
"100008990","Lipid","Phosphatidylethanolamine (PE)","1-palmitoyl-2-arachidonoyl-GPE (16:0/20:4)*","1-palmitoyl-2-arachidonoyl-GPE (16:0/20:4)*",7825750,"HMDB0005323",9546800,"C05210",0.118550852555369,"4.7966055351259","3.81183818863625","0.0593293313705782","0.0269952820166219",0.918544659239966,1,0.787441699928343
"100008993","Lipid","Phosphatidylinositol (PI)","1-palmitoyl-2-arachidonoyl-GPI (16:0/20:4)*","1-palmitoyl-2-arachidonoyl-GPI (16:0/20:4)*",24767674,"HMDB0009789",NA,NA,0.064132709253089,"4.58920475124599","3.68296605030203","0.0641569452860588","0.0352462680727855",0.918544659239966,1,0.598972698168654
"100008998","Cofactors and Vitamins","Tocopherol Metabolism","gamma-tocopherol/beta-tocopherol","gamma-tocopherol/beta-tocopherol",NA,"HMDB0006335,HMDB0001492",NA,"C14152,C02483",0.0385512775981232,"4.76220233994301","0.0147061137555505","0.242932340137201","0.256091133776975",0.733241002352975,1,-0.0527504035252291
"100009075","Lipid","Phosphatidylcholine (PC)","1-palmitoleoyl-2-linoleoyl-GPC (16:1/18:2)*","1-palmitoleoyl-2-linoleoyl-GPC (16:1/18:2)*",24766675,"HMDB0008006",24778768,NA,0.650488488790477,"0.851959486974828","1.226732707857","0.105939646572113","0.154571538769856",0.96669731103086,1,-0.377787463282587
"100009078","Lipid","Phosphatidylethanolamine (PE)","1-oleoyl-2-linoleoyl-GPE (18:1/18:2)*","1-oleoyl-2-linoleoyl-GPE (18:1/18:2)*",7825703,"HMDB0005349",9546753,NA,0.354855220030707,"0.523802544524805","1.20796110083969","0.148132551021712","0.111282422516711",0.96669731103086,1,0.286036171012962
"100009131","Lipid","Phosphatidylcholine (PC)","1-linoleoyl-2-arachidonoyl-GPC (18:2/20:4n6)*","1-linoleoyl-2-arachidonoyl-GPC (18:2/20:4n6)*",24766809,"HMDB0008147",24778979,"C05208",0.208350325092158,"0.144841643327892","1.28719501575422","0.0921025167202318","0.087020452713663",0.96669731103086,1,0.056759089152118
"100009232","Xenobiotics","Chemical","thioproline","thioproline",84120,NA,93176,NA,0.390835900061872,"2.69990688794051","3.39220123824564","0.31064967031581","0.504675375175692",0.96669731103086,1,-0.485249585905803
"100009271","Lipid","Fatty Acid Metabolism (Acyl Carnitine, Hydroxy)","(S)-3-hydroxybutyrylcarnitine","(S)-3-hydroxybutyrylcarnitine",NA,"HMDB0013127",71464477,NA,0.748475860256982,"1.37904987414766","1.09202606622872","0.172048457173089","0.133215668315356",0.99148727567608,1,0.255806783702571
"100009406","Lipid","Fatty Acid Metabolism (Acyl Carnitine, Monounsaturated)","palmitoleoylcarnitine (C16:1)*","palmitoleoylcarnitine (C16:1)*",28639183,NA,71464547,NA,0.305540859631924,"1.68808248472646","1.16774309980507","0.299680232556991","0.233707951419961",0.96669731103086,1,0.248643749699434
"100015748","Lipid","Hexosylceramides (HCER)","glycosyl-N-tricosanoyl-sphingadienine (d18:2/23:0)*","glycosyl-N-tricosanoyl-sphingadienine (d18:2/23:0)*",NA,NA,NA,NA,0.480077153719434,"0.380241644943056","1.13728758567399","0.14418332677034","0.146645587523199",0.96669731103086,1,-0.0169331140426668
"100015832","Lipid","Fatty Acid Metabolism (Acyl Carnitine, Long Chain Saturated)","behenoylcarnitine (C22)*","behenoylcarnitine (C22)*",28639204,"HMDB0062468",71464577,NA,0.730510551753874,"1.10983338379518","1.37282055019368","0.139707728540304","0.146986846730611",0.99148727567608,1,-0.0507905176122665
"100015833","Lipid","Fatty Acid Metabolism (Acyl Carnitine, Long Chain Saturated)","arachidoylcarnitine (C20)*","arachidoylcarnitine (C20)*",28639199,"HMDB0006460",53477833,NA,0.986834234355975,"1.3403178509339","1.39472993888775","0.16322355100892","0.160914530433201",0.99148727567608,1,0.0142473826211286
"100015834","Lipid","Fatty Acid Metabolism (Acyl Carnitine, Long Chain Saturated)","lignoceroylcarnitine (C24)*","lignoceroylcarnitine (C24)*",NA,NA,NA,NA,0.0221737352617772,"0.515922582926472","1.7035919443255","0.154497406736759","0.136361596971409",0.655281249632698,1,0.124867152684491
"100015836","Lipid","Fatty Acid Metabolism (Acyl Carnitine, Monounsaturated)","ximenoylcarnitine (C26:1)*","ximenoylcarnitine (C26:1)*",NA,NA,NA,NA,0.879923764493089,"1.4113064989768","1.20089089550545","0.174025404155966","0.183987980191583",0.99148727567608,1,-0.0556691409756754
"100015838","Lipid","Fatty Acid Metabolism (Acyl Carnitine, Monounsaturated)","eicosenoylcarnitine (C20:1)*","eicosenoylcarnitine (C20:1)*",NA,NA,NA,NA,0.522913842293114,"1.5144455240772","1.11316030717045","0.219291704588194","0.21806919753777",0.96669731103086,1,0.00559039561309215
"100015839","Lipid","Fatty Acid Metabolism (Acyl Carnitine, Polyunsaturated)","dihomo-linoleoylcarnitine (C20:2)*","dihomo-linoleoylcarnitine (C20:2)*",NA,NA,NA,NA,0.767441269840639,"1.41488184508606","1.1376225365084","0.247485553140662","0.254445476596721",0.99148727567608,1,-0.0277343665412589
"100015840","Lipid","Fatty Acid Metabolism (Acyl Carnitine, Polyunsaturated)","dihomo-linolenoylcarnitine (C20:3n3 or 6)*","dihomo-linolenoylcarnitine (C20:3n3 or 6)*",NA,NA,NA,NA,0.706947870282331,"1.43182751995248","1.11445270923348","0.203547982387767","0.152238607947775",0.989727018395263,1,0.290452683633498
"100015841","Lipid","Fatty Acid Metabolism (Acyl Carnitine, Monounsaturated)","erucoylcarnitine (C22:1)*","erucoylcarnitine (C22:1)*",NA,NA,NA,NA,0.357309835083078,"1.53185497591609","1.02219368285349","0.218826311329409","0.200916874639159",0.96669731103086,1,0.0853870526838643
"100015846","Lipid","Fatty Acid Metabolism (Acyl Carnitine, Monounsaturated)","nervonoylcarnitine (C24:1)*","nervonoylcarnitine (C24:1)*",NA,NA,NA,NA,0.913755069926573,"1.17734363027904","1.03670999248935","0.168899132095444","0.183332433714796",0.99148727567608,1,-0.0819993973061033
"100015848","Lipid","Fatty Acid Metabolism (Acyl Carnitine, Polyunsaturated)","docosadienoylcarnitine (C22:2)*","docosadienoylcarnitine (C22:2)*",NA,NA,71464511,NA,0.631177731181223,"1.41193790733164","1.05970394724342","0.242940381599329","0.258505172476577",0.96669731103086,1,-0.0620996333025225
"100015849","Lipid","Fatty Acid Metabolism (Acyl Carnitine, Polyunsaturated)","docosatrienoylcarnitine (C22:3)*","docosatrienoylcarnitine (C22:3)*",NA,NA,NA,NA,0.697873504629534,"1.52427050975241","1.40608249232353","0.240404804656874","0.150603317015924",0.9849021234691,1,0.467674848093439
"100015850","Lipid","Fatty Acid Metabolism (Acyl Carnitine, Polyunsaturated)","adrenoylcarnitine (C22:4)*","adrenoylcarnitine (C22:4)*",NA,NA,NA,NA,0.856170168850722,"1.36123062778686","1.13243531729214","0.217943842749553","0.182198928176769",0.99148727567608,1,0.179138325403307
"100016038","Amino Acid","Polyamine Metabolism","(N(1) + N(8))-acetylspermidine","(N(1) + N(8))-acetylspermidine",NA,"HMDB0002189,HMDB0001276",496123689,"C01029,C00612",0.295313550397921,"1.39157659276636","1.50634983806695","0.0541911923459122","0.187676646873323",0.96669731103086,1,-1.24220212615719
"100016069","Lipid","Fatty Acid Metabolism (Acyl Carnitine, Monounsaturated)","5-dodecenoylcarnitine (C12:1)","5-dodecenoylcarnitine (C12:1)",NA,"HMDB13326",91825571,NA,0.681380876761177,"1.36675608546768","1.10954303203819","0.236887294133463","0.163235348042102",0.969444336855333,1,0.372391463372574
"100019800","Lipid","Fatty Acid Metabolism (Acyl Carnitine, Hydroxy)","3-hydroxypalmitoylcarnitine","3-hydroxypalmitoylcarnitine",NA,"HMDB0013336",126456228,NA,0.604555071655781,"1.56981433587575","1.12622741435514","0.206465319931111","0.1986122325845",0.96669731103086,1,0.0387781122796885
"100019801","Lipid","Fatty Acid Metabolism (Acyl Carnitine, Hydroxy)","3-hydroxyoleoylcarnitine","3-hydroxyoleoylcarnitine",48061587,NA,129637446,NA,0.0919504869346297,"1.84773133181635","0.779038444802029","0.29108415241957","0.202394718939379",0.918544659239966,1,0.363392564062229
"100020217","Amino Acid","Urea cycle; Arginine and Proline Metabolism","N,N,N-trimethyl-alanylproline betaine (TMAP)","N,N,N-trimethyl-alanylproline betaine (TMAP)",NA,"HMDB0240365",NA,NA,0.946136482613031,"1.02866526096413","1.21393338147375","0.198534166361635","0.213977084040169",0.99148727567608,1,-0.0749077173190471
"100020219","Xenobiotics","Food Component/Plant","3-formylindole","3-formylindole",9838,"HMDB29737",10256,"C08493",0.480002293813956,"1.25716507227011","0.959884066043561","0.117510384812205","0.0578122436176593",0.96669731103086,1,0.709326130518036
"100020419","Amino Acid","Phenylalanine Metabolism","1-carboxyethylphenylalanine","1-carboxyethylphenylalanine",19276386,NA,59100900,NA,0.0460894344336156,"1.25522701693173","1.37257244901477","0.224013484136565","0.0555768965405292",0.733241002352975,1,1.39393866202802
"100020421","Amino Acid","Tyrosine Metabolism","1-carboxyethyltyrosine","1-carboxyethyltyrosine",NA,NA,NA,NA,0.193693125848418,"1.25065461584612","0.834897832807734","0.196163443542842","0.0864320251932296",0.96669731103086,1,0.819589938268963
"100020425","Amino Acid","Leucine, Isoleucine and Valine Metabolism","1-carboxyethylleucine","1-carboxyethylleucine",NA,NA,NA,NA,0.192278025289287,"1.09525573029629","1.03281740730123","0.156551651883624","0.044850602771732",0.96669731103086,1,1.25004897137153
"100020893","Amino Acid","Methionine, Cysteine, SAM and Taurine Metabolism","2,3-dihydroxy-5-methylthio-4-pentenoate (DMTPA)*","2,3-dihydroxy-5-methylthio-4-pentenoate (DMTPA)*",NA,"HMDB0240388",NA,NA,0.670919414539404,"2.02281865240644","1.67021059020015","0.131148627914133","0.134163116971177",0.96669731103086,1,-0.0227251061832375
"1052","Carbohydrate","Glycolysis, Gluconeogenesis, and Pyruvate Metabolism","glycerate","glycerate",732,"HMDB0000139,HMDB0006372",439194752,"C00258",0.429051125331879,"0.754207799475582","1.28596980430434","0.0422134597279307","0.073849569007508",0.96669731103086,1,-0.559291051820885
"1083","Amino Acid","Methionine, Cysteine, SAM and Taurine Metabolism","N-acetylmethionine","N-acetylmethionine",395338,"HMDB0011745",448580,"C02712",0.486484710814219,"6.14686576073527","0.433099589154408","0.0603268139312777","0.0761524683286886",0.96669731103086,1,-0.232960812478299
"1096","Carbohydrate","Nucleotide Sugar","UDP-glucose","UDP-glucose",8308,"HMDB0000286",8629,"C00029",0.667434005271796,"1.44993284717511","1.09653707920944","0.289342340223001","0.262162140754576",0.96669731103086,1,0.0986473851212735
"1105","Cofactors and Vitamins","Tocopherol Metabolism","alpha-tocopherol","alpha-tocopherol",14265,"HMDB0001893",86472,"C02477",0.0224667857016925,"5.36835833040575","1.24721224350699","0.0939998618450855","0.192012893825933",0.655281249632698,1,-0.714269212580573
"1114","Nucleotide","Pyrimidine Metabolism, Thymine containing","3-aminoisobutyrate","3-aminoisobutyrate",58481,"HMDB0002166",64956,"C05145",0.939898243815913,"1.16425627702886","1.15437634054789","0.124344121985383","0.150113159413545",0.99148727567608,1,-0.188336506561224
"1134","Nucleotide","Purine Metabolism, (Hypo)Xanthine/Inosine containing","urate","urate",NA,"HMDB0000289",1175,"C00366",0.287902805060195,"1.5917193741382","1.30307717630776","0.316979360870895","0.206182879134685",0.96669731103086,1,0.430073126343897
"1220","Lipid","Phospholipid Metabolism","cytidine 5'-diphosphocholine","CDP-choline",21531769,"HMDB0001413",13804,"C00307",0.971838823434552,"1.4361068928463","1.40810166609319","0.102130136203963","0.0905216809780716",0.99148727567608,1,0.120658454390036
"1221","Amino Acid","Creatine Metabolism","creatine","creatine",566,"HMDB0000064",586,"C00300",0.907310396506212,"1.22075618326914","1.29474613571198","0.019612892785868","0.0254823076974411",0.99148727567608,1,-0.261797250394811
"1232","Carbohydrate","Glycolysis, Gluconeogenesis, and Pyruvate Metabolism","fructose-6-phosphate","fructose 6-phosphate",19969987,"HMDB0003971",440641,"C05345",0.594169956376015,"0.767760159419505","1.29557600019728","0.192861017272916","0.224482477508743",0.96669731103086,1,-0.151827841211519
"1242","Nucleotide","Purine Metabolism, Adenine containing","N1-methyladenosine","1-methyladenosine",4573813,"HMDB0003331",27476,"C02494",0.858153837492128,"1.06888350059492","1.32677193898292","0.0798108251530955","0.0886219097961564",0.99148727567608,1,-0.104719967132631
"141","Amino Acid","Glutamate Metabolism","gamma-aminobutyrate (GABA)","gamma-aminobutyrate (GABA)",116,"HMDB0000112",119,"C00334",0.445152907920151,"4.53756798998662","4.38866560018809","0.0629728847336893","0.0361692686228851",0.96669731103086,1,0.554494407475357
"1537","Lipid","Phosphatidylcholine (PC)","1-palmitoyl-2-linoleoyl-GPC (16:0/18:2)","1-palmitoyl-2-linoleoyl-GPC (16:0/18:2)",4450224,"HMDB0007973",5287971,NA,0.510384861098778,"0.772852151139733","1.39112620554265","0.0567886528335539","0.06519423906511",0.96669731103086,1,-0.138034575419271
"1830","Lipid","Fatty Acid Metabolism","acetyl CoA","acetyl-CoA",392413,"HMDB0001206",444493,"C00024",0.0302761464337355,"2.69936610402327","0.783701844213321","0.107441107754239","0.180140167375037",0.733241002352975,1,-0.516792392886726
"194","Amino Acid","Methionine, Cysteine, SAM and Taurine Metabolism","N-formylmethionine","N-formylmethionine",388809,"HMDB0001015",439750,"C03145",0.279158636656973,"1.52552749534307","0.878638042038665","0.0883820694113521","0.121164461977689",0.96669731103086,1,-0.315479698275899
"197","Amino Acid","Methionine, Cysteine, SAM and Taurine Metabolism","S-adenosylhomocysteine (SAH)","S-adenosylhomocysteine (SAH)",16788012,"HMDB00939",439155,"C00021",0.898109759490135,"1.27655997409826","1.24333046228258","0.157069263896949","0.131180781110017",0.99148727567608,1,0.180110499040996
"2054","Amino Acid","Leucine, Isoleucine and Valine Metabolism","ethylmalonate","ethylmalonate",11263,"HMDB0000622",11756,NA,0.375781302847081,"1.30853994474465","1.93832313685821","0.128001677741043","0.101538414954972",0.96669731103086,1,0.231606171843631
"209","Nucleotide","Purine Metabolism, Adenine containing","adenosine 5'-monophosphate (AMP)","AMP",10239183,"HMDB0000045",6083,"C00020",0.33651946397956,"0.618829267352119","0.723506327216796","0.0590404235017167","0.144195641369127",0.96669731103086,1,-0.892948644706483
"212","Amino Acid","Polyamine Metabolism","5-methylthioadenosine (MTA)","5-methylthioadenosine (MTA)",388321,"HMDB0001173",439176,"C00170",0.62448636235673,"1.65663255811156","1.2125118320668","0.159030700625673","0.139693988502757",0.96669731103086,1,0.129643035416937
"240","Amino Acid","Tyrosine Metabolism","3-(4-hydroxyphenyl)lactate","3-(4-hydroxyphenyl)lactate (HPLA)",9010,"HMDB0000755",9378,"C03672",0.148684764349748,"1.59189606251658","0.687420325754604","0.227231465057737","0.140602707848756",0.918544659239966,1,0.48003092940074
"266","Lipid","Sterol","cholesterol","cholesterol",4937803,"HMDB0000067",5997643256411025408,"C00187",0.466920441112457,"1.03914616347132","1.74039194464088","0.0548402543915018","0.0668368474776472",0.96669731103086,1,-0.19783004393106
"275","Amino Acid","Creatine Metabolism","creatinine","creatinine",568,"HMDB0000562",588,"C00791",0.817047597093974,"1.40563566682527","1.65340886972259","0.0730778403696242","0.0829333815341164",0.99148727567608,1,-0.126512473915193
"297","Lipid","Sphingosines","sphingosine","sphingosine",4510275,"HMDB0000252",5280335,"C00319",0.664362960087045,"1.18948537270547","1.62869120368528","0.0842019155413841","0.0773814000747822",0.96669731103086,1,0.0844712282817004
"301","Cofactors and Vitamins","Ascorbate and Aldarate Metabolism","dehydroascorbate","dehydroascorbate",812,"HMDB0001264",440667,"C05422",0.833776490501995,"1.00298661361842","1.22284768080908","0.164533180576732","0.152181106837067",0.99148727567608,1,0.0780409515674848
"313","Lipid","Sphingolipid Synthesis","sphinganine","sphinganine",3014,"HMDB0000269",3126,"C00836",0.217207086511271,"1.62913415657197","2.29242936226279","0.0395039242803981","0.0964317761741294",0.96669731103086,1,-0.892435759820203
"339","Lipid","Fatty Acid, Dicarboxylate","glutarate (C5-DC)","glutarate (C5-DC)",3618533,"HMDB0000661",7434418048,"C00489",0.614295934363413,"1.35196566995151","1.82028410904011","0.096909779231459","0.111801431627854",0.96669731103086,1,-0.142943931231255
"376","Amino Acid","Leucine, Isoleucine and Valine Metabolism","isoleucine","isoleucine",769,"HMDB0000172",6306,"C06418,C00407,C16424",0.414840656196256,"0.650566725006583","0.262159608216184","0.0744219796204338","0.0389701172811458",0.96669731103086,1,0.646956194345528
"381","Amino Acid","Lysine Metabolism","2-aminoadipate","2-aminoadipate",456,"HMDB0000510",92136,"C00956",0.366372492489878,"1.8220524080913","1.51097116058921","0.350353642039753","0.228101736248957",0.96669731103086,1,0.429151309145071
"397","Amino Acid","Leucine, Isoleucine and Valine Metabolism","leucine","leucine",NA,"HMDB0000687",6106,"C00123",0.532108452802808,"0.880128262173998","0.641575113865633","0.0748600591810414","0.0423677172578512",0.96669731103086,1,0.569233806223449
"407","Amino Acid","Lysine Metabolism","lysine","lysine",5747,"HMDB0003405",5962,"C00739,C00047",0.194015594455881,"0.702616960918221","0.752871087815499","0.0842354020361692","0.0270634115209626",0.96669731103086,1,1.13543259735581
"418","Lipid","Fatty Acid Metabolism (also BCAA Metabolism)","methylmalonate (MMA)","methylmalonate (MMA)",473,"HMDB0000202",487,"C02170",0.229195333400422,"1.74914059208185","1.62199171734324","0.0386028025300794","0.154154362326751",0.96669731103086,1,-1.38462957492323
"460","Amino Acid","Phenylalanine Metabolism","phenylalanine","phenylalanine",5910,"HMDB0000159",6140,"C00079",0.128270379313928,"1.29279153718812","1.1307593952232","0.14924059648276","0.0727928963911179",0.918544659239966,1,0.717941371750561
"50","Amino Acid","Polyamine Metabolism","spermidine","spermidine",1071,"HMDB0001257",1102,"C00315",0.117208975954733,"2.4497032259022","3.52723325320009","0.160955310298307","0.298162804654534",0.918544659239966,1,-0.616512911002404
"501","Xenobiotics","Drug - Topical Agents","salicylate","salicylate",331,"HMDB0001895",338,"C00805",0.00537508620977308,"4.46548464546901","4.64459715310279","0.097148960855271","0.744748129791498",0.655281249632698,0.940640086710289,-2.03680060092593
"507","Amino Acid","Polyamine Metabolism","spermine","spermine",1072,"HMDB0001256",1103,"C00750",0.139641117876759,"3.04381829935511","3.73080024460549","0.252960279742471","0.646992547635705",0.918544659239966,1,-0.93910229676031
"533","Amino Acid","Urea cycle; Arginine and Proline Metabolism","urea","urea",1143,"HMDB0000294",1176,"C00086",0.939199651958606,"1.43759116169715","1.37771867342681","0.330217608163238","0.300907759126965",0.99148727567608,1,0.092948086115147
"536","Nucleotide","Pyrimidine Metabolism, Uracil containing","2'-deoxyuridine","2'-deoxyuridine",13118,"HMDB0000012",13712,"C00526",0.175207449770473,"4.74162480785489","4.35636264360683","0.233597138477869","0.126619794473178",0.96669731103086,1,0.612409149275911
"563","Amino Acid","Glutamate Metabolism","glutamine","glutamine",5746,"HMDB0000641",5961,"C00064",0.230411295650048,"1.6165831411567","1.06341880617353","0.178386712153579","0.11866435246848",0.96669731103086,1,0.407654793604167
"565","Amino Acid","Tryptophan Metabolism","tryptophan","tryptophan",6066,"HMDB0000929",6305,"C00078",0.6230952951131,"1.19858302668909","1.15276864770804","0.143855998113955","0.0985639084048865",0.96669731103086,1,0.378107632050757
"566","Amino Acid","Leucine, Isoleucine and Valine Metabolism","valine","valine",6050,"HMDB0000883",6287,"C00183",0.218035863169439,"1.03041723271631","0.775422438203071","0.0858246260859006","0.0280297000520391",0.96669731103086,1,1.11904131847293
"799","Amino Acid","Glycine, Serine and Threonine Metabolism","betaine","betaine",19951173242,"HMDB0000043",247,"C00719",0.266086482901456,"4.71898013260207","4.62393920086954","0.329316101202449","0.195544672918535",0.96669731103086,1,0.521229224127666
"815","Amino Acid","Tyrosine Metabolism","tyrosine","tyrosine",5833,"HMDB0000158",6057,"C00082",0.152215972102623,"1.16928974798168","0.591206837502563","0.116644607305406","0.0657690441304734",0.918544659239966,1,0.572982494009129
"821","Nucleotide","Pyrimidine Metabolism, Uracil containing","pseudouridine","pseudouridine",21403010,"HMDB0000767",15047,"C02067",0.982654811989134,"1.51441289738479","1.45777282706006","0.221367202684949","0.230424504120002",0.99148727567608,1,-0.0401004045736809
"828","Carbohydrate","Pentose Metabolism","arabinose","arabinose",59687,"HMDB0029942",66308,"C00216",0.355498964954366,"1.03787065520293","1.5854547033579","0.12723556197502","0.139084674329388",0.96669731103086,1,-0.0890427283931537
"878","Carbohydrate","Fructose, Mannose and Galactose Metabolism","fructose","fructose",5764,"HMDB0000660",2723872,"C00095",0.619946161083371,"0.886386247211807","1.32941980581948","0.158880916038148","0.139730315794418",0.96669731103086,1,0.128440716754998
"98","Amino Acid","Tryptophan Metabolism","kynurenate","kynurenate",3712,"HMDB0000715",3845,"C01717",0.515719628323308,"1.45720333850886","1.07514239052414","0.275980369314915","0.221978894498342",0.96669731103086,1,0.217747429991433
"999912100",NA,NA,"X - 12100","X - 12100",NA,NA,NA,NA,0.386066959996096,"1.31380573457789","0.925674843474029","0.180608803597995","0.102456895046509",0.96669731103086,1,0.566891212187877
"999912101",NA,NA,"X - 12101","X - 12101",NA,NA,NA,NA,0.97995908282391,"1.4797828977393","1.45785812503734","0.226384541000198","0.204251388335499",0.99148727567608,1,0.102883531243238
"999913007",NA,NA,"X - 13007","X - 13007",NA,NA,NA,NA,0.641266656207507,"1.2707803814267","0.858073487448028","0.153830312802952","0.101019514280348",0.96669731103086,1,0.420536421123299
"999914837",NA,NA,"X - 14837","X - 14837",NA,NA,NA,NA,0.40335436112518,"1.47316335474227","1.08149645930092","0.124174891829697","0.196195932175335",0.96669731103086,1,-0.457422823983757
"999914904",NA,NA,"X - 14904","X - 14904",NA,NA,NA,NA,0.661880874663113,"1.27142561324651","0.92510872566488","0.187990223018823","0.128553099453746",0.96669731103086,1,0.380047911956419
"999915666",NA,NA,"X - 15666 - retired for oxindolylalanine","X - 15666 - retired for oxindolylalanine",NA,NA,NA,NA,0.238479050632013,"1.63033535466103","0.911937946045929","0.139092351489874","0.0590877073561384",0.96669731103086,1,0.85611520630344
"999916619",NA,NA,"X - 16619","X - 16619",NA,NA,NA,NA,0.28324030855629,"4.29769350437202","3.24324971649318","0.518236708292116","0.586897731774204",0.96669731103086,1,-0.124418479102672
"999922162",NA,NA,"X - 22162","X - 22162",NA,NA,NA,NA,0.837016220365776,"1.6481394911905","1.62218250410812","0.239874897545033","0.309106749841916",0.99148727567608,1,-0.253569158771604
"999922810",NA,NA,"X - 22810","X - 22810",NA,NA,NA,NA,0.734152179270841,"1.14541620669251","0.728337034611391","0.144613938204885","0.122709726663123",0.99148727567608,1,0.164246076054602
"999923593",NA,NA,"X - 23593","X - 23593",NA,NA,NA,NA,0.193343671858796,"4.43596015375163","3.5274522574026","0.155782209771607","0.0643754293007808",0.96669731103086,1,0.883726912886925
"999923639",NA,NA,"X - 23639","X - 23639",NA,NA,NA,NA,0.240182396286352,"4.35613731618296","4.79660241874308","0.389298267680124","0.231794236883783",0.96669731103086,1,0.518495736628543
"999923739",NA,NA,"X - 23739","X - 23739",NA,NA,NA,NA,0.591526509559756,"1.75240355216176","1.85856761436347","0.341340840686279","0.205061548761563",0.96669731103086,1,0.509571338950234
"999923918",NA,NA,"X - 23918","X - 23918",NA,NA,NA,NA,0.537030121288354,"1.24212866819238","0.729540798639091","0.216037299320536","0.212939171070148",0.96669731103086,1,0.0144445317229786
"999924428",NA,NA,"X - 24428","X - 24428",NA,NA,NA,NA,0.314850058961292,"1.05164064394862","1.34023842178613","0.20371648940345","0.127019706607516",0.96669731103086,1,0.472387024850039
"999925009",NA,NA,"X - 25009","X - 25009",NA,NA,NA,NA,0.283526198180308,"4.43011459510988","4.93291262191272","0.340012312636005","0.154859907436451",0.96669731103086,1,0.786460945355486
"999925047",NA,NA,"X - 25047","X - 25047",NA,NA,NA,NA,0.046002264713884,"4.42136131361556","4.81934364609307","0.377079585400378","0.0848604385267668",0.733241002352975,1,1.49144825961623
"999925244",NA,NA,"X - 25244","X - 25244",NA,NA,NA,NA,0.0726646300936513,"2.65608356458367","3.77196157106916","0.360899462639788","0.588007082294118",0.918544659239966,1,-0.488139569841237
"999925422",NA,NA,"X - 25422","X - 25422",NA,NA,NA,NA,0.952247720115803,"1.41108864419237","1.51616989624506","0.277190617792072","0.308672323872942",0.99148727567608,1,-0.107574853298217
"999925936",NA,NA,"X - 25936","X - 25936",NA,NA,NA,NA,0.119456112840607,"1.58637844695256","1.26714685879171","0.256637185001266","0.126091939098794",0.918544659239966,1,0.710652039695781
"999925957",NA,NA,"X - 25957","X - 25957",NA,NA,NA,NA,0.504169063493291,"3.34653637404316","3.60621716490916","0.432928733405884","0.790731177423536",0.96669731103086,1,-0.602384931975276
"999925981",NA,NA,"X - 25981","X - 25981",NA,NA,NA,NA,0.533288124235196,"4.78223664650255","4.34082413186538","0.0950916327977213","0.0594705329499751",0.96669731103086,1,0.46936003714176
"AAAs",NA,NA,NA,NA,NA,NA,NA,NA,0.254723473985213,"1.22454728602041","0.992810713690613","0.409167286531077","0.229943160846557",0.96669731103086,1,0.57629193431474
"BCAAs",NA,NA,NA,NA,NA,NA,NA,NA,0.353607088409429,"0.862537473949228","0.541360746830736","0.232222798440722","0.106881579257522",0.96669731103086,1,0.775975763276776
"BCAAs/AAAs",NA,NA,NA,NA,NA,NA,NA,NA,0.530465342402152,"4.6612135173133","4.48038509089259","0.074782420399346","0.0483810126924741",0.96669731103086,1,0.435475398948816
"BCAAs/Ala",NA,NA,NA,NA,NA,NA,NA,NA,0.949095218498233,"0.708429055251213","0.538764095796073","0.134552195533106","0.13500816452518",0.99148727567608,1,-0.00338305993402997
"KYN/TRY",NA,NA,NA,NA,NA,NA,NA,NA,0.146414380958256,"1.54742837378131","0.966803412931","0.281817873746918","0.167415670766132",0.918544659239966,1,0.520781258143285
"PHE/TYR",NA,NA,NA,NA,NA,NA,NA,NA,0.51442046647586,"1.65232792658993","2.20163603869863","0.0407374628931422","0.0411959321259918",0.96669731103086,1,-0.011191383388737
"PYRUV/LAC",NA,NA,NA,NA,NA,NA,NA,NA,0.128553077757276,"4.62999812483321","4.47284287223887","0.327328060359397","0.131398512802312",0.918544659239966,1,0.912728122783506
