ID,Phase,Error,Magnitude,ProjectionX,ProjectionY,Inner_Error,Circular_Error,Modified_Inner_Error,Modified_Error,Out_of_Plane_Error,Out_of_Plane_Reconstruction_Error,Input_Magnitude,Dense_Input_Magnitude,Decoding_Dense_Output_Magnitude,Model_Output_Magnitude,Modified_Decoding_Dense_Output_Magnitude,Modified_Model_Output_Magnitude,Covariate_D,Covariate_D_1,Phases_MA
20154287,1.2971429824829102,0.28249484300613403,1.5464210510253906,0.417921245098114,1.488878846168518,0.28249484300613403,0.14928801357746124,0.21291980147361755,0.21291983127593994,0.05391104146838188,0.05391104146838188,1.8520034551620483,2.02639102935791,1.246399998664856,0.9684796929359436,1.5902910232543945,1.447779893875122,cond_0,cond_0,3.024196535503477
20821943,5.728128198777334,0.17535987496376038,1.1602727174758911,0.9860813617706299,-0.6114542484283447,0.17535987496376038,0.012843672186136246,0.16647565364837646,0.16647565364837646,0.004538741894066334,0.004538741894066334,1.1963964700698853,1.1417392492294312,0.5621420741081238,0.5871433615684509,0.5867920517921448,0.7279290556907654,cond_0,cond_0,1.1719964446183146
21407511,5.582626048718588,0.12902648746967316,0.5054494738578796,0.38640689849853516,-0.325835645198822,0.12902648746967316,0.12229008972644806,0.08969736844301224,0.08969735354185104,0.04301232099533081,0.04301232099533081,0.6966591477394104,1.0212677717208862,0.6930081844329834,0.6381288170814514,0.7738062143325806,0.30357760190963745,cond_0,cond_0,1.0264942945595683
50108886,0.9170575737953186,0.31022050976753235,0.6876627802848816,0.4182080030441284,0.5458774566650391,0.31022047996520996,0.0487772673368454,0.30117067694664,0.30117067694664,0.017892587929964066,0.01789258047938347,1.429548740386963,1.3505871295928955,0.9383659958839417,0.8092195391654968,0.8787550926208496,0.5660130381584167,cond_0,cond_0,2.6441111268158854
20348895,0.6367959976196289,0.06732887774705887,0.6814780235290527,0.5479117631912231,0.40522217750549316,0.06732887774705887,0.050728119909763336,0.05361831933259964,0.05361831933259964,0.01869574375450611,0.01869574375450611,0.7678723931312561,0.8363224864006042,0.6951359510421753,0.6938419342041016,0.7072291374206543,0.44321128726005554,cond_0,cond_0,2.3638495506401958
92996364,0.18044215440750122,0.053551483899354935,0.8936413526535034,0.8791325688362122,0.16037695109844208,0.05355147272348404,0.005656079854816198,0.0535242035984993,0.0535242073237896,0.0020675554405897856,0.0020675554405897856,0.7762246131896973,0.6700407862663269,0.3153599500656128,0.5462843179702759,0.35475823283195496,0.4501696825027466,cond_0,cond_0,1.907495707428068
15712086,0.9224827885627747,0.0882316380739212,0.802507758140564,0.4845886826515198,0.6396815776824951,0.0882316380739212,0.019501589238643646,0.08332829177379608,0.08332829177379608,0.007152473088353872,0.00715247169137001,0.9195476174354553,1.1497794389724731,0.942973256111145,0.8115096092224121,0.8934308290481567,0.6523451805114746,cond_0,cond_0,2.6495363415833415
20105242,0.5854153037071228,0.15493954718112946,1.1730726957321167,0.9777357578277588,0.6481761932373047,0.15493956208229065,0.014977078884840012,0.14575068652629852,0.14575065672397614,0.005520042963325977,0.005520041566342115,1.2728979587554932,1.1786385774612427,0.6499324440956116,0.6738457679748535,0.693595826625824,0.8261858820915222,cond_0,cond_0,2.3124688567276896
9032080,5.3521926442729395,0.3481210172176361,1.2248154878616333,0.7312613725662231,-0.9825628995895386,0.3481210172176361,0.02527100220322609,0.3326135277748108,0.3326135277748108,0.008856740780174732,0.008856741711497307,1.5930882692337036,1.7496538162231445,0.8998680710792542,0.7338961362838745,0.9855493307113647,0.9234192967414856,cond_0,cond_0,0.7960608901139201
35286551,4.7760693470584314,0.16198594868183136,0.8196863532066345,0.05216264724731445,-0.8180249333381653,0.16198594868183136,0.016256501898169518,0.15922877192497253,0.15922877192497253,0.00577425304800272,0.00577425304800272,1.293383240699768,1.531256079673767,1.3752244710922241,0.9976180791854858,1.2762945890426636,0.8504341840744019,cond_0,cond_0,0.21993759289941206
20311676,6.024932120238439,0.2552505135536194,0.45176824927330017,0.4367865324020386,-0.11537803709506989,0.2552505135536194,0.15027903020381927,0.20665743947029114,0.20665743947029114,0.05382524058222771,0.05382524058222771,0.9148038029670715,1.2295150756835938,0.3176494240760803,0.5208773016929626,0.6798126697540283,0.13585390150547028,cond_0,cond_0,1.46880036607942
92613520,0.6730809211730957,0.26439058780670166,1.4458991289138794,1.1305553913116455,0.9013705253601074,0.26439061760902405,0.09941300749778748,0.21884894371032715,0.21884891390800476,0.03663143888115883,0.03663143888115883,1.5380107164382935,1.53502357006073,0.7270256280899048,0.7082595825195312,0.9159625768661499,1.1061325073242188,cond_0,cond_0,2.4001344741936625
50103255,0.055825069546699524,0.28726449608802795,1.2004401683807373,1.1985701322555542,0.06697985529899597,0.2872644364833832,0.02008812688291073,0.27545595169067383,0.2754560112953186,0.0073058875277638435,0.0073058875277638435,1.3737409114837646,1.3366612195968628,0.24728985130786896,0.5241101384162903,0.24249295890331268,0.7109915614128113,cond_0,cond_0,1.7828786225672664
50302978,4.852892820035116,0.43988847732543945,1.0655996799468994,0.1492287516593933,-1.0550987720489502,0.43988847732543945,0.002151657361537218,0.4371822476387024,0.4371821880340576,0.000761743460316211,0.000761743460316211,1.8392609357833862,2.0701937675476074,1.3169801235198975,0.9630820155143738,1.3541427850723267,1.017920732498169,cond_0,cond_0,0.29676106587609663
84653463,2.5238656997680664,0.16605845093727112,1.0181931257247925,-0.8300279378890991,0.5897209048271179,0.19975733757019043,0.00016549511929042637,0.19917601346969604,0.16586251556873322,5.8352517953608185e-5,3.624641249189153e-5,1.428510069847107,2.3214151859283447,1.9259819984436035,0.9483411312103271,1.9421736001968384,0.9578692317008972,cond_0,cond_1,4.250919252788633
10490993,1.6881828308105469,0.03329749032855034,0.8718400597572327,-0.10210740566253662,0.8658401370048523,0.03329749032855034,0.00821248721331358,0.033177949488162994,0.0331779420375824,0.002910229843109846,0.002910229377448559,1.1522815227508545,1.4807541370391846,1.5228580236434937,1.119498610496521,1.439484715461731,1.0105316638946533,cond_0,cond_0,3.4152363838311137
57978756,5.809156839047567,0.10438712686300278,1.0415750741958618,0.9267275333404541,-0.475452184677124,0.06625600904226303,0.0008642437751404941,0.06497091054916382,0.1039143055677414,0.0003064099291805178,0.00018869369523599744,1.3732202053070068,0.6399949193000793,0.49069875478744507,1.0509601831436157,0.49068349599838257,1.074714183807373,cond_0,cond_1,1.2530250848885478
50105437,0.7759877443313599,0.1489798128604889,1.4696205854415894,1.0489115715026855,1.0293537378311157,0.1489798128604889,0.11027175188064575,0.0935283899307251,0.0935283973813057,0.04058254510164261,0.04058254510164261,1.4432566165924072,1.2344987392425537,0.8170017004013062,0.7501825094223022,1.0339958667755127,1.1667338609695435,cond_0,cond_0,2.5030412973519267
5102083,4.970892254506246,0.7496668100357056,1.8118242025375366,0.46316367387771606,-1.7516238689422607,0.7496668100357056,0.3295292556285858,0.6148375868797302,0.614837646484375,0.11615610122680664,0.11615611612796783,2.4814696311950684,2.4442319869995117,1.2239965200424194,0.9089980125427246,1.7508143186569214,1.6183396577835083,cond_0,cond_0,0.414760500347227
50107583,5.929320339356558,0.44587478041648865,0.5849239230155945,0.5486822724342346,-0.20269127190113068,0.44587478041648865,0.08614406734704971,0.4224441647529602,0.4224441647529602,0.030709439888596535,0.030709439888596535,1.490891933441162,1.487713098526001,0.3896286189556122,0.5355809926986694,0.5964170098304749,0.20121237635612488,cond_0,cond_0,1.3731885851975383
43074402,1.0226805210113525,0.41522830724716187,0.8829259872436523,0.4600750207901001,0.7535842657089233,0.5481341481208801,0.006853165104985237,0.5485390424728394,0.41357287764549255,0.0025050900876522064,0.002414611168205738,1.1954840421676636,1.8251879215240479,1.0271066427230835,1.1374070644378662,0.9865568280220032,1.0511276721954346,cond_0,cond_1,2.7497340740319194
95919181,0.4972827434539795,0.3195587694644928,1.6437320709228516,1.4446465969085693,0.7841246128082275,0.3195587396621704,0.2071954905986786,0.2143109291791916,0.21431095898151398,0.07632574439048767,0.07632573693990707,1.7516621351242065,1.309066653251648,0.5726006031036377,0.6409614086151123,0.8739965558052063,1.2294753789901733,cond_0,cond_0,2.2243362964745463
15218541,0.4526502788066864,0.10784361511468887,1.1215237379074097,1.0085763931274414,0.4904989004135132,0.10784361511468887,0.007384010124951601,0.1017233356833458,0.1017233356833458,0.002718599746003747,0.0027185988146811724,1.0094594955444336,0.8590291738510132,0.53375244140625,0.6251385807991028,0.5508756637573242,0.7332505583763123,cond_0,cond_0,2.1797038318272532
86903794,5.2545687595950525,0.1834816038608551,1.118507742881775,0.5771548748016357,-0.9580980539321899,0.1834816336631775,0.007022041827440262,0.17900606989860535,0.17900606989860535,0.00246127019636333,0.002461271360516548,1.2883795499801636,1.4374570846557617,0.9856712818145752,0.7777928709983826,1.0319156646728516,0.8759976029396057,cond_0,cond_0,0.6984370054360332
86408244,3.785182062779562,0.3619817793369293,0.7539247274398804,-0.6030998229980469,-0.4524080753326416,0.36198174953460693,0.030276518315076828,0.35389235615730286,0.35389235615730286,0.011158054694533348,0.011158054694533348,1.7391196489334106,2.2175066471099854,1.918290138244629,1.3367024660110474,1.6999728679656982,1.1085909605026245,cond_0,cond_0,5.512235615800129
33411712,5.58996701637377,0.3027682900428772,0.9876962304115295,0.7597295045852661,-0.6311536431312561,0.3027682900428772,7.56914378143847e-5,0.30305203795433044,0.30305206775665283,2.6627540137269534e-5,2.6627540137269534e-5,1.4320158958435059,1.375494122505188,0.6863759756088257,0.6353417038917542,0.6848018765449524,0.6250162124633789,cond_0,cond_0,1.0338352622147502
94144536,0.5855204463005066,0.31291255354881287,1.5138962268829346,1.2617183923721313,0.836629331111908,0.31291255354881287,0.13204467296600342,0.2520902454853058,0.2520902454853058,0.048667218536138535,0.048667214810848236,1.6210596561431885,1.589861512184143,0.650024950504303,0.6738861203193665,0.8707257509231567,1.1375646591186523,cond_0,cond_0,2.3125739993210734
21274866,5.878631804381506,0.4128151834011078,0.9357065558433533,0.8601747155189514,-0.3683019280433655,0.4128151834011078,0.002066822489723563,0.4138779044151306,0.4138779044151306,0.0007350431988015771,0.0007350431988015771,1.5729484558105469,1.2824251651763916,0.43127039074897766,0.5461071729660034,0.44204971194267273,0.4892534017562866,cond_0,cond_0,1.3225000502224864
11389397,2.137381076812744,0.45189419388771057,1.6430597305297852,-0.8819185495376587,1.3863134384155273,0.45189419388771057,0.2067629098892212,0.3573184907436371,0.3573185205459595,0.07246322184801102,0.07246322929859161,2.378420829772949,2.832782506942749,1.7751115560531616,1.2624266147613525,2.3139383792877197,1.8456194400787354,cond_0,cond_0,3.864434629833311
85065193,5.8019214312182825,0.37043994665145874,1.128947138786316,1.0007107257843018,-0.5225895047187805,0.37043994665145874,0.008313684724271297,0.3634675145149231,0.3634675145149231,0.0029466396663337946,0.0029466392006725073,1.528825044631958,1.2753016948699951,0.49700257182121277,0.5653161406517029,0.507655680179596,0.6797856688499451,cond_0,cond_0,1.2457896770592631
79590778,4.974983994160787,0.5282371640205383,0.915524423122406,0.23765873908996582,-0.884139895439148,0.5282371044158936,0.0035680639557540417,0.5277413129806519,0.5277413129806519,0.0012575446162372828,0.0012575456639751792,1.8849390745162964,2.0505874156951904,1.2207002639770508,0.9071067571640015,1.1808667182922363,0.8386402726173401,cond_0,cond_0,0.418852240001768
20237131,0.03314220905303955,0.6759631633758545,0.9363128542900085,0.935798704624176,0.031025797128677368,0.6759631633758545,0.0020280254539102316,0.6759945750236511,0.6759945750236511,0.000736828485969454,0.000736828485969454,1.9516301155090332,1.981980562210083,0.23969203233718872,0.5212520360946655,0.27163219451904297,0.4624979794025421,cond_0,cond_0,1.7601957620736064
39989287,5.251497332249777,0.0546385757625103,0.7605030536651611,0.39042025804519653,-0.6526384353637695,0.04102014750242233,0.028679393231868744,0.03439689800143242,0.045269113034009933,0.010052511468529701,0.007148380391299725,1.061931848526001,1.1029069423675537,0.988344669342041,1.0930745601654053,0.9285107851028442,0.9513049125671387,cond_0,cond_1,0.6953655780907573
15176592,4.757666889821188,0.5734779834747314,0.8454342484474182,0.03826642036437988,-0.8445677757263184,0.5734780430793762,0.01194528304040432,0.570884108543396,0.570884108543396,0.004246459808200598,0.004246461670845747,1.825512170791626,2.108642578125,1.3888914585113525,1.005788803100586,1.301803708076477,0.8787989616394043,cond_0,cond_0,0.2015351356621684
6073025,4.633427445088522,0.897288978099823,0.6564652323722839,-0.051781654357910156,-0.6544197797775269,0.897288978099823,0.059008073061704636,0.8866395950317383,0.8866395950317383,0.021102145314216614,0.02110215090215206,2.2592341899871826,2.568652868270874,1.4781192541122437,1.0597054958343506,1.277748942375183,0.7805765867233276,cond_0,cond_0,0.07729569092950239
21101658,0.6150924563407898,0.5397037267684937,0.8517443537712097,0.6956367492675781,0.49148547649383545,0.5397037267684937,0.010989871807396412,0.5403704643249512,0.5403704643249512,0.0040505072101950645,0.0040505072101950645,1.81654953956604,1.5967472791671753,0.6760433316230774,0.6853310465812683,0.6674916744232178,0.5617035031318665,cond_0,cond_0,2.3421460093613566
50401264,4.975889984761373,0.3046267032623291,0.3428664803504944,0.08930379152297974,-0.3310320973396301,0.22889924049377441,0.21591220796108246,0.16044098138809204,0.206093430519104,0.07609477639198303,0.06139068678021431,1.2126545906066895,1.4411234855651855,1.2199697494506836,1.1296520233154297,1.0377448797225952,0.7607240080833435,cond_0,cond_1,0.41975823060235395
21157370,0.5071266293525696,0.25457626581192017,1.0360302925109863,0.9056392312049866,0.5031662583351135,0.25457626581192017,0.0006490901578217745,0.2531586289405823,0.2531586289405823,0.0002391315356362611,0.0002391315356362611,1.3627392053604126,1.0971814393997192,0.5812068581581116,0.644532322883606,0.5851504802703857,0.6760455369949341,cond_0,cond_0,2.2341801823731364
21191200,6.078384492789404,0.21472623944282532,0.46417364478111267,0.4544731378555298,-0.09439998865127563,0.1936490386724472,0.1435549557209015,0.14773514866828918,0.17437627911567688,0.051555294543504715,0.03323463350534439,1.373544692993164,1.0519044399261475,0.28332948684692383,1.0581547021865845,0.6616990566253662,0.7883375883102417,cond_0,cond_1,1.5222527386303843
20205705,1.4066368341445923,0.13257524371147156,0.476334810256958,0.07784414291381836,0.4699310064315796,0.13257524371147156,0.13711263239383698,0.08683844655752182,0.08683845400810242,0.04924330860376358,0.04924331605434418,0.9396789073944092,1.3830161094665527,1.3284825086593628,1.0126439332962036,1.1074446439743042,0.6139050126075745,cond_0,cond_0,3.133690387165159
20730959,6.076510761176245,0.08344363421201706,0.7283668518066406,0.7128662467002869,-0.14946550130844116,0.08344363421201706,0.03689228370785713,0.07576392590999603,0.07576392590999603,0.013247978873550892,0.013247978873550892,0.7007165551185608,0.5423091650009155,0.28443431854248047,0.5159133076667786,0.4445054531097412,0.2730294167995453,cond_0,cond_0,1.5203790070172252
31726180,0.4085436761379242,0.28206852078437805,0.8849313855171204,0.8121018409729004,0.351559579372406,0.28206852078437805,0.006620393600314856,0.281986802816391,0.281986802816391,0.002435682574287057,0.002435682574287057,1.3789258003234863,1.2325626611709595,0.495752215385437,0.6101537942886353,0.5077521800994873,0.510378897190094,cond_0,cond_0,2.135597229158491
21138877,5.256868306790487,0.10054339468479156,1.2034918069839478,0.6233760118484497,-1.0294634103775024,0.10054339468479156,0.02070446126163006,0.08792136609554291,0.08792135864496231,0.007256953977048397,0.007256955839693546,1.2028449773788452,1.2605571746826172,0.9836685061454773,0.776745080947876,1.0687201023101807,0.9471164345741272,cond_0,cond_0,0.7007365526314677
63874408,5.26163620153536,0.14735449850559235,1.3543336391448975,0.7070236206054688,-1.155135154724121,0.14735445380210876,0.06277616322040558,0.11570411920547485,0.11570411920547485,0.022002574056386948,0.022002574056386948,1.4220346212387085,1.3604633808135986,0.9795128703117371,0.7745744585990906,1.1433861255645752,1.075639247894287,cond_0,cond_0,0.7055044473763408
20207013,0.34503209590911865,0.10184188187122345,1.0059233903884888,0.9466388821601868,0.3402303457260132,0.10184186697006226,1.7543261492392048e-5,0.10171667486429214,0.10171668231487274,6.445475264627021e-6,6.445473900384968e-6,0.9989795684814453,0.9346510767936707,0.44209858775138855,0.5898815393447876,0.4417973756790161,0.5951663851737976,cond_0,cond_0,2.0720856489296855
10473384,0.10147957503795624,0.35149669647216797,1.1849945783615112,1.1788982152938843,0.1200464516878128,0.35149672627449036,0.01711150072515011,0.3414723873138428,0.3414723873138428,0.0062355659902095795,0.0062355659902095795,1.4228529930114746,1.4569380283355713,0.26771143078804016,0.5309998393058777,0.26313650608062744,0.7029446959495544,cond_0,cond_0,1.828533128058523
36773029,0.5758208632469177,0.3017667829990387,1.212141513824463,1.0166783332824707,0.6600395441055298,0.3017667829990387,0.02250201255083084,0.29050296545028687,0.29050296545028687,0.008293317630887032,0.008293315768241882,1.4851375818252563,1.535148024559021,0.6414934396743774,0.670173168182373,0.6990988850593567,0.857797384262085,cond_0,cond_0,2.3028744162674846
61827429,5.966112826262609,0.21631518006324768,0.7617061734199524,0.7237368226051331,-0.23748956620693207,0.21631518006324768,0.028391970321536064,0.2096167355775833,0.2096167355775833,0.010139497928321362,0.010139497928321362,1.0463932752609253,1.1625268459320068,0.3607023358345032,0.5291012525558472,0.46314728260040283,0.319882333278656,cond_0,cond_0,1.40998107210359
21145876,0.8636918663978577,0.3774546980857849,0.7260633111000061,0.471676230430603,0.551986813545227,0.3774546980857849,0.037520650774240494,0.36958709359169006,0.36958709359169006,0.013783236034214497,0.013783233240246773,1.4078420400619507,1.5367907285690308,0.8927913308143616,0.7867494225502014,0.84559166431427,0.5705651044845581,cond_0,cond_0,2.5907454194184245
46246604,6.074404496942655,0.1489550769329071,0.9284369349479675,0.908275306224823,-0.1924346536397934,0.1489550769329071,0.0025606381241232157,0.1495978683233261,0.1495978683233261,0.0009194251033477485,0.0009194251033477485,0.9146410822868347,0.9055929183959961,0.285685658454895,0.5160740613937378,0.3153703510761261,0.45054370164871216,cond_0,cond_0,1.518272742783636
50101785,2.4949023723602295,0.07631117850542068,0.868224024772644,-0.6929142475128174,0.5231469869613647,0.07631117850542068,0.008682454004883766,0.07581888884305954,0.07581889629364014,0.0030585541389882565,0.003058553673326969,1.4494234323501587,1.9014580249786377,1.9169834852218628,1.344781517982483,1.8009017705917358,1.2237855195999146,cond_0,cond_0,4.221955925380796
24310553,0.03334119915962219,0.1403357982635498,0.672170877456665,0.6717973351478577,0.02240683138370514,0.1403357982635498,0.05373596027493477,0.12389572709798813,0.12389574199914932,0.01952369697391987,0.01952369697391987,0.7840118408203125,1.0543267726898193,0.23975054919719696,0.5212753415107727,0.4692446291446686,0.22989194095134735,cond_0,cond_0,1.760394752180189
11440263,6.14266270795931,0.11979065090417862,0.9553173184394836,0.9459007382392883,-0.13380230963230133,0.11979065090417862,0.0009982719784602523,0.12023408710956573,0.12023408710956573,0.00035967392614111304,0.00035967392614111304,0.8634266257286072,0.9606035947799683,0.2509709298610687,0.5127131938934326,0.27156779170036316,0.47145432233810425,cond_0,cond_0,1.586530953800291
10394182,4.490556899701254,0.06390074640512466,0.8646242022514343,-0.19023215770721436,-0.8434374928474426,0.06390074640512466,0.009163305163383484,0.06283564865589142,0.06283564865589142,0.0033005259465426207,0.0033005259465426207,1.2138522863388062,1.6595908403396606,1.5737557411193848,1.1184829473495483,1.4810960292816162,1.0026476383209229,cond_0,cond_0,6.217610452721821
68525196,5.910137865935461,0.16694459319114685,0.9053628444671631,0.8430929183959961,-0.3299639821052551,0.16694459319114685,0.0044780937023460865,0.1668858677148819,0.1668858677148819,0.001594932982698083,0.001594932982698083,0.9869093298912048,1.1692299842834473,0.40517425537109375,0.5393513441085815,0.42723479866981506,0.45540016889572144,cond_0,cond_0,1.3540061117764415
11310844,6.070028636847631,0.2852014899253845,1.0289520025253296,1.0056648254394531,-0.21767088770866394,0.28520146012306213,0.00041910947766155005,0.2844322621822357,0.2844322919845581,0.0001504531392129138,0.0001504531392129138,1.2311359643936157,1.2996677160263062,0.28831684589385986,0.5164193511009216,0.2802826762199402,0.5430764555931091,cond_0,cond_0,1.513896882688612
64358179,3.6732338110553187,0.02841392531991005,1.1087125539779663,-0.9556838274002075,-0.5620604753494263,0.02841392531991005,0.0059092091396451,0.023754144087433815,0.023754144087433815,0.002177443355321884,0.002177443355321884,1.575545072555542,2.1178932189941406,1.9513813257217407,1.3581327199935913,2.050928831100464,1.4603937864303589,cond_0,cond_0,5.4002873640758855
15844425,5.814444545899526,0.47220391035079956,0.7520896196365356,0.6709676384925842,-0.3397664427757263,0.47220391035079956,0.030729779973626137,0.4667167067527771,0.4667167067527771,0.010897464118897915,0.010897464118897915,1.5318529605865479,1.4508757591247559,0.48610347509384155,0.5619257092475891,0.5486999750137329,0.3540990352630615,cond_0,cond_0,1.258312791740507
20280666,0.5134777426719666,0.30330365896224976,1.1204506158828735,0.9759589433670044,0.5503759384155273,0.30330371856689453,0.007254174444824457,0.2965417504310608,0.2965417504310608,0.002672667382284999,0.0026726683136075735,1.5310200452804565,1.2129327058792114,0.5867651700973511,0.6468508839607239,0.6081323027610779,0.7531746625900269,cond_0,cond_0,2.2405312956925334
17219510,0.17348475754261017,0.08755169808864594,1.1965060234069824,1.178545594215393,0.20653589069843292,0.08755169808864594,0.01930730789899826,0.0753784328699112,0.07537844032049179,0.007055877707898617,0.007055877707898617,0.9315233826637268,0.7790361046791077,0.3106765151023865,0.5447758436203003,0.31858691573143005,0.7264570593833923,cond_0,cond_0,1.900538310563177
20270768,0.9018999338150024,0.45481157302856445,1.3126202821731567,0.8139828443527222,1.029759168624878,0.45481157302856445,0.048865724354982376,0.4231341481208801,0.4231341481208801,0.01793280430138111,0.01793280430138111,1.881047010421753,1.6763885021209717,0.9254676699638367,0.8028259873390198,1.0661733150482178,1.0748991966247559,cond_0,cond_0,2.6289534868355693
20240514,1.1481858491897583,0.2831108868122101,0.8552595973014832,0.3507784605026245,0.7800150513648987,0.2831108868122101,0.010474893264472485,0.2814360558986664,0.2814360558986664,0.0038093808107078075,0.003809379879385233,1.3927726745605469,1.7196893692016602,1.1296004056930542,0.9067691564559937,1.07111656665802,0.788503110408783,cond_0,cond_0,2.875239402210325
11353057,6.22892672220339,0.07839985936880112,0.6008868217468262,0.6000025272369385,-0.03258727490901947,0.11411356925964355,0.07964566349983215,0.09028689563274384,0.06788699328899384,0.028818611055612564,0.019587719812989235,1.239890694618225,0.8776431083679199,0.2296285778284073,1.0691719055175781,0.5286319851875305,0.8499691486358643,cond_0,cond_1,1.6727949680443706
21001933,5.612546805535452,0.24094314873218536,0.7678224444389343,0.6015312671661377,-0.47719115018844604,0.24094314873218536,0.026953205466270447,0.23515498638153076,0.23515495657920837,0.009487949311733246,0.009487948380410671,1.0803134441375732,1.346024513244629,0.6659824252128601,0.626898467540741,0.6737987995147705,0.44124653935432434,cond_0,cond_0,1.0564150513764323
10100736,0.40584468841552734,0.13059739768505096,1.3243286609649658,1.2167524099349976,0.522838294506073,0.13059742748737335,0.05259453132748604,0.10288447141647339,0.10288447141647339,0.0193488709628582,0.01934886910021305,1.1627522706985474,1.0651931762695312,0.4934433102607727,0.6092596650123596,0.582974374294281,0.903890073299408,cond_0,cond_0,2.132898241436094
21402016,3.39193565050234,0.1558731198310852,0.6748930811882019,-0.6538549661636353,-0.16719546914100647,0.16553562879562378,0.052847251296043396,0.15136095881462097,0.15251049399375916,0.019364750012755394,0.015020775608718395,1.5601065158843994,1.9735355377197266,2.0066919326782227,1.0627295970916748,1.7015314102172852,0.8691290020942688,cond_0,cond_1,5.118989203522907
20610726,2.5847480297088623,0.031640924513339996,1.0155565738677979,-0.8621333837509155,0.536732017993927,0.0316409207880497,0.00012100383173674345,0.031199252232909203,0.0311992559581995,4.275784158380702e-5,4.275792161934078e-5,1.4876176118850708,2.0548510551452637,1.9436308145523071,1.3603761196136475,1.9576292037963867,1.3747837543487549,cond_0,cond_0,4.311801582729429
68914513,0.3293803334236145,0.10425107181072235,1.197178840637207,1.132822036743164,0.38723552227020264,0.10425104945898056,0.019439751282334328,0.09286179393529892,0.09286180883646011,0.007139513734728098,0.007139513734728098,1.0613993406295776,0.9429985880851746,0.4291418194770813,0.5851479768753052,0.455663800239563,0.7644172310829163,cond_0,cond_0,2.0564338864441813
50500550,0.35122472047805786,0.21319913864135742,0.7996315956115723,0.750815749168396,0.27511167526245117,0.21319913864135742,0.020073750987648964,0.20944075286388397,0.20944075286388397,0.007376322988420725,0.007376322988420725,1.213752031326294,1.1239850521087646,0.4472581446170807,0.5917844176292419,0.4960542917251587,0.4193476438522339,cond_0,cond_0,2.0782782734986247
20726273,0.5479799509048462,0.11264606565237045,0.6258774399757385,0.5342355966567993,0.32605963945388794,0.11264606565237045,0.06998384743928909,0.0948643758893013,0.0948643684387207,0.025790413841605186,0.025790413841605186,0.7982895374298096,0.8541752696037292,0.6170235872268677,0.6596372723579407,0.6768796443939209,0.3699971139431,cond_0,cond_0,2.275033503925413
23004922,5.567440871392385,0.13891667127609253,0.9030311107635498,0.681431770324707,-0.5925503969192505,0.13891667127609253,0.004701483063399792,0.13940276205539703,0.13940276205539703,0.0016529768472537398,0.0016529768472537398,1.0317955017089844,1.0061064958572388,0.7067276835441589,0.6439573764801025,0.6978322863578796,0.5641925930976868,cond_0,cond_0,1.011309117233366
10202345,5.0391109625445765,0.02201095223426819,1.1658403873443604,0.3741649389266968,-1.104166865348816,0.03132520243525505,0.013751518912613392,0.022707659751176834,0.015708517283201218,0.004837451968342066,0.003793518990278244,1.3668521642684937,1.3241486549377441,1.168450117111206,1.1212254762649536,1.2524501085281372,1.23406982421875,cond_0,cond_1,0.4829792083855571
64493027,0.4011823236942291,0.08285454660654068,1.0143524408340454,0.9338127970695496,0.39611178636550903,0.08285454660654068,0.00010299640416633338,0.08239468932151794,0.08239468932151794,3.788746107602492e-5,3.788746107602492e-5,0.9201522469520569,0.6719637513160706,0.4894599914550781,0.6077216267585754,0.48957812786102295,0.6204308867454529,cond_0,cond_0,2.128235876714796
66406040,5.462116364632742,0.1943112164735794,0.8405834436416626,0.5728065967559814,-0.6152017116546631,0.19431118667125702,0.01270681619644165,0.19187362492084503,0.19187363982200623,0.004458062816411257,0.004458062816411257,1.1512386798858643,1.3330376148223877,0.8016992807388306,0.6864655613899231,0.7799639701843262,0.5592774152755737,cond_0,cond_0,0.9059846104737224
50197261,6.042454902325765,0.39874640107154846,1.1319878101348877,1.0993459224700928,-0.2698795199394226,0.39874640107154846,0.008710389956831932,0.39142170548439026,0.39142173528671265,0.0031225315760821104,0.0031225315760821104,1.5342977046966553,1.3266669511795044,0.3058050870895386,0.5189514756202698,0.29339584708213806,0.640649139881134,cond_0,cond_0,1.486323148166746
10100862,3.477006737385885,0.2831774353981018,0.5232824087142944,-0.4941220283508301,-0.17224368453025818,0.2831774353981018,0.11362983286380768,0.25042998790740967,0.25042998790740967,0.041738469153642654,0.041738469153642654,1.4979164600372314,2.0417962074279785,1.9942008256912231,1.3861110210418701,1.5514503717422485,0.9373460412025452,cond_0,cond_0,5.204060290406452
20236838,4.849025789891378,0.02502676472067833,1.1686698198318481,0.15918689966201782,-1.1577774286270142,0.018753793090581894,0.01422475092113018,0.010587583296000957,0.014785626903176308,0.005036740563809872,0.004284936003386974,1.3665530681610107,1.4440958499908447,1.319956660270691,1.1457122564315796,1.4192453622817993,1.2669516801834106,cond_0,cond_1,0.29289403573235884
21403733,1.3354219198226929,0.03161540627479553,1.2929065227508545,0.30151498317718506,1.257257342338562,0.03161541372537613,0.04289710521697998,0.008145557716488838,0.008145557716488838,0.015461580827832222,0.015461576171219349,1.3327895402908325,1.5070923566818237,1.275477647781372,0.9840542078018188,1.4503626823425293,1.2370861768722534,cond_0,cond_0,3.0624754728432597
81086436,0.4048628807067871,0.32193154096603394,0.8715659379959106,0.8011054396629333,0.34330350160598755,0.32193154096603394,0.00824765395373106,0.3224811553955078,0.3224811553955078,0.003034153487533331,0.003034153487533331,1.4711718559265137,1.2223747968673706,0.49260392785072327,0.6089351177215576,0.5080206990242004,0.49778690934181213,cond_0,cond_0,2.131916433727354
89546375,6.133663345371382,0.02777586318552494,0.9006532430648804,0.8906041383743286,-0.13416621088981628,0.02777586504817009,0.004934889264404774,0.028010811656713486,0.028010809794068336,0.0017772223800420761,0.0017772223800420761,0.5538320541381836,0.5063936114311218,0.2547775208950043,0.5129373669624329,0.3059050738811493,0.4215780198574066,cond_0,cond_0,1.5775315912123622
31908032,0.625839352607727,0.2759689688682556,0.9592656493186951,0.7774577140808105,0.5619164705276489,0.2759689390659332,0.0008296446176245809,0.2761581242084503,0.2761581242084503,0.0003057738358620554,0.0003057738649658859,1.2720617055892944,1.469057321548462,0.6854982972145081,0.6895341873168945,0.6798468828201294,0.6548498272895813,cond_0,cond_0,2.352892905628294
20767628,2.8856289386749268,0.23756814002990723,0.8370912671089172,-0.8098186254501343,0.21193300187587738,0.23756814002990723,0.013269626535475254,0.23632919788360596,0.23632919788360596,0.004753309302031994,0.004753309302031994,1.6421133279800415,2.2239251136779785,2.004955768585205,1.3961516618728638,1.8527114391326904,1.2427918910980225,cond_0,cond_0,4.612682491695494
27313862,3.2567768732654017,0.015211771242320538,0.9156783819198608,-0.9096107482910156,-0.1052386462688446,0.015211773104965687,0.003555068513378501,0.015739409253001213,0.015739407390356064,0.0012962298933416605,0.0012962298933416605,1.4259504079818726,2.011200428009033,2.0189480781555176,1.4027950763702393,1.9391344785690308,1.3227314949035645,cond_0,cond_0,4.9838304262859685
20251391,4.775010649357931,0.24777385592460632,0.9380658864974976,0.05870485305786133,-0.9362271428108215,0.24777385592460632,0.0019179161172360182,0.24850495159626007,0.24850496649742126,0.0006812697974964976,0.000681270204950124,1.54237699508667,1.804210901260376,1.3760136365890503,0.9980892539024353,1.3403979539871216,0.9466695785522461,cond_0,cond_0,0.21887889519891157
482428,5.632806603108541,0.2773590683937073,1.0475530624389648,0.8336998820304871,-0.6342806816101074,0.2773590683937073,0.001130646443925798,0.27603501081466675,0.27603501081466675,0.0003982455818913877,0.0003982455818913877,1.3350218534469604,1.2984938621520996,0.6476988196372986,0.619496762752533,0.6541861891746521,0.6600647568702698,cond_0,cond_0,1.076674848949522
39721045,4.031384770070211,0.16495946049690247,0.805530309677124,-0.5071405172348022,-0.6258494853973389,0.16495946049690247,0.01890922710299492,0.16069136559963226,0.16069136559963226,0.006941633764654398,0.006941633764654398,1.4518853425979614,1.9568780660629272,1.8239349126815796,1.2760790586471558,1.6620625257492065,1.0998525619506836,cond_0,cond_0,5.758438323090778
10101291,4.617435042058126,0.8843116760253906,0.8176353573799133,-0.07752108573913574,-0.8139521479606628,0.8843117952346802,0.016628436744213104,0.8843584060668945,0.8843584060668945,0.005951299332082272,0.005951301660388708,2.3294451236724854,2.6155097484588623,1.4892058372497559,1.066469669342041,1.375580072402954,0.9141486883163452,cond_0,cond_0,0.061303287899106884
77143621,5.27870744863619,0.2569406032562256,0.9818828105926514,0.526808500289917,-0.8285931348800659,0.3458206057548523,0.00016411619435530156,0.34598150849342346,0.25743937492370605,5.751692151534371e-5,4.0407721826341e-5,1.4403181076049805,1.606764316558838,0.9646011590957642,1.089673638343811,0.9587005972862244,1.0785332918167114,cond_0,cond_1,0.7225756944771708
20904509,3.318036142979757,0.14786654710769653,1.4393699169158936,-1.4170225858688354,-0.25265181064605713,0.15588615834712982,0.09652296453714371,0.10493471473455429,0.12524615228176117,0.03527834266424179,0.026480281725525856,1.3457680940628052,2.6228842735290527,2.014547824859619,1.0473482608795166,2.430600643157959,1.3458000421524048,cond_0,cond_1,5.045089696000324
11259716,2.392638683319092,0.2725113034248352,0.42312687635421753,-0.3098987340927124,0.28809571266174316,0.24697470664978027,0.1663913130760193,0.19429489970207214,0.2470777928829193,0.05845516175031662,0.037337206304073334,1.4551138877868652,1.834244728088379,1.8821521997451782,0.9532511234283447,1.3986523151397705,0.7155957818031311,cond_0,cond_1,4.119692236339659
92113025,2.8212404251098633,0.5226496458053589,1.1635794639587402,-1.1043819189071655,0.36641210317611694,0.6735743284225464,0.013379120267927647,0.664823591709137,0.5168437957763672,0.0047772591933608055,0.0029923883266747,1.893944263458252,2.842078685760498,1.9955222606658936,0.9627452492713928,2.1477768421173096,1.0535260438919067,cond_0,cond_1,4.54829397813043
10460587,5.958682600651876,0.2633993625640869,1.032468318939209,0.9785831570625305,-0.32918959856033325,0.2633993625640869,0.0005270951660349965,0.26245808601379395,0.26245805621147156,0.00018817133968695998,0.00018817133968695998,1.2106578350067139,1.208160638809204,0.3664385676383972,0.5303288102149963,0.361595094203949,0.5597594380378723,cond_0,cond_0,1.4025508464928569
5498462,2.472301959991455,0.03102845512330532,0.7909308671951294,-0.6202969551086426,0.4907171130180359,0.03102845512330532,0.021854951977729797,0.027627747505903244,0.027627747505903244,0.007693580351769924,0.007693580351769924,1.2664823532104492,1.8503751754760742,1.9096945524215698,1.3405205011367798,1.7269549369812012,1.1491910219192505,cond_0,cond_0,4.199355513012022
11165535,6.150209445749418,0.1480645388364792,1.0591803789138794,1.0498296022415161,-0.14043068885803223,0.148064523935318,0.0017511601326987147,0.14573225378990173,0.14573225378990173,0.0006311748875305057,0.0006311748875305057,1.0385560989379883,0.7498112320899963,0.2479848861694336,0.5125764012336731,0.22958983480930328,0.5675073862075806,cond_0,cond_0,1.5940776915903987
20249897,5.240140024815695,0.38577595353126526,1.0065407752990723,0.5068854689598083,-0.8695926666259766,0.38577598333358765,2.139100615750067e-5,0.3856491446495056,0.3856491148471832,7.498448212572839e-6,7.498483228118857e-6,1.5225847959518433,1.7526166439056396,0.9982156157493591,0.7843791842460632,1.000552773475647,0.7897092700004578,cond_0,cond_0,0.6840082706566752
10514454,0.7566558122634888,0.29355841875076294,0.781237781047821,0.5680660009384155,0.5363147854804993,0.29355841875076294,0.0239284485578537,0.28670376539230347,0.28670376539230347,0.008808935061097145,0.00880893412977457,1.3660731315612793,1.4593532085418701,0.8001708388328552,0.7422101497650146,0.7730655074119568,0.5657060146331787,cond_0,cond_0,2.4837093652840556
50405042,1.727429747581482,0.0845629945397377,1.0051249265670776,-0.1567932367324829,0.9928202629089355,0.0845629870891571,1.313231678068405e-5,0.08442338556051254,0.08442340046167374,4.646128672902705e-6,4.646128672902705e-6,1.3686869144439697,1.707452416419983,1.5478781461715698,1.1334670782089233,1.551384687423706,1.1378875970840454,cond_0,cond_0,3.454483300602049
20522343,5.888966445122854,0.45756983757019043,0.3375357985496521,0.3116457462310791,-0.12964314222335815,0.4575698971748352,0.21942941844463348,0.38145118951797485,0.38145118951797485,0.07807521522045135,0.07807521522045135,1.3543782234191895,1.6354299783706665,0.4226401150226593,0.5438153743743896,0.7954431772232056,0.2075870931148529,cond_0,cond_0,1.3328346909638347
10669174,5.236157600079672,0.27765876054763794,1.4171282052993774,0.7087725400924683,-1.2271486520767212,0.19857323169708252,0.08699797093868256,0.15865324437618256,0.2290383279323578,0.030497312545776367,0.021837489679455757,1.8785724639892578,1.4362179040908813,1.0016711950302124,1.095024585723877,1.2059167623519897,1.370739459991455,cond_0,cond_1,0.6800258459206523
90544686,0.23106135427951813,0.4733140468597412,1.1079906225204468,1.0785444974899292,0.2537418007850647,0.4733140468597412,0.005830987822264433,0.4685865044593811,0.4685865342617035,0.0021352958865463734,0.0021352958865463734,1.725303053855896,1.638988971710205,0.35152190923690796,0.5581361651420593,0.34743958711624146,0.6569032669067383,cond_0,cond_0,1.958114907300085
99746564,3.998888079320089,0.06833325326442719,0.45089155435562134,-0.2951016426086426,-0.3409079313278198,0.06833325326442719,0.15076003968715668,0.018058568239212036,0.018058564513921738,0.05539046600461006,0.05539047718048096,0.8440456390380859,1.472754955291748,1.8380537033081055,1.2851109504699707,1.3911327123641968,0.7969211339950562,cond_0,cond_0,5.725941632340656
45566083,6.138569612299101,0.22209987044334412,0.9534335732460022,0.9434810280799866,-0.13740137219429016,0.22209987044334412,0.0010842166375368834,0.22287771105766296,0.22287774085998535,0.0003905606863554567,0.0003905606863554567,1.2466692924499512,0.991305947303772,0.2526697516441345,0.5128068923950195,0.2740543782711029,0.4698255956172943,cond_0,cond_0,1.5824378581400813
20939708,1.5443073511123657,0.17494013905525208,0.9428092837333679,0.0249711275100708,0.9424785375595093,0.17494013905525208,0.0016353876562789083,0.1756925731897354,0.1756925731897354,0.0005833377945236862,0.0005833380273543298,1.4883370399475098,1.6382114887237549,1.426685094833374,1.0662509202957153,1.3919519186019897,1.017871618270874,cond_0,cond_0,3.2713609041329326
92393245,0.7021058797836304,0.10830018669366837,0.5415741205215454,0.4134830832481384,0.3497631549835205,0.10830019414424896,0.10507714003324509,0.07280734181404114,0.07280735671520233,0.03870905935764313,0.03870905563235283,0.7487642765045166,1.041535496711731,0.75248783826828,0.7199439406394958,0.7821624279022217,0.38786938786506653,cond_0,cond_0,2.429159432804197
20682204,3.350502077733175,0.17148110270500183,1.157177448272705,-1.132017731666565,-0.23999075591564178,0.17148108780384064,0.012352379970252514,0.161900132894516,0.16190014779567719,0.004519992507994175,0.004519994370639324,1.8957929611206055,2.4545114040374756,2.011439800262451,1.3975988626480103,2.159904718399048,1.546915888786316,cond_0,cond_0,5.077555630753742
50106578,2.216217517852783,0.6003741025924683,0.763827383518219,-0.4594688415527344,0.6101808547973633,0.6003741025924683,0.02788875438272953,0.5931689143180847,0.5931689143180847,0.009774411097168922,0.009774412959814072,2.017164468765259,2.4859375953674316,1.8111523389816284,1.283220887184143,1.6194097995758057,1.0725600719451904,cond_0,cond_0,3.94327107087335
60922329,0.8562818765640259,0.12613433599472046,0.5592230558395386,0.3664312958717346,0.4224435091018677,0.12613433599472046,0.09714214503765106,0.09795612096786499,0.09795614331960678,0.03569168969988823,0.03569168597459793,0.910799503326416,0.985296368598938,0.8864283561706543,0.7836397886276245,0.8521836996078491,0.45999643206596375,cond_0,cond_0,2.5833354295845927
15196848,0.9436624646186829,0.3670172095298767,1.412320852279663,0.8287872076034546,1.1435742378234863,0.3670172095298767,0.08500424772500992,0.3257233500480652,0.3257233798503876,0.031156376004219055,0.031156376004219055,1.7784957885742188,1.8710044622421265,0.960910975933075,0.8204571008682251,1.1651521921157837,1.1814452409744263,cond_0,cond_0,2.6707160176392497
11460357,6.091902036462919,0.08319711685180664,0.7214291095733643,0.7082710266113281,-0.13715732097625732,0.1044837236404419,0.03880087658762932,0.09454291313886642,0.07790150493383408,0.013944169506430626,0.009026089683175087,1.364314317703247,0.8796687722206116,0.2756030559539795,1.0589693784713745,0.44563671946525574,0.9054727554321289,cond_0,cond_1,1.5357702823038997
14452889,5.346626702939169,0.206867054104805,1.0200318098068237,0.6044337749481201,-0.8216596841812134,0.2068670243024826,0.00020063720876351,0.20644037425518036,0.20644040405750275,7.031570567050949e-5,7.031574205029756e-5,1.3317205905914307,1.4654066562652588,0.9047996401786804,0.7363613843917847,0.910845935344696,0.7527904510498047,cond_0,cond_0,0.7904949487801494
50303145,1.8821414709091187,0.24653732776641846,0.6324895024299622,-0.19375646114349365,0.6020808815956116,0.24653737246990204,0.06753198802471161,0.22994887828826904,0.22994887828826904,0.023766178637742996,0.023766180500388145,1.4146955013275146,1.6452670097351074,1.6411515474319458,1.1859486103057861,1.3881410360336304,0.8740386962890625,cond_0,cond_0,3.6091950239296855
35072859,5.576103154812948,0.32006269693374634,1.105921983718872,0.8407889008522034,-0.7184270620346069,0.32006269693374634,0.005609733983874321,0.3160157799720764,0.3160157799720764,0.001972740050405264,0.0019727398175746202,1.5390915870666504,1.4166390895843506,0.6989014744758606,0.6406221985816956,0.721011757850647,0.730835497379303,cond_0,cond_0,1.0199714006539287
20996621,4.581005875264303,0.08642580360174179,0.5860893130302429,-0.07678091526031494,-0.5810381770133972,0.0864257961511612,0.08566103130578995,0.05733508989214897,0.05733508989214897,0.030713971704244614,0.030713971704244614,0.9253028035163879,1.3300944566726685,1.5141072273254395,1.0817115306854248,1.2681117057800293,0.746432900428772,cond_0,cond_0,0.024874121105283642
10246987,0.7293636202812195,0.6048752069473267,1.2278900146484375,0.9155131578445435,0.818260133266449,0.6048752069473267,0.025966929271817207,0.5851795077323914,0.5851795077323914,0.009562972001731396,0.009562976658344269,2.0628914833068848,1.7842570543289185,0.7763462066650391,0.7310242056846619,0.8557759523391724,0.9300011396408081,cond_0,cond_0,2.4564171733017863
10516762,1.1920320987701416,0.2506065368652344,0.589927077293396,0.21813887357711792,0.5481144189834595,0.2506065368652344,0.08407990634441376,0.22969964146614075,0.22969964146614075,0.030516523867845535,0.03051651641726494,1.2337350845336914,1.3608897924423218,1.164559006690979,0.9250892996788025,1.0286020040512085,0.6110296249389648,cond_0,cond_0,2.9190856517907084
50105987,6.060755212103025,0.23784251511096954,1.0370436906814575,1.0114953517913818,-0.22877237200737,0.23784251511096954,0.0006861172150820494,0.23679137229919434,0.23679137229919434,0.0002461889816913754,0.0002461889816913754,1.2332754135131836,1.1647697687149048,0.29402869939804077,0.5172024965286255,0.2845768332481384,0.5512875318527222,cond_0,cond_0,1.5046234579440059
14184286,0.560256838798523,0.2911171615123749,1.0085344314575195,0.8543483018875122,0.5359389781951904,0.29111719131469727,3.6418459785636514e-5,0.29096508026123047,0.2909650504589081,1.3421727999229915e-5,1.3421727999229915e-5,1.4536077976226807,1.4646010398864746,0.6278097629547119,0.6642602682113647,0.6288896203041077,0.6716444492340088,cond_0,cond_0,2.28731039181909
50103129,0.5182607173919678,0.22023527324199677,1.0875316858291626,0.9447192549705505,0.5387305021286011,0.22023527324199677,0.003830899018794298,0.21581566333770752,0.21581566333770752,0.0014114804798737168,0.0014114797813817859,1.3511130809783936,1.0317730903625488,0.5909538865089417,0.6486043930053711,0.6046167612075806,0.7255410552024841,cond_0,cond_0,2.2453142704125346
50302004,3.157809082661764,0.08636708557605743,1.2793121337890625,-1.2791439294815063,-0.020744942128658295,0.12271592766046524,0.03900763392448425,0.09853889793157578,0.07963746041059494,0.014161454513669014,0.009907703846693039,1.5079795122146606,2.5297272205352783,2.0220189094543457,1.0150083303451538,2.2868409156799316,1.1903038024902344,cond_0,cond_1,4.884862635682331
53772202,5.674801472817556,0.20541341602802277,0.8866048455238342,0.7275238037109375,-0.5067319273948669,0.20541341602802277,0.006429231725633144,0.20572690665721893,0.20572690665721893,0.002267636591568589,0.0022676363587379456,1.1947197914123535,1.0325082540512085,0.6098825931549072,0.6047163009643555,0.6108685731887817,0.5098052620887756,cond_0,cond_0,1.1186697186585368
50301963,4.598888341580526,0.08607593923807144,0.6748169660568237,-0.07642781734466553,-0.6704750061035156,0.08607593178749084,0.052872009575366974,0.0703323632478714,0.0703323632478714,0.01894037052989006,0.01894037052989006,0.989368736743927,1.3865337371826172,1.5019451379776,1.0742589235305786,1.3055195808410645,0.8074805736541748,cond_0,cond_0,0.042756587421506786
20416210,2.323420763015747,0.21759764850139618,0.4361085295677185,-0.2981048822402954,0.31831449270248413,0.25584906339645386,0.15898677706718445,0.20723509788513184,0.17723585665225983,0.055781424045562744,0.03639858588576317,1.6030203104019165,1.8004567623138428,1.8559162616729736,0.9584658741950989,1.3939175605773926,0.7200333476066589,cond_0,cond_1,4.050474316036314
67185070,1.7401858568191528,0.39611178636550903,0.8947163224220276,-0.150831937789917,0.881911039352417,0.3961118757724762,0.005542329512536526,0.3968048095703125,0.3968047499656677,0.0019598749931901693,0.0019598754588514566,1.8242429494857788,1.928700566291809,1.5558944940567017,1.1379523277282715,1.4850072860717773,1.047816276550293,cond_0,cond_0,3.4672394098397197
20297791,4.389627997075216,0.2568013072013855,0.7328194975852966,-0.23244023323059082,-0.6949790716171265,0.2568013072013855,0.03569271042943001,0.24522630870342255,0.24522629380226135,0.012920327484607697,0.012920327484607697,1.50296950340271,1.8196868896484375,1.6364964246749878,1.1575278043746948,1.4479233026504517,0.928458571434021,cond_0,cond_0,6.116681550095783
65001607,1.020738124847412,0.0545453205704689,0.9424369931221008,0.49264657497406006,0.8034219741821289,0.0545453205704689,0.0016567518468946218,0.05520545318722725,0.055205464363098145,0.0006056480342522264,0.0006056476267986,0.9581648111343384,1.1587413549423218,1.025493860244751,0.8530605435371399,1.0042643547058105,0.8053556680679321,cond_0,cond_0,2.747791677867979
10100574,0.5930912494659424,0.5652185678482056,0.4402391314506531,0.3650537133216858,0.2460615187883377,0.5652186870574951,0.156666100025177,0.5040042996406555,0.5040042996406555,0.05774234980344772,0.05774234980344772,1.6182348728179932,1.9355496168136597,0.6566852331161499,0.6767985224723816,0.7839255332946777,0.3077683746814728,cond_0,cond_0,2.3201448024865092
10436131,2.5598161220550537,0.06170479580760002,1.1194738149642944,-0.9353066682815552,0.615161120891571,0.06170479208230972,0.007136994041502476,0.05620346590876579,0.05620346590876579,0.0025196080096066,0.0025196087080985308,1.6236435174942017,2.153266429901123,1.9366121292114258,1.3562666177749634,2.043889284133911,1.4668434858322144,cond_0,cond_0,4.286869675075621
20254164,5.614595536385671,0.6284881830215454,0.9158074259757996,0.7186309695243835,-0.5676907300949097,0.6284881830215454,0.0035441932268440723,0.6292877197265625,0.6292877197265625,0.0012476863339543343,0.001247686566784978,1.8666117191314697,1.9450291395187378,0.6641327738761902,0.6261423826217651,0.6588689684867859,0.5561082363128662,cond_0,cond_0,1.058463782226652
17929065,5.757480208073751,0.3849073052406311,1.061540961265564,0.9182014465332031,-0.5327056646347046,0.3849073052406311,0.0018936453852802515,0.38255706429481506,0.38255706429481506,0.000669945846311748,0.0006699456716887653,1.4817503690719604,1.4459511041641235,0.5360714793205261,0.5780957937240601,0.5396139025688171,0.6319291591644287,cond_0,cond_0,1.2013484539147319
20602974,0.7627888917922974,0.25551724433898926,1.2685555219650269,0.9170538783073425,0.8764961361885071,0.25551724433898926,0.036061033606529236,0.2371322214603424,0.2371322214603424,0.013274131342768669,0.013274133205413818,1.4228191375732422,1.5382033586502075,0.8055146932601929,0.7447353601455688,0.9077030420303345,0.97951740026474,cond_0,cond_0,2.489842444812864
50105725,5.141286675130026,0.08225274085998535,1.122606635093689,0.4668568968772888,-1.0209262371063232,0.08225274085998535,0.007516195066273212,0.0768994465470314,0.0768994465470314,0.002638008212670684,0.002638008212670684,1.1556445360183716,1.2434535026550293,1.0830533504486084,0.8299328684806824,1.1379084587097168,0.9315019249916077,cond_0,cond_0,0.5851549209710063
50301701,5.682894531880514,0.2776143550872803,1.1066231727600098,0.9131537675857544,-0.6251119375228882,0.2776143550872803,0.005684251431375742,0.2734808921813965,0.27348095178604126,0.0020054313354194164,0.0020054313354194164,1.4046452045440674,1.3258719444274902,0.602613091468811,0.6019599437713623,0.6178877353668213,0.6943908333778381,cond_0,cond_0,1.1267627777214946
16068769,5.040406529103414,0.34684547781944275,1.2226319313049316,0.39389151334762573,-1.157444715499878,0.34684547781944275,0.024782488122582436,0.3334668278694153,0.3334668278694153,0.008717576041817665,0.008717577904462814,1.7744799852371216,1.8748142719268799,1.1673833131790161,0.8767807483673096,1.2830954790115356,1.0637123584747314,cond_0,cond_0,0.48427477494439497
2525608,0.3629648983478546,0.2448786497116089,0.9750863909721375,0.9115577936172485,0.34620201587677,0.2448786497116089,0.0003103441558778286,0.2452680617570877,0.2452680766582489,0.00011407006240915507,0.0001140700769610703,1.3228236436843872,1.180262565612793,0.4570876657962799,0.5954371690750122,0.4587039053440094,0.5733554363250732,cond_0,cond_0,2.0900184513684215
11200645,0.5172432661056519,0.34909534454345703,1.0065466165542603,0.8748759031295776,0.49772316217422485,0.34909534454345703,2.1429073967738077e-5,0.3488521873950958,0.34885215759277344,7.895297130744439e-6,7.895297130744439e-6,1.5756806135177612,1.282327651977539,0.5900626182556152,0.6482309699058533,0.5906778573989868,0.6539257764816284,cond_0,cond_0,2.2442968191262187
50402017,2.9581878185272217,0.45521384477615356,0.5660410523414612,-0.5565476417541504,0.10323360562324524,0.642868161201477,0.09416016936302185,0.6118307113647461,0.4506138861179352,0.033852506428956985,0.021966924890875816,1.2911344766616821,2.2831249237060547,2.0131306648254395,0.9803484678268433,1.6057683229446411,0.7744254469871521,cond_0,cond_1,4.6852413715477885
92371267,6.245741550122396,0.252270370721817,1.0781224966049194,1.077366828918457,-0.04035952687263489,0.252270370721817,0.003051560837775469,0.24867244064807892,0.24867244064807892,0.0011050557950511575,0.0011050557950511575,1.3595505952835083,0.9553045630455017,0.22903738915920258,0.5148736834526062,0.2045619785785675,0.5876137018203735,cond_0,cond_0,1.689609795963377
21190619,5.674577836190359,0.02936297282576561,0.9402309656143188,0.7714077234268188,-0.5375540256500244,0.02936297282576561,0.001786168897524476,0.029855217784643173,0.029855212196707726,0.0006299897795543075,0.0006299896631389856,0.6664978265762329,0.77318274974823,0.6100835800170898,0.6047928333282471,0.6082728505134583,0.554245114326477,cond_0,cond_0,1.1184460820313396
10218339,1.7846099138259888,0.3101947605609894,0.6493642330169678,-0.13778746128082275,0.6345774531364441,0.3101947605609894,0.06147271767258644,0.2955871820449829,0.2955871820449829,0.021701782941818237,0.021701782941818237,1.480543851852417,1.72239089012146,1.5833615064620972,1.153356909751892,1.3547273874282837,0.8591285943984985,cond_0,cond_0,3.5116634668465556
36830117,5.399373177682058,0.22332799434661865,1.2710943222045898,0.8061385750770569,-0.9827620983123779,0.22332796454429626,0.0367460697889328,0.20245900750160217,0.20245902240276337,0.012882305309176445,0.012882305309176445,1.4499149322509766,1.4667001962661743,0.8578999638557434,0.7132249474525452,0.9601441621780396,0.9436216950416565,cond_0,cond_0,0.8432414235230388
37251992,0.6054819822311401,0.2890068590641022,0.9442144632339478,0.7763594388961792,0.537407636642456,0.2890067994594574,0.0015560114989057183,0.290062814950943,0.290062814950943,0.0005735002341680229,0.000573500175960362,1.4644972085952759,1.3196475505828857,0.6675873398780823,0.6815916299819946,0.6612336039543152,0.6341046094894409,cond_0,cond_0,2.332535535251707
50103093,0.5008701086044312,0.4063184857368469,1.0731645822525024,0.9413425326347351,0.5153217911720276,0.4063185155391693,0.0026765265502035618,0.4044683873653412,0.4044683873653412,0.0009860030841082335,0.0009860035497695208,1.6112556457519531,1.699445366859436,0.5757355690002441,0.6422595381736755,0.5855311751365662,0.7066030502319336,cond_0,cond_0,2.227923661624998
70917649,2.46254825592041,0.21784326434135437,1.279971957206726,-0.9960399866104126,0.8038859367370605,0.21784329414367676,0.03919214755296707,0.1964615285396576,0.1964615136384964,0.013792912475764751,0.0137929143384099,1.9058802127838135,2.43532133102417,1.9064768552780151,1.3386403322219849,2.154428243637085,1.5965152978897095,cond_0,cond_0,4.189601808940977
50107619,5.520058218632833,0.3271004259586334,0.9876627326011658,0.7137622833251953,-0.6826573610305786,0.32710039615631104,7.61043920647353e-5,0.32734838128089905,0.32734838128089905,2.6728168450063094e-5,2.6728168450063094e-5,1.4081891775131226,1.6209049224853516,0.749514639377594,0.6626573204994202,0.7473337650299072,0.6524158120155334,cond_0,cond_0,0.9639264644738139
10478041,2.6657395362854004,0.46461278200149536,0.8898508548736572,-0.7909904718399048,0.40763789415359497,0.46461278200149536,0.006066417321562767,0.4640990197658539,0.4640990197658539,0.002150631742551923,0.002150631742551923,2.000831127166748,2.329528570175171,1.9644147157669067,1.3725463151931763,1.8642021417617798,1.2700961828231812,cond_0,cond_0,4.392793089305967
87779516,4.744581524525778,0.2564942538738251,0.2629888951778412,0.008464813232421875,-0.26285263895988464,0.2564942538738251,0.2715926766395569,0.16001950204372406,0.16001948714256287,0.09660737216472626,0.09660738706588745,0.9723857045173645,1.3141027688980103,1.39854097366333,1.0115724802017212,1.0955184698104858,0.5048968195915222,cond_0,cond_0,0.18844977036675825
50101659,1.140769124031067,0.16795368492603302,0.36005356907844543,0.15010470151901245,0.32727229595184326,0.16795365512371063,0.2047657072544098,0.09681057184934616,0.09681057929992676,0.07449106872081757,0.07449106872081757,0.7897822856903076,1.2043038606643677,1.123641848564148,0.9036601185798645,0.9950678944587708,0.47096362709999084,cond_0,cond_0,2.8678226770516337
91707643,4.772596780453817,0.050308018922805786,0.8124027252197266,0.04888343811035156,-0.8109306693077087,0.050308018922805786,0.017596367746591568,0.04612626135349274,0.04612625390291214,0.0062511516734957695,0.006251154933124781,0.9735963344573975,1.3863121271133423,1.3778120279312134,0.9991632699966431,1.2748770713806152,0.8461379408836365,cond_0,cond_0,0.2164650262947978
72650337,5.80336913863291,0.0817047506570816,0.4284486472606659,0.3800681233406067,-0.19777879118919373,0.09159910678863525,0.16333547234535217,0.03878983110189438,0.04621738940477371,0.057894982397556305,0.03564878925681114,0.8653725981712341,0.7757629752159119,0.4957398474216461,1.0510114431381226,0.7441661953926086,0.7757171988487244,cond_0,cond_1,1.2472373844738902
25300551,6.026904765759603,0.05952383950352669,0.8471480011940002,0.8194797039031982,-0.21473874151706696,0.0507156141102314,0.01168186403810978,0.049079544842243195,0.06197133660316467,0.004184490069746971,0.002659181132912636,1.2606979608535767,0.7499949932098389,0.31629034876823425,1.0554136037826538,0.38309726119041443,0.9695541262626648,cond_0,cond_1,1.470773011600584
50500136,0.5339723825454712,0.19366766512393951,0.8551453351974487,0.7361023426055908,0.4352320432662964,0.1936676800251007,0.01049143634736538,0.19401942193508148,0.1940194070339203,0.0038659796118736267,0.0038659796118736267,1.124263048171997,1.0210511684417725,0.6047278046607971,0.6544083952903748,0.6060289740562439,0.5321565866470337,cond_0,cond_0,2.261025935566038
41285665,6.220966104661123,0.3208398222923279,1.0174310207366943,1.0154622793197632,-0.06326290965080261,0.3208398222923279,0.00015192011778708547,0.3204112946987152,0.3204112946987152,5.494914876180701e-5,5.494914876180701e-5,1.415201187133789,1.3377251625061035,0.23033486306667328,0.5135661959648132,0.22297903895378113,0.5297577977180481,cond_0,cond_0,1.6648343505021037
77239958,2.5040271282196045,0.19879576563835144,0.6447746157646179,-0.5181068181991577,0.3837963342666626,0.19879576563835144,0.06309252977371216,0.1822914332151413,0.1822914332151413,0.022231845185160637,0.022231850773096085,1.361769676208496,1.887397289276123,1.9198601245880127,1.3464637994766235,1.608847737312317,1.021480917930603,cond_0,cond_0,4.231080681240171
70883578,0.0331122949719429,0.26756173372268677,1.2188447713851929,1.2181766033172607,0.04035137593746185,0.26756173372268677,0.02394651249051094,0.2519911825656891,0.2519911825656891,0.008700313046574593,0.008700313046574593,1.3127187490463257,1.0989527702331543,0.23968327045440674,0.5212485194206238,0.2397666871547699,0.7255844473838806,cond_0,cond_0,1.7601658479925097
15138884,5.6914748589145105,0.2849518656730652,0.44950470328330994,0.3730834126472473,-0.2507253885269165,0.2849518656730652,0.15152251720428467,0.2360897958278656,0.2360897809267044,0.053473882377147675,0.053473882377147675,1.0894471406936646,1.2092704772949219,0.5949141979217529,0.5990716814994812,0.7627187371253967,0.24727663397789001,cond_0,cond_0,1.1353431047554912
20944237,2.387913703918457,0.45439115166664124,1.015475869178772,-0.7404607534408569,0.6949166059494019,0.45439109206199646,0.00011975156667176634,0.4539584517478943,0.4539584517478943,4.206593439448625e-5,4.206589801469818e-5,2.034069299697876,2.366299867630005,1.8804287910461426,1.3234401941299438,1.8938101530075073,1.3375648260116577,cond_0,cond_0,4.114967256939024
65736039,1.344163179397583,0.41131559014320374,0.5488898158073425,0.12333446741104126,0.5348538160324097,0.4113156199455261,0.10175017267465591,0.37544143199920654,0.37544140219688416,0.03665819764137268,0.03665820136666298,1.5004969835281372,1.9193376302719116,1.282060980796814,0.9875912666320801,1.0974650382995605,0.6396458148956299,cond_0,cond_0,3.07121673241815
20583594,1.9156447649002075,0.3037876486778259,1.1359504461288452,-0.38401269912719727,1.0690733194351196,0.3037876486778259,0.009241264313459396,0.2980150282382965,0.2980150580406189,0.0032493136823177338,0.0032493132166564465,1.7936556339263916,2.2937231063842773,1.6601859331130981,1.1967365741729736,1.7630605697631836,1.316608190536499,cond_0,cond_0,3.6426983179207744
20963578,0.3579166531562805,0.15008330345153809,1.2635092735290527,1.183439016342163,0.44263720512390137,0.15925100445747375,0.03471855819225311,0.14040853083133698,0.12039710581302643,0.01275971345603466,0.01036702562123537,1.8216553926467896,1.1333484649658203,0.45285359025001526,1.1104620695114136,0.5081424117088318,1.2983770370483398,cond_0,cond_1,2.0849702061768474
20254588,5.821178112422125,0.4146810472011566,0.3293028175830841,0.29477858543395996,-0.14678533375263214,0.4146810472011566,0.22491735219955444,0.33693042397499084,0.33693042397499084,0.07978393137454987,0.07978393137454987,1.356705665588379,1.65399169921875,0.4802665412425995,0.5601425170898438,0.8130302429199219,0.22671301662921906,cond_0,cond_0,1.2650463582631053
89001223,0.5161873698234558,0.30849605798721313,0.5646060705184937,0.49104201793670654,0.27867138385772705,0.30849605798721313,0.09478393197059631,0.2800365388393402,0.2800365388393402,0.03492218255996704,0.03492218255996704,1.1289241313934326,1.3436936140060425,0.589137852191925,0.6478435397148132,0.6902797222137451,0.32245466113090515,cond_0,cond_0,2.2432409228440227
21406218,0.4442060589790344,0.09090795367956161,0.8797562718391418,0.7943778038024902,0.3780674338340759,0.09090795367956161,0.007229276932775974,0.09085305035114288,0.09085305035114288,0.0026612961664795876,0.0026612961664795876,0.9485051035881042,0.7854213118553162,0.5264421701431274,0.622217059135437,0.5352257490158081,0.5187013745307922,cond_0,cond_0,2.1712596119996013
72777797,0.19401434063911438,0.22113430500030518,0.8656558990478516,0.8494146466255188,0.1668979972600937,0.22113430500030518,0.009024165570735931,0.21976888179779053,0.21976885199546814,0.003300381125882268,0.003300381125882268,1.148794174194336,1.2431933879852295,0.3247130811214447,0.5493127703666687,0.3759864866733551,0.4286114573478699,cond_0,cond_0,1.9210678936596812
11615242,0.8920043110847473,0.44232019782066345,0.7612459659576416,0.4779507517814636,0.5925018787384033,0.44232019782066345,0.02850174531340599,0.4394311010837555,0.4394311308860779,0.010462449863553047,0.010462451726198196,1.5959120988845825,1.5938043594360352,0.9170267581939697,0.7986562848091125,0.8668109178543091,0.6082836985588074,cond_0,cond_0,2.619057864105314
11395417,1.2617995738983154,0.24114294350147247,0.7003098130226135,0.21296632289886475,0.6671425700187683,0.33227866888046265,0.0449071004986763,0.32179099321365356,0.23012259602546692,0.016245005652308464,0.015539532527327538,1.4444301128387451,1.7460392713546753,1.219200849533081,1.1201176643371582,1.0954978466033936,0.9135153889656067,cond_0,cond_1,2.9888531269188823
21111718,5.819657240306036,0.37760043144226074,0.8518368601799011,0.7619515657424927,-0.38086193799972534,0.3776004910469055,0.010976159945130348,0.3762168288230896,0.3762168288230896,0.0038932666648179293,0.0038932666648179293,1.4434353113174438,1.5878794193267822,0.4815833866596222,0.5605428218841553,0.5080903768539429,0.43305182456970215,cond_0,cond_0,1.2635254861470164
60725338,3.779621426259176,0.09907366335391998,0.8805545568466187,-0.7073242664337158,-0.5244699716567993,0.07847924530506134,0.007133604027330875,0.07745523750782013,0.10532208532094955,0.0026290654204785824,0.0023651334922760725,1.4592231512069702,1.932799220085144,1.920080542564392,1.1361329555511475,1.8134269714355469,1.0508136749267578,cond_0,cond_1,5.506674979279743
94722642,0.007159095257520676,0.25542446970939636,0.6782515048980713,0.6782341003417969,0.004855625331401825,0.25542449951171875,0.05176103487610817,0.24179689586162567,0.24179688096046448,0.018783608451485634,0.018783608451485634,1.0646249055862427,1.2017273902893066,0.23337535560131073,0.5184548497200012,0.46215498447418213,0.23104450106620789,cond_0,cond_0,1.7342126482780875
20504017,5.001483384762899,0.16210348904132843,1.3698391914367676,0.39051973819732666,-1.3129942417144775,0.16210347414016724,0.06839051842689514,0.12809300422668457,0.12809298932552338,0.02408393658697605,0.02408394031226635,1.5527827739715576,1.6518560647964478,1.1992418766021729,0.8948399424552917,1.4090685844421387,1.2097645998001099,cond_0,cond_0,0.44535163060387983
87038802,2.1844558715820312,0.22177369892597198,0.4992091655731201,-0.28747618198394775,0.40812647342681885,0.2217736691236496,0.12539571523666382,0.18477410078048706,0.18477410078048706,0.04394446685910225,0.04394446685910225,1.3262823820114136,1.8165626525878906,1.7969458103179932,1.2750133275985718,1.405710220336914,0.8366552591323853,cond_0,cond_0,3.911509424602598
31813134,5.01230496564974,0.9505531191825867,1.3104236125946045,0.38715147972106934,-1.2519279718399048,0.9505531191825867,0.04818141460418701,0.9273892641067505,0.9273893237113953,0.016961798071861267,0.016961796209216118,2.55094051361084,2.5760858058929443,1.1904244422912598,0.8898231387138367,1.3614646196365356,1.1528078317642212,cond_0,cond_0,0.45617321149072065
24039289,5.437956039105551,0.03013407625257969,0.7643311619758606,0.5071794390678406,-0.5718139410018921,0.03013407625257969,0.027769900858402252,0.023556405678391457,0.023556401953101158,0.00973951630294323,0.009739518165588379,0.660106897354126,0.8797047138214111,0.8233858346939087,0.6966602206230164,0.7966505289077759,0.5134166479110718,cond_0,cond_0,0.8818242849465312
11631558,3.667464081441061,0.4347399175167084,1.574605107307434,-1.361855149269104,-0.7903996706008911,0.43473997712135315,0.16508552432060242,0.35158395767211914,0.35158395767211914,0.06082870811223984,0.06082870811223984,2.372699022293091,2.8967394828796387,1.952917456626892,1.3591303825378418,2.483903408050537,1.90231454372406,cond_0,cond_0,5.394517634461628
20221273,0.7543977499008179,0.6783607602119446,1.3037993907928467,0.950057864189148,0.892906904220581,0.6783607602119446,0.04614703357219696,0.6470643877983093,0.6470643877983093,0.016988981515169144,0.016988981515169144,2.094344139099121,1.9080768823623657,0.798202395439148,0.7412813901901245,0.9173387289047241,1.0078636407852173,cond_0,cond_0,2.4814513029213847
50101523,0.9689241051673889,0.3108517527580261,1.5569877624511719,0.8815457820892334,1.2833893299102783,0.3108517527580261,0.1551176905632019,0.23684987425804138,0.23684987425804138,0.056808553636074066,0.056808553636074066,1.8265411853790283,1.762286901473999,0.9822014570236206,0.8311394453048706,1.2835626602172852,1.3228846788406372,cond_0,cond_0,2.6959776581879558
67725478,6.083675462995664,0.4346376955509186,1.0918997526168823,1.0702406167984009,-0.21640242636203766,0.4346376955509186,0.0042227813974022865,0.43155112862586975,0.43155112862586975,0.0015169449616223574,0.0015169449616223574,1.6218456029891968,1.6410874128341675,0.28025349974632263,0.5153937339782715,0.26243820786476135,0.6003636121749878,cond_0,cond_0,1.527543708836645
51400993,2.4596729278564453,0.1157829761505127,1.1094094514846802,-0.8613057136535645,0.6992437243461609,0.1157829761505127,0.005985214374959469,0.11059288680553436,0.11059288680553436,0.002106215339154005,0.0021062148734927177,1.6575371026992798,2.2681691646575928,1.905519723892212,1.3380812406539917,2.001915693283081,1.4386308193206787,cond_0,cond_0,4.186726480877012
18920002,5.425241474305288,0.03286902233958244,0.8261906504631042,0.5403239727020264,-0.6250127553939819,0.03286902606487274,0.01510484516620636,0.0305570550262928,0.0305570550262928,0.005296787247061729,0.005296787247061729,0.7550365924835205,0.861233651638031,0.8347766995429993,0.7020819783210754,0.807600200176239,0.5644974708557129,cond_0,cond_0,0.8691097201462687
21145740,5.22862941423525,0.14984777569770813,1.4308379888534546,0.7062816619873047,-1.244372844696045,0.14984777569770813,0.09281069040298462,0.10577531158924103,0.10577531158924103,0.03253703564405441,0.03253703564405441,1.4719877243041992,1.4612289667129517,1.0081952810287476,0.7896477580070496,1.2218948602676392,1.157589316368103,cond_0,cond_0,0.6724976600762309
20998065,1.6233025789260864,0.6352553963661194,0.4211263060569763,-0.022101640701293945,0.42054593563079834,0.6352554559707642,0.16754738986492157,0.5749229192733765,0.5749229192733765,0.05954225733876228,0.05954225733876228,1.732910394668579,2.131605625152588,1.480339527130127,1.0958694219589233,1.1748563051223755,0.6429577469825745,cond_0,cond_0,3.3503561319466533
8132197,5.680287424718038,0.3586236834526062,1.3511979579925537,1.1129761934280396,-0.7661722898483276,0.358623743057251,0.06166999787092209,0.32582053542137146,0.3258205056190491,0.021755512803792953,0.021755512803792953,1.5331919193267822,1.4759799242019653,0.604954183101654,0.6028445959091187,0.7099932432174683,0.913341760635376,cond_0,cond_0,1.124155670559019
50409370,0.3078881502151489,0.07617433369159698,1.0622940063476562,1.0123404264450073,0.3219248056411743,0.08987563103437424,0.0019402721663936973,0.0873834639787674,0.07687284052371979,0.0007121862145140767,0.000566472124774009,1.2831531763076782,0.6399320960044861,0.41156938672065735,1.1054271459579468,0.41004082560539246,1.1479661464691162,cond_0,cond_1,2.0349417032357158
20233939,4.965142790471212,0.08139587193727493,1.2082191705703735,0.30214083194732666,-1.1698310375213623,0.08139587193727493,0.021677615121006966,0.06895850598812103,0.06895850598812103,0.007642603013664484,0.007642602082341909,1.3211790323257446,1.4765994548797607,1.2286205291748047,0.9116545915603638,1.3428003787994385,1.0868382453918457,cond_0,cond_0,0.4090110363121928
52509923,3.608436886464254,0.26264363527297974,0.3849678337574005,-0.34377360343933105,-0.17326265573501587,0.26264363527297974,0.18913227319717407,0.19160237908363342,0.19160239398479462,0.06964705884456635,0.06964705884456635,1.2686985731124878,1.61388099193573,1.9676718711853027,1.3687310218811035,1.4101893901824951,0.7970139384269714,cond_0,cond_0,5.335490439484821
10277308,0.7794860005378723,0.2319800853729248,0.2915358245372772,0.2073621153831482,0.2049245983362198,0.2319800853729248,0.2509607672691345,0.1460275799036026,0.1460275799036026,0.09235380589962006,0.09235380589962006,0.8325092792510986,1.2471014261245728,0.8200430870056152,0.7516292333602905,0.9115535616874695,0.35598939657211304,cond_0,cond_0,2.506539553558439
5689621,6.0875690321074885,0.294034868478775,1.0819648504257202,1.06132972240448,-0.2103026956319809,0.294034868478775,0.003359116381034255,0.2904368042945862,0.2904368042945862,0.0012069278163835406,0.0012069278163835406,1.2997349500656128,1.1468122005462646,0.27803200483322144,0.515129029750824,0.26050230860710144,0.5909116864204407,cond_0,cond_0,1.531437277948469
20177982,6.216260764990942,0.019969746470451355,0.7352840304374695,0.7336380481719971,-0.04917182773351669,0.019969746470451355,0.03503727167844772,0.012046124786138535,0.01204612571746111,0.012669922783970833,0.012669922783970833,0.38821229338645935,0.40194714069366455,0.23087994754314423,0.513373851776123,0.4140709936618805,0.27319544553756714,cond_0,cond_0,1.6601290108319224
10510090,5.868891302739279,0.09162846207618713,0.777109682559967,0.7113667726516724,-0.3128206729888916,0.09162846952676773,0.02484004944562912,0.08623489737510681,0.08623488247394562,0.008830161765217781,0.008830161765217781,0.7500295639038086,0.8353409767150879,0.4394613802433014,0.5483337640762329,0.505638599395752,0.35715052485466003,cond_0,cond_0,1.3127595485802592
52311825,5.925672564898626,0.20047447085380554,0.800320565700531,0.7497164011001587,-0.28006845712661743,0.20047447085380554,0.019935939460992813,0.1964859813451767,0.1964859962463379,0.00710570951923728,0.00710570951923728,1.0172207355499268,1.2075330018997192,0.3925625681877136,0.536277711391449,0.4619860351085663,0.3614163398742676,cond_0,cond_0,1.3695408107396068
11612505,1.066863775253296,0.06196431443095207,0.641191840171814,0.30961424112319946,0.5614855289459229,0.06196431443095207,0.06437165290117264,0.044719140976667404,0.044719137251377106,0.02349030412733555,0.0234902985394001,0.844857394695282,1.0277704000473022,1.06358003616333,0.8725536465644836,0.9660278558731079,0.596062183380127,cond_0,cond_0,2.7939173282738627
21140119,5.305414203797476,0.11697621643543243,1.4262347221374512,0.7970829606056213,-1.1827105283737183,0.11697621643543243,0.0908380076289177,0.07311846315860748,0.07311846315860748,0.0318337045609951,0.0318337045609951,1.3279420137405396,1.225213646888733,0.9411734342575073,0.7547677755355835,1.1400353908538818,1.1196478605270386,cond_0,cond_0,0.7492824496384562
21411323,3.1673718134509485,0.5128475427627563,1.1790615320205688,-1.178669810295105,-0.030391737818717957,0.5128475427627563,0.016031518578529358,0.5032457113265991,0.5032457709312439,0.005822676233947277,0.005822676233947277,2.2230260372161865,2.693523645401001,2.021939516067505,1.4051377773284912,2.191688299179077,1.5751910209655762,cond_0,cond_0,4.894425366471515
20201891,5.515176180993215,0.2744594216346741,1.1883575916290283,0.854779839515686,-0.8255574703216553,0.2744594216346741,0.01773928850889206,0.26452329754829407,0.26452332735061646,0.0062295072712004185,0.0062295072712004185,1.4478877782821655,1.4834904670715332,0.7539190649986267,0.6646254658699036,0.807869017124176,0.825237512588501,cond_0,cond_0,0.959044426834196
20774339,5.814890001212255,0.0760071650147438,0.4691113233566284,0.41860634088516235,-0.21174080669879913,0.0760071650147438,0.14092141389846802,0.03172733262181282,0.031727325171232224,0.049974843859672546,0.049974843859672546,0.4785173833370209,0.7817914485931396,0.4857168197631836,0.5618069171905518,0.7127525806427002,0.20298483967781067,cond_0,cond_0,1.258758247053236
10205244,1.0522196292877197,0.22977375984191895,0.3920803368091583,0.19433242082595825,0.34053176641464233,0.22977378964424133,0.18478314578533173,0.16610398888587952,0.16610398888587952,0.06746941059827805,0.06746940314769745,0.9256113767623901,1.392865777015686,1.0515364408493042,0.8663693070411682,0.9611413478851318,0.45517945289611816,cond_0,cond_0,2.7792731823082866
75675336,0.760945737361908,0.1446739286184311,0.3453894853591919,0.25012558698654175,0.2381828874349594,0.1446739286184311,0.21425746381282806,0.07201629132032394,0.07201628386974335,0.07887084782123566,0.07887084782123566,0.711046040058136,1.0963996648788452,0.8039090633392334,0.7439759969711304,0.8816685080528259,0.3515537679195404,cond_0,cond_0,2.487999290382475
29821047,3.8529918829547327,0.5329746007919312,1.2169536352157593,-0.9217803478240967,-0.794542133808136,0.5329746007919312,0.023534443229436874,0.5214011073112488,0.5214012265205383,0.008668949827551842,0.008668949827551842,2.2898993492126465,2.637939691543579,1.8952317237854004,1.321828007698059,2.0884690284729004,1.524095892906189,cond_0,cond_0,5.5800454359753
8637647,3.581374708806173,0.12444327771663666,1.2751216888427734,-1.1537867784500122,-0.542873203754425,0.12444327771663666,0.03784596547484398,0.10283966362476349,0.10283966362476349,0.013931180350482464,0.013931180350482464,1.8746588230133057,2.422067403793335,1.9738495349884033,1.372761845588684,2.229456901550293,1.6330119371414185,cond_0,cond_0,5.30842826182674
61029627,4.052495543156759,0.45243972539901733,0.9443687796592712,-0.5789289474487305,-0.7461056709289551,0.45243972539901733,0.001547416322864592,0.4524647295475006,0.4524647295475006,0.0005677272565662861,0.0005677272565662861,1.8979177474975586,2.2680418491363525,1.8144972324371338,1.2700492143630981,1.7680007219314575,1.219443440437317,cond_0,cond_0,5.779549096177326
20153984,5.3502243796931666,0.11141432821750641,1.1994329690933228,0.7142117023468018,-0.9636083245277405,0.111414335668087,0.019886750727891922,0.09947913885116577,0.09947912395000458,0.006969659123569727,0.006969660520553589,1.2424795627593994,1.1695234775543213,0.9016125798225403,0.7347673773765564,0.9759102463722229,0.9024066925048828,cond_0,cond_0,0.7940926255341472
47236602,5.551672939454214,0.21948464214801788,1.0798007249832153,0.8035498261451721,-0.7213023900985718,0.2194846123456955,0.0031840777955949306,0.2169288694858551,0.21692891418933868,0.0011190490331500769,0.0011190485674887896,1.2836897373199463,1.3532053232192993,0.7209720611572266,0.6500964164733887,0.7376148700714111,0.7175899147987366,cond_0,cond_0,0.9955411852951945
20143248,5.199646178876058,0.31556588411331177,1.1487916707992554,0.5378689169883728,-1.0150957107543945,0.31556588411331177,0.01106947846710682,0.3077799081802368,0.30777987837791443,0.0038818269968032837,0.0038818283937871456,1.5465328693389893,1.6144567728042603,1.0332096815109253,0.802962064743042,1.0967994928359985,0.926608145236969,cond_0,cond_0,0.643514424717039
33477756,0.030967483296990395,0.04783641919493675,0.7199987769126892,0.7196535468101501,0.022292986512184143,0.047836415469646454,0.039200346916913986,0.038398705422878265,0.03839871287345886,0.01424099039286375,0.014240989461541176,0.4520588219165802,0.5745285749435425,0.2390626072883606,0.5209981799125671,0.42903468012809753,0.26912933588027954,cond_0,cond_0,1.7580210363175572
21117192,1.832136869430542,0.11790076643228531,0.9843215346336365,-0.25432491302490234,0.9508984088897705,0.11790074408054352,0.00012290687300264835,0.118136927485466,0.1181369423866272,4.33192981290631e-5,4.33192981290631e-5,1.4138550758361816,1.9044315814971924,1.6119598150253296,1.16945481300354,1.6007285118103027,1.1558326482772827,cond_0,cond_0,3.559190422451109
84732827,5.810586367045538,0.05067069083452225,1.0322275161743164,0.919083297252655,-0.4698719382286072,0.05067068338394165,0.0005193058168515563,0.049780409783124924,0.049780409783124924,0.00018412686767987907,0.00018412686767987907,0.7861107587814331,0.808820366859436,0.4894554615020752,0.5629600882530212,0.48913246393203735,0.5913616418838501,cond_0,cond_0,1.2544546128865184
87410220,2.9438652992248535,0.15493158996105194,0.7875816822052002,-0.7722361087799072,0.15471366047859192,0.15493157505989075,0.02256077527999878,0.15156567096710205,0.15156568586826324,0.008105208165943623,0.008105207234621048,1.5702229738235474,2.0966575145721436,2.0117244720458984,1.400010108947754,1.812302827835083,1.1995882987976074,cond_0,cond_0,4.67091885224542
50109477,5.278915111218588,0.17331495881080627,0.7588599324226379,0.4072832465171814,-0.6403036117553711,0.17331495881080627,0.02907427027821541,0.1655183881521225,0.1655183732509613,0.010189526714384556,0.010189526714384556,1.0662075281143188,1.1824342012405396,0.9644194841384888,0.7667291164398193,0.9089886546134949,0.580977737903595,cond_0,cond_0,0.7227833570595683
22776575,0.4854278564453125,0.10522370040416718,1.192983865737915,1.0551649332046509,0.5566306114196777,0.10522370040416718,0.018621383234858513,0.0918666422367096,0.0918666422367096,0.006858790758997202,0.00685878936201334,1.1237248182296753,0.7740707993507385,0.5622522830963135,0.6366986036300659,0.6036821007728577,0.8088254928588867,cond_0,cond_0,2.2124814094658793
69432088,5.058997456227438,0.6414381265640259,1.3146392107009888,0.44659602642059326,-1.2364579439163208,0.6414381861686707,0.049498919397592545,0.6168500185012817,0.6168498992919922,0.017403503879904747,0.017403503879904747,2.205254077911377,2.1481921672821045,1.1520285606384277,0.868144690990448,1.3198407888412476,1.1344009637832642,cond_0,cond_0,0.5028657020684184
82624422,5.306683901940481,0.17967680096626282,0.4345792829990387,0.2433316707611084,-0.36006784439086914,0.17967680096626282,0.15985026955604553,0.12927798926830292,0.12927798926830292,0.05601862072944641,0.05601862818002701,0.9495572447776794,1.2721258401870728,0.9400566220283508,0.7541968822479248,0.9094559550285339,0.3914884924888611,cond_0,cond_0,0.7505521477814616
89903942,3.406083885823385,0.12196508795022964,1.5278093814849854,-1.474680781364441,-0.3993973731994629,0.18620815873146057,0.13929139077663422,0.11338560283184052,0.09029339998960495,0.051063038408756256,0.03985574096441269,1.6905388832092285,2.764098882675171,2.0048704147338867,1.0656719207763672,2.5031027793884277,1.438708782196045,cond_0,cond_1,5.133137438843952
30282435,4.683918539677755,0.13815084099769592,0.6662647128105164,-0.018966317176818848,-0.6659947037696838,0.13815082609653473,0.05568962171673775,0.12365397065877914,0.12365397065877914,0.019866185262799263,0.019866185262799263,1.1469727754592896,1.5080596208572388,1.4425098896026611,1.0380735397338867,1.2556546926498413,0.7689512372016907,cond_0,cond_0,0.1277867855187358
20656964,2.413526773452759,0.20291690528392792,1.3395800590515137,-0.9999467134475708,0.8913928270339966,0.20291690528392792,0.05765730142593384,0.17143085598945618,0.17143085598945618,0.02026541903614998,0.02026541903614998,1.9519785642623901,2.3996529579162598,1.8896507024765015,1.3288171291351318,2.188074827194214,1.6407949924468994,cond_0,cond_0,4.140580326473326
89614402,0.5492623448371887,0.120344378054142,0.9940451979637146,0.8478308916091919,0.5189494490623474,0.120344378054142,1.7729804312693886e-5,0.12046496570110321,0.12046494334936142,6.533882697112858e-6,6.533882697112858e-6,1.085397481918335,1.0643887519836426,0.6181498765945435,0.6601183414459229,0.617506206035614,0.6549701690673828,cond_0,cond_0,2.2763158978577556
20956867,4.5871352593051355,0.27684712409973145,0.6704516410827637,-0.08375716209411621,-0.665199339389801,0.27684712409973145,0.05430106818675995,0.2594745457172394,0.259474515914917,0.019463786855340004,0.019463783130049706,1.3567225933074951,1.775026559829712,1.5099520683288574,1.0791635513305664,1.3093198537826538,0.8084173202514648,cond_0,cond_0,0.03100350514611616
15115927,5.253151480351583,0.019726093858480453,1.0039639472961426,0.5168304443359375,-0.8607147932052612,0.0197260994464159,7.8564953582827e-6,0.01965269260108471,0.01965269260108471,2.7538235372048803e-6,2.7538585527508985e-6,0.8512915372848511,1.0565224885940552,0.9869051575660706,0.7784388661384583,0.9882886409759521,0.7816686034202576,cond_0,cond_0,0.6970197261925639
10438999,5.168936196957723,0.25983282923698425,1.2205950021743774,0.5381011962890625,-1.0955816507339478,0.25983285903930664,0.02433107979595661,0.24745483696460724,0.24745483696460724,0.008535841479897499,0.00853583961725235,1.5719152688980103,1.6048409938812256,1.0595289468765259,0.8171327114105225,1.1616989374160767,1.0019022226333618,cond_0,cond_0,0.612804442798704
20646778,5.282947365437643,0.15846198797225952,1.5264848470687866,0.824457585811615,-1.284688949584961,0.15846198797225952,0.1385931521654129,0.09585839509963989,0.0958583876490593,0.04857143759727478,0.04857143759727478,1.4404802322387695,1.405838966369629,0.9608897566795349,0.7649033069610596,1.224966287612915,1.2183012962341309,cond_0,cond_0,0.7268156112786235
50405330,5.199375931416647,0.21322500705718994,0.2860453724861145,0.1338592767715454,-0.25279170274734497,0.21322503685951233,0.2548655867576599,0.12566640973091125,0.12566640973091125,0.0893760398030281,0.0893760398030281,0.8913953304290771,1.3592482805252075,1.0334422588348389,0.803086519241333,0.9786460995674133,0.3983297348022461,cond_0,cond_0,0.6432441772576274
20139850,0.6341170072555542,0.3073491156101227,1.3597146272659302,1.0953795909881592,0.8055852651596069,0.3073491156101227,0.06469731032848358,0.2679194509983063,0.2679194509983063,0.02384428307414055,0.02384427934885025,1.6435407400131226,1.3148658275604248,0.6927796602249146,0.6927866339683533,0.8272890448570251,1.0129435062408447,cond_0,cond_0,2.361170560276121
71727427,0.6537401676177979,0.13202854990959167,1.0833927392959595,0.8600131273269653,0.6588757038116455,0.13202854990959167,0.003477176185697317,0.12909428775310516,0.12909430265426636,0.0012814132496714592,0.0012814116198569536,1.1752851009368896,1.1961250305175781,0.7100338339805603,0.7005466818809509,0.7296088337898254,0.7726782560348511,cond_0,cond_0,2.3807937206383647
15114174,0.606704592704773,0.22919483482837677,1.0197148323059082,0.8377277851104736,0.5814039707183838,0.31695908308029175,0.00019433742272667587,0.316270649433136,0.22967246174812317,7.162709516705945e-5,6.382267747540027e-5,1.0480958223342896,1.2926815748214722,0.6686630845069885,1.131250023841858,0.6719329953193665,1.145609974861145,cond_0,cond_1,2.33375814572534
21411459,5.576859001313345,0.349674791097641,0.9675619602203369,0.7360740900039673,-0.6279897093772888,0.3496747612953186,0.0005261125043034554,0.3500675559043884,0.3500676155090332,0.00018501772137824446,0.00018501757585909218,1.4159507751464844,1.429673433303833,0.6982185244560242,0.6403324007987976,0.6941691637039185,0.6132643818855286,cond_0,cond_0,1.0207272471543254
20569910,0.3190477788448334,0.3011392652988434,0.6678585410118103,0.634154736995697,0.20948220789432526,0.3011392652988434,0.05515897646546364,0.2900426685810089,0.2900426387786865,0.020252447575330734,0.020252445712685585,1.265872836112976,1.1138931512832642,0.4206599295139313,0.5820841789245605,0.5489035844802856,0.30651697516441345,cond_0,cond_0,2.0461013318654
10557081,2.435981035232544,0.16214819252490997,0.7862842082977295,-0.5985313653945923,0.5099049210548401,0.09531344473361969,0.022837214171886444,0.09130401909351349,0.15763209760189056,0.008031317964196205,0.005072920583188534,1.2930814027786255,1.8118547201156616,1.8974926471710205,0.9508861303329468,1.7123372554779053,0.8459453582763672,cond_0,cond_1,4.163034588253111
36492755,0.7687031626701355,0.4813438355922699,1.4002859592437744,1.006543517112732,0.9734839200973511,0.584766149520874,0.08011442422866821,0.5417051315307617,0.43820720911026,0.029487499967217445,0.027442848309874535,1.7163290977478027,1.8481314182281494,0.8106642365455627,1.1387577056884766,0.9848501682281494,1.4533774852752686,cond_0,cond_1,2.4957567156907023
4879843,0.17908576130867004,0.15582245588302612,0.7444918751716614,0.7325851917266846,0.13261635601520538,0.2186538726091385,0.032642193138599396,0.2101399153470993,0.15523850917816162,0.011931617744266987,0.00896656233817339,1.559391975402832,1.2207365036010742,0.3144407570362091,1.0919939279556274,0.44416332244873047,0.9350387454032898,cond_0,cond_1,1.906139314329237
50404163,0.27845239639282227,0.1576320230960846,0.1858481615781784,0.17868965864181519,0.05108370631933212,0.1576320081949234,0.3314216136932373,0.03886363282799721,0.03886363282799721,0.12154775857925415,0.12154775857925415,0.43506529927253723,1.033956527709961,0.38798728585243225,0.5705410242080688,0.9149888157844543,0.3106364905834198,cond_0,cond_0,2.005505949413389
50301099,0.5427485704421997,0.33726149797439575,1.471779704093933,1.2602736949920654,0.7601617574691772,0.4082779288291931,0.11128804832696915,0.3554818630218506,0.2659972310066223,0.041010625660419464,0.03577820584177971,2.2573177814483643,1.6314516067504883,0.6124300360679626,1.126800298690796,0.8014954328536987,1.4867523908615112,cond_0,cond_1,2.2698021234627666
77891596,5.751416508351461,0.12451362609863281,1.0116255283355713,0.8719316720962524,-0.512953519821167,0.16506479680538177,6.757673691026866e-5,0.16474434733390808,0.12442119419574738,2.3902066459413618e-5,1.472812164138304e-5,1.2011475563049316,0.9856579899787903,0.5414422750473022,1.0518771409988403,0.541692852973938,1.0584827661514282,cond_0,cond_1,1.1952847541924418
20983400,5.723284665738241,0.45338377356529236,0.8302609920501709,0.7034866809844971,-0.44095325469970703,0.45338377356529236,0.014405664056539536,0.45236048102378845,0.45236048102378845,0.005089796148240566,0.005089796148240566,1.5980244874954224,1.5044641494750977,0.566460371017456,0.5886805057525635,0.5827233791351318,0.4468442499637604,cond_0,cond_0,1.1671529115792216
22868024,6.255533082653777,0.17670086026191711,0.952578067779541,0.9522138833999634,-0.02633754536509514,0.17670086026191711,0.0011244203196838498,0.17731468379497528,0.1773146688938141,0.00040737417293712497,0.00040737417293712497,1.0168370008468628,1.0119003057479858,0.2292589396238327,0.5155255794525146,0.25370773673057556,0.47162020206451416,cond_0,cond_0,1.6994013284947576
20927178,0.5363565683364868,0.19965147972106934,1.0836654901504517,0.9314931035041809,0.5537613034248352,0.19965147972106934,0.0034999579656869173,0.19577869772911072,0.19577869772911072,0.001289715408347547,0.001289714709855616,1.3511502742767334,1.07602059841156,0.6068196892738342,0.6552948355674744,0.6206018328666687,0.728633463382721,cond_0,cond_0,2.2634101213570537
82684406,0.05154641717672348,0.19916000962257385,0.7232826948165894,0.7223219871520996,0.037266120314598083,0.19916000962257385,0.03828622028231621,0.18925225734710693,0.18925225734710693,0.013921758159995079,0.013921758159995079,0.9356966018676758,1.094591736793518,0.24571672081947327,0.5235415697097778,0.4288613796234131,0.27512335777282715,cond_0,cond_0,1.7785999701972903
20779834,0.3120870292186737,0.04440610110759735,1.112915277481079,1.0591557025909424,0.34171563386917114,0.04440609738230705,0.006374926306307316,0.03939683362841606,0.03939683362841606,0.0023402138613164425,0.0023402138613164425,0.8612738847732544,0.6490504741668701,0.4149808883666992,0.5800482630729675,0.41893839836120605,0.6823063492774963,cond_0,cond_0,2.0391405822392406
37178462,2.274456024169922,0.17406463623046875,1.2322875261306763,-0.7973054647445679,0.9395938515663147,0.17406465113162994,0.026978742331266403,0.15823185443878174,0.15823186933994293,0.009459631517529488,0.009459631517529488,1.8487144708633423,2.3264691829681396,1.8360861539840698,1.2976596355438232,2.033409833908081,1.5086880922317505,cond_0,cond_0,4.001509577190489
8109170,2.9660439491271973,0.15036225318908691,0.6305899620056152,-0.6208983659744263,0.11013148725032806,0.1503622680902481,0.06823188066482544,0.1302376389503479,0.1302376687526703,0.024540487676858902,0.024540487676858902,1.3989417552947998,1.811453104019165,2.0138590335845947,1.4012089967727661,1.6667649745941162,1.0525764226913452,cond_0,cond_0,4.693097502147764
24747976,0.22229696810245514,0.09210201352834702,0.931475818157196,0.9085555672645569,0.20536307990550995,0.09210201352834702,0.0023477801587432623,0.09242556244134903,0.09242556244134903,0.0008594976970925927,0.0008594976970925927,0.8011388182640076,0.8624461889266968,0.34502682089805603,0.5559770464897156,0.36366841197013855,0.49418386816978455,cond_0,cond_0,1.949350521123022
20907246,0.037915315479040146,0.27278202772140503,0.626758873462677,0.6263084411621094,0.023758068680763245,0.27278202772140503,0.06965447962284088,0.25269830226898193,0.2526983320713043,0.02531253919005394,0.02531253919005394,1.1425331830978394,1.205046534538269,0.24113576114177704,0.5218215584754944,0.5084279179573059,0.19554893672466278,cond_0,cond_0,1.764968868499607
11632851,1.8365823030471802,0.12955103814601898,0.24713249504566193,-0.06491374969482422,0.23845477402210236,0.16643531620502472,0.28340476751327515,0.06979423761367798,0.0694698765873909,0.09987412393093109,0.08049391955137253,0.6196753978729248,1.28927743434906,1.614592432975769,1.030420184135437,1.1648744344711304,0.6895669102668762,cond_0,cond_1,3.563635856067747
10901987,5.762998227273123,0.08331376314163208,0.9848760366439819,0.8546027541160583,-0.4895252585411072,0.08331377804279327,0.00011436702334322035,0.08355756103992462,0.08355756103992462,4.0470327803632244e-5,4.0470327803632244e-5,0.8730871677398682,0.9102732539176941,0.5311915278434753,0.5764475464820862,0.5313467383384705,0.5633247494697571,cond_0,cond_0,1.2068664731141032
77330002,6.07430282631983,0.07018636167049408,0.5601441264152527,0.5479684472084045,-0.11615531146526337,0.07018635421991348,0.0967366099357605,0.04003515839576721,0.04003515839576721,0.03473414108157158,0.03473414108157158,0.3858490288257599,0.8101471662521362,0.2857462763786316,0.5160819888114929,0.5802738666534424,0.14974446594715118,cond_0,cond_0,1.5181710721608104
37065652,5.603452269230978,0.11540041118860245,1.051140546798706,0.8175146579742432,-0.6607316732406616,0.11540039628744125,0.0013076774775981903,0.11375579982995987,0.11375579982995987,0.0004602041153702885,0.0004602041153702885,1.0992153882980347,0.869947612285614,0.6741949915885925,0.6302752494812012,0.682300329208374,0.6737075448036194,cond_0,cond_0,1.0473205150719584
54104440,5.672319475804464,0.24879591166973114,0.8250612616539001,0.6758503317832947,-0.4732361435890198,0.24879591166973114,0.015301784500479698,0.24708104133605957,0.24708104133605957,0.005396588705480099,0.005396588705480099,1.2825686931610107,1.1412948369979858,0.6121134757995605,0.6055677533149719,0.6209404468536377,0.46135130524635315,cond_0,cond_0,1.1161877216454448
51520126,3.144400421773092,0.2511444687843323,1.1009632349014282,-1.1009589433670044,-0.0030913203954696655,0.25114449858665466,0.005096785258501768,0.245746448636055,0.245746448636055,0.0018492068629711866,0.0018492068629711866,1.9193837642669678,2.5555384159088135,2.02205228805542,1.4053304195404053,2.117727518081665,1.5011686086654663,cond_0,cond_0,4.871453974793659
10315029,0.08477601408958435,0.1418883055448532,0.8026925921440125,0.7998098731040955,0.06796759366989136,0.1418883055448532,0.019465109333395958,0.13798949122428894,0.13798949122428894,0.00708822812885046,0.00708822812885046,0.8246611952781677,0.9582951664924622,0.2595130205154419,0.5283064246177673,0.37364569306373596,0.34957075119018555,cond_0,cond_0,1.8118295671101512
11331231,2.3814103603363037,0.34897881746292114,1.2892550230026245,-0.9343365430831909,0.8883657455444336,0.34897881746292114,0.041834235191345215,0.3263242840766907,0.3263242840766907,0.014693288132548332,0.014693288132548332,2.048964023590088,2.4829659461975098,1.8780407905578613,1.322048544883728,2.1302363872528076,1.5870567560195923,cond_0,cond_0,4.108463913356871
46910335,0.5720871090888977,0.041895464062690735,1.3645285367965698,1.1472585201263428,0.7387393116950989,0.04189546778798103,0.06644052267074585,0.006295323371887207,0.006295323371887207,0.02448701672255993,0.02448701485991478,1.0894134044647217,0.8471277952194214,0.6382099986076355,0.6687495112419128,0.7678914666175842,0.9951517581939697,cond_0,cond_0,2.2991406621094646
51668135,5.648314301167623,0.1609892100095749,1.0359718799591064,0.8341108560562134,-0.6144075989723206,0.1609892100095749,0.0006469878135249019,0.1598626971244812,0.1598627120256424,0.00022799803991802037,0.00022799803991802037,1.1199716329574585,0.9339396953582764,0.6337184309959412,0.6139477491378784,0.6379597783088684,0.6446719169616699,cond_0,cond_0,1.092182547008604
21123636,5.99411175051798,0.4326561391353607,1.019560694694519,0.9772574305534363,-0.29064035415649414,0.4326561987400055,0.000191310842637904,0.43225908279418945,0.43225908279418945,6.841619324404746e-5,6.841619324404746e-5,1.5338585376739502,1.67367684841156,0.3396432101726532,0.524852454662323,0.3356616497039795,0.542669951915741,cond_0,cond_0,1.437979996358961
